qtl_key	locus	gene_symbol	gene_id	dataset_label	qtl_type	gwas_trait	p12	PP.H4	status	message	nsnps	PP.H0	PP.H1	PP.H2	PP.H3	idx1	idx2
block154__QTD000146__ENSG00000118197__ENSG00000118197	block154	DDX59	ENSG00000118197	GTEx_amygdala_eQTL	eQTL	Howard_DEP			not_screened_by_abf_gate								
block154__QTD000146__ENSG00000118197__ENSG00000118197	block154	DDX59	ENSG00000118197	GTEx_amygdala_eQTL	eQTL	FinnGen_DEP			not_screened_by_abf_gate								
block154__QTD000146__ENSG00000118197__ENSG00000118197	block154	DDX59	ENSG00000118197	GTEx_amygdala_eQTL	eQTL	deLange_IBD	1e-05	0.00108875056392092	ok		1819	1.37690590214388e-16	0.0270251108240909	4.95168093216789e-15	0.971886138611982	1	1
block154__QTD000146__ENSG00000118197__ENSG00000118197	block154	DDX59	ENSG00000118197	GTEx_amygdala_eQTL	eQTL	deLange_IBD	1e-06	0.000108981845032806	ok		1819	1.37825642185476e-16	0.0270516180420495	4.95653772208392e-15	0.972839400112915	1	1
block154__QTD000146__ENSG00000118197__ENSG00000118197	block154	DDX59	ENSG00000118197	GTEx_amygdala_eQTL	eQTL	FinnGen_IBD	1e-05	0.00121448837613159	ok		1819	5.0299536902384e-11	0.0270217123972754	1.80889091541118e-09	0.971763797367404	1	1
block154__QTD000146__ENSG00000118197__ENSG00000118197	block154	DDX59	ENSG00000118197	GTEx_amygdala_eQTL	eQTL	FinnGen_IBD	1e-05	0.0165442849713243	ok		1819	0.000690451369322846	0.0259169352694477	0.0248302725316366	0.932018055858268	2	1
block154__QTD000146__ENSG00000118197__ENSG00000118197	block154	DDX59	ENSG00000118197	GTEx_amygdala_eQTL	eQTL	FinnGen_IBD	1e-06	0.00012158173125258	ok		1819	5.03545764453841e-11	0.0270512805164474	1.81087026821346e-09	0.972827135891075	1	1
block154__QTD000146__ENSG00000118197__ENSG00000118197	block154	DDX59	ENSG00000118197	GTEx_amygdala_eQTL	eQTL	FinnGen_IBD	1e-06	0.00167943504389373	ok		1819	0.000700887483354553	0.0263086675533443	0.0252055800001881	0.946105429919219	2	1
block154__QTD000146__ENSG00000260088__ENSG00000260088	block154	RP11-92G12.3	ENSG00000260088	GTEx_amygdala_eQTL	eQTL	Howard_DEP			not_screened_by_abf_gate								
block154__QTD000146__ENSG00000260088__ENSG00000260088	block154	RP11-92G12.3	ENSG00000260088	GTEx_amygdala_eQTL	eQTL	FinnGen_DEP			not_screened_by_abf_gate								
block154__QTD000146__ENSG00000260088__ENSG00000260088	block154	RP11-92G12.3	ENSG00000260088	GTEx_amygdala_eQTL	eQTL	deLange_IBD	1e-05	3.03064270888933e-13	ok		1819	7.60958321093753e-26	1.49356487818468e-11	5.09491306468757e-15	0.999999999984759	1	1
block154__QTD000146__ENSG00000260088__ENSG00000260088	block154	RP11-92G12.3	ENSG00000260088	GTEx_amygdala_eQTL	eQTL	deLange_IBD	1e-05	0.00838019850856308	ok		1819	1.13096059902854e-15	0.221978389945436	3.92129877925291e-15	0.769641411545995	1	2
block154__QTD000146__ENSG00000260088__ENSG00000260088	block154	RP11-92G12.3	ENSG00000260088	GTEx_amygdala_eQTL	eQTL	deLange_IBD	1e-06	3.03064270889015e-14	ok		1819	7.60958321093959e-26	1.49356487818508e-11	5.09491306468895e-15	0.999999999985029	1	1
block154__QTD000146__ENSG00000260088__ENSG00000260088	block154	RP11-92G12.3	ENSG00000260088	GTEx_amygdala_eQTL	eQTL	deLange_IBD	1e-06	0.000844388378866212	ok		1819	1.13955532890952e-15	0.2236653137009	3.95109867132629e-15	0.775490297920229	1	2
block154__QTD000146__ENSG00000260088__ENSG00000260088	block154	RP11-92G12.3	ENSG00000260088	GTEx_amygdala_eQTL	eQTL	FinnGen_IBD	1e-05	1.08153714281584e-10	ok		1819	2.78019469876351e-20	1.49356487524355e-11	1.86144889942799e-09	0.999999998015461	1	1
block154__QTD000146__ENSG00000260088__ENSG00000260088	block154	RP11-92G12.3	ENSG00000260088	GTEx_amygdala_eQTL	eQTL	FinnGen_IBD	1e-05	0.00556886061329903	ok		1819	3.85418107423212e-13	1.44671393027389e-11	0.0258052471001989	0.968625892271648	2	1
block154__QTD000146__ENSG00000260088__ENSG00000260088	block154	RP11-92G12.3	ENSG00000260088	GTEx_amygdala_eQTL	eQTL	FinnGen_IBD	1e-05	0.01164176697021	ok		1819	4.11843726197706e-10	0.221249009579037	1.42795628969677e-09	0.767109221610955	1	2
block154__QTD000146__ENSG00000260088__ENSG00000260088	block154	RP11-92G12.3	ENSG00000260088	GTEx_amygdala_eQTL	eQTL	FinnGen_IBD	1e-05	0.00688876004176245	ok		1819	0.00576890810209468	0.216543010123962	0.0200021223708388	0.750797199361343	2	2
block154__QTD000146__ENSG00000260088__ENSG00000260088	block154	RP11-92G12.3	ENSG00000260088	GTEx_amygdala_eQTL	eQTL	FinnGen_IBD	1e-06	1.08153714292112e-11	ok		1819	2.78019469903413e-20	1.49356487538893e-11	1.86144889960918e-09	0.999999998112798	1	1
block154__QTD000146__ENSG00000260088__ENSG00000260088	block154	RP11-92G12.3	ENSG00000260088	GTEx_amygdala_eQTL	eQTL	FinnGen_IBD	1e-06	0.000559691219478894	ok		1819	3.87359543598189e-13	1.45400134802874e-11	0.0259352338321651	0.97350507493343	2	1
block154__QTD000146__ENSG00000260088__ENSG00000260088	block154	RP11-92G12.3	ENSG00000260088	GTEx_amygdala_eQTL	eQTL	FinnGen_IBD	1e-06	0.00117650361990529	ok		1819	4.16204546910067e-10	0.223591711925068	1.44307625139182e-09	0.775231782595745	1	2
block154__QTD000146__ENSG00000260088__ENSG00000260088	block154	RP11-92G12.3	ENSG00000260088	GTEx_amygdala_eQTL	eQTL	FinnGen_IBD	1e-06	0.000693173600114874	ok		1819	0.00580489779527542	0.217893927205128	0.0201269068594024	0.75548109454008	2	2
block154__QTD000150__ENSG00000260088__1:200690430:200693694:clu_51747_+	block154	RP11-92G12.3	ENSG00000260088	GTEx_amygdala_sQTL	sQTL	Howard_DEP			not_screened_by_abf_gate								
block154__QTD000150__ENSG00000260088__1:200690430:200693694:clu_51747_+	block154	RP11-92G12.3	ENSG00000260088	GTEx_amygdala_sQTL	sQTL	FinnGen_DEP			not_screened_by_abf_gate								
block154__QTD000150__ENSG00000260088__1:200690430:200693694:clu_51747_+	block154	RP11-92G12.3	ENSG00000260088	GTEx_amygdala_sQTL	sQTL	deLange_IBD	1e-05		not_estimable	no_signal_pair							
block154__QTD000150__ENSG00000260088__1:200690430:200693694:clu_51747_+	block154	RP11-92G12.3	ENSG00000260088	GTEx_amygdala_sQTL	sQTL	deLange_IBD	1e-06		not_estimable	no_signal_pair							
block154__QTD000150__ENSG00000260088__1:200690430:200693694:clu_51747_+	block154	RP11-92G12.3	ENSG00000260088	GTEx_amygdala_sQTL	sQTL	FinnGen_IBD	1e-05		not_estimable	no_signal_pair							
block154__QTD000150__ENSG00000260088__1:200690430:200693694:clu_51747_+	block154	RP11-92G12.3	ENSG00000260088	GTEx_amygdala_sQTL	sQTL	FinnGen_IBD	1e-06		not_estimable	no_signal_pair							
block154__QTD000226__ENSG00000118197__ENSG00000118197	block154	DDX59	ENSG00000118197	GTEx_colon_sigmoid_eQTL	eQTL	Howard_DEP			not_screened_by_abf_gate								
block154__QTD000226__ENSG00000118197__ENSG00000118197	block154	DDX59	ENSG00000118197	GTEx_colon_sigmoid_eQTL	eQTL	FinnGen_DEP			not_screened_by_abf_gate								
block154__QTD000226__ENSG00000118197__ENSG00000118197	block154	DDX59	ENSG00000118197	GTEx_colon_sigmoid_eQTL	eQTL	deLange_IBD	1e-05	2.33924215092527e-11	ok		1954	8.87279981654026e-25	2.53503481444374e-10	3.50007020161207e-15	0.999999999723101	1	1
block154__QTD000226__ENSG00000118197__ENSG00000118197	block154	DDX59	ENSG00000118197	GTEx_colon_sigmoid_eQTL	eQTL	deLange_IBD	1e-06	2.33924215097453e-12	ok		1954	8.87279981672706e-25	2.53503481449711e-10	3.50007020168576e-15	0.999999999744155	1	1
block154__QTD000226__ENSG00000118197__ENSG00000118197	block154	DDX59	ENSG00000118197	GTEx_colon_sigmoid_eQTL	eQTL	FinnGen_IBD	1e-05	2.53125958992032e-10	ok		1954	4.36212810700424e-19	2.53503480949978e-10	1.72073696224709e-09	0.999999997772633	1	1
block154__QTD000226__ENSG00000118197__ENSG00000118197	block154	DDX59	ENSG00000118197	GTEx_colon_sigmoid_eQTL	eQTL	FinnGen_IBD	1e-05	0.0153527242926668	ok		1954	6.17949863966486e-12	2.43435905721752e-10	0.0243763856920046	0.960270889765713	2	1
block154__QTD000226__ENSG00000118197__ENSG00000118197	block154	DDX59	ENSG00000118197	GTEx_colon_sigmoid_eQTL	eQTL	FinnGen_IBD	1e-06	2.53125959049698e-11	ok		1954	4.362128107998e-19	2.53503481007729e-10	1.7207369626391e-09	0.999999998000447	1	1
block154__QTD000226__ENSG00000118197__ENSG00000118197	block154	DDX59	ENSG00000118197	GTEx_colon_sigmoid_eQTL	eQTL	FinnGen_IBD	1e-06	0.00155678320628122	ok		1954	6.26607989701407e-12	2.46846698090253e-10	0.0247179244228809	0.973725292117725	2	1
block154__QTD000226__ENSG00000118200__ENSG00000118200	block154	CAMSAP2	ENSG00000118200	GTEx_colon_sigmoid_eQTL	eQTL	Howard_DEP			not_screened_by_abf_gate								
block154__QTD000226__ENSG00000118200__ENSG00000118200	block154	CAMSAP2	ENSG00000118200	GTEx_colon_sigmoid_eQTL	eQTL	FinnGen_DEP			not_screened_by_abf_gate								
block154__QTD000226__ENSG00000118200__ENSG00000118200	block154	CAMSAP2	ENSG00000118200	GTEx_colon_sigmoid_eQTL	eQTL	deLange_IBD	1e-05		not_estimable	no_signal_pair							
block154__QTD000226__ENSG00000118200__ENSG00000118200	block154	CAMSAP2	ENSG00000118200	GTEx_colon_sigmoid_eQTL	eQTL	deLange_IBD	1e-06		not_estimable	no_signal_pair							
block154__QTD000226__ENSG00000118200__ENSG00000118200	block154	CAMSAP2	ENSG00000118200	GTEx_colon_sigmoid_eQTL	eQTL	FinnGen_IBD	1e-05		not_estimable	no_signal_pair							
block154__QTD000226__ENSG00000118200__ENSG00000118200	block154	CAMSAP2	ENSG00000118200	GTEx_colon_sigmoid_eQTL	eQTL	FinnGen_IBD	1e-06		not_estimable	no_signal_pair							
block154__QTD000226__ENSG00000260088__ENSG00000260088	block154	RP11-92G12.3	ENSG00000260088	GTEx_colon_sigmoid_eQTL	eQTL	Howard_DEP			not_screened_by_abf_gate								
block154__QTD000226__ENSG00000260088__ENSG00000260088	block154	RP11-92G12.3	ENSG00000260088	GTEx_colon_sigmoid_eQTL	eQTL	FinnGen_DEP			not_screened_by_abf_gate								
block154__QTD000226__ENSG00000260088__ENSG00000260088	block154	RP11-92G12.3	ENSG00000260088	GTEx_colon_sigmoid_eQTL	eQTL	deLange_IBD	1e-05	4.38942178209072e-15	ok		1954	5.71339129126517e-30	1.63236477001286e-15	3.50007020258106e-15	0.999999999999986	1	1
block154__QTD000226__ENSG00000260088__ENSG00000260088	block154	RP11-92G12.3	ENSG00000260088	GTEx_colon_sigmoid_eQTL	eQTL	deLange_IBD	1e-06	4.38942178209079e-16	ok		1954	5.71339129126525e-30	1.63236477001288e-15	3.50007020258111e-15	1	1	1
block154__QTD000226__ENSG00000260088__ENSG00000260088	block154	RP11-92G12.3	ENSG00000260088	GTEx_colon_sigmoid_eQTL	eQTL	FinnGen_IBD	1e-05	1.01702465593232e-10	ok		1954	2.80887039676809e-24	1.63236476703815e-15	1.7207369629436e-09	0.999999998177557	1	1
block154__QTD000226__ENSG00000260088__ENSG00000260088	block154	RP11-92G12.3	ENSG00000260088	GTEx_colon_sigmoid_eQTL	eQTL	FinnGen_IBD	1e-05	0.00546002830087771	ok		1954	4.01905267137393e-17	1.58327039821535e-15	0.0246210451561155	0.969918926543004	2	1
block154__QTD000226__ENSG00000260088__ENSG00000260088	block154	RP11-92G12.3	ENSG00000260088	GTEx_colon_sigmoid_eQTL	eQTL	FinnGen_IBD	1e-06	1.01702465602541e-11	ok		1954	2.8088703970252e-24	1.63236476718757e-15	1.7207369631011e-09	0.999999998269089	1	1
block154__QTD000226__ENSG00000260088__ENSG00000260088	block154	RP11-92G12.3	ENSG00000260088	GTEx_colon_sigmoid_eQTL	eQTL	FinnGen_IBD	1e-06	0.000548699151695003	ok		1954	4.03889992849654e-17	1.59108905033499e-15	0.0247426310754346	0.974708669772868	2	1
block154__QTD000230__ENSG00000260088__1:200690430:200693753:clu_50348_+	block154	RP11-92G12.3	ENSG00000260088	GTEx_colon_sigmoid_sQTL	sQTL	Howard_DEP			not_screened_by_abf_gate								
block154__QTD000230__ENSG00000260088__1:200690430:200693753:clu_50348_+	block154	RP11-92G12.3	ENSG00000260088	GTEx_colon_sigmoid_sQTL	sQTL	FinnGen_DEP			not_screened_by_abf_gate								
block154__QTD000230__ENSG00000260088__1:200690430:200693753:clu_50348_+	block154	RP11-92G12.3	ENSG00000260088	GTEx_colon_sigmoid_sQTL	sQTL	deLange_IBD	1e-05	4.6460580201941e-07	ok		1954	9.84977557962005e-20	2.81416514798943e-05	3.49997008029854e-15	0.999971393742712	1	1
block154__QTD000230__ENSG00000260088__1:200690430:200693753:clu_50348_+	block154	RP11-92G12.3	ENSG00000260088	GTEx_colon_sigmoid_sQTL	sQTL	deLange_IBD	1e-06	4.64605996292189e-08	ok		1954	9.84977969825839e-20	2.81416632471964e-05	3.49997154379493e-15	0.999971811876151	1	1
block154__QTD000230__ENSG00000260088__1:200690430:200693753:clu_50348_+	block154	RP11-92G12.3	ENSG00000260088	GTEx_colon_sigmoid_sQTL	sQTL	FinnGen_IBD	1e-05	4.68077425269917e-07	ok		1954	4.84243797367075e-14	2.81416513338703e-05	1.72068773410601e-09	0.999971388550506	1	1
block154__QTD000230__ENSG00000260088__1:200690430:200693753:clu_50348_+	block154	RP11-92G12.3	ENSG00000260088	GTEx_colon_sigmoid_sQTL	sQTL	FinnGen_IBD	1e-05	0.00118354221032748	ok		1954	6.95853544758988e-07	2.74125374558352e-05	0.0247261124605246	0.974062236938147	2	1
block154__QTD000230__ENSG00000260088__1:200690430:200693753:clu_50348_+	block154	RP11-92G12.3	ENSG00000260088	GTEx_colon_sigmoid_sQTL	sQTL	FinnGen_IBD	1e-06	4.68077622456828e-08	ok		1954	4.84244001364392e-14	2.81416631890998e-05	1.72068845897989e-09	0.999971809808313	1	1
block154__QTD000230__ENSG00000260088__1:200690430:200693753:clu_50348_+	block154	RP11-92G12.3	ENSG00000260088	GTEx_colon_sigmoid_sQTL	sQTL	FinnGen_IBD	1e-06	0.00011848042495838	ok		1954	6.96595549972214e-07	2.74417680976177e-05	0.0247524785033316	0.975100902708061	2	1
block154__QTD000231__ENSG00000118197__ENSG00000118197	block154	DDX59	ENSG00000118197	GTEx_colon_transverse_eQTL	eQTL	Howard_DEP			not_screened_by_abf_gate								
block154__QTD000231__ENSG00000118197__ENSG00000118197	block154	DDX59	ENSG00000118197	GTEx_colon_transverse_eQTL	eQTL	FinnGen_DEP			not_screened_by_abf_gate								
block154__QTD000231__ENSG00000118197__ENSG00000118197	block154	DDX59	ENSG00000118197	GTEx_colon_transverse_eQTL	eQTL	deLange_IBD	1e-05	1.45465035041278e-16	ok		1972	1.20338043020818e-38	3.66984350463057e-24	3.27910557681759e-15	1	1	1
block154__QTD000231__ENSG00000118197__ENSG00000118197	block154	DDX59	ENSG00000118197	GTEx_colon_transverse_eQTL	eQTL	deLange_IBD	1e-06	1.45465035041278e-17	ok		1972	1.20338043020818e-38	3.66984350463057e-24	3.27910557681759e-15	1	1	1
block154__QTD000231__ENSG00000118197__ENSG00000118197	block154	DDX59	ENSG00000118197	GTEx_colon_transverse_eQTL	eQTL	FinnGen_IBD	1e-05	2.22708931289577e-10	ok		1972	6.30456935402704e-33	3.6698434975095e-24	1.71793956501743e-09	0.999999998059351	1	1
block154__QTD000231__ENSG00000118197__ENSG00000118197	block154	DDX59	ENSG00000118197	GTEx_colon_transverse_eQTL	eQTL	FinnGen_IBD	1e-05	0.0150669806326408	ok		1972	8.82593661913674e-26	3.5263459708911e-24	0.0240498991523762	0.960883120214987	2	1
block154__QTD000231__ENSG00000118197__ENSG00000118197	block154	DDX59	ENSG00000118197	GTEx_colon_transverse_eQTL	eQTL	FinnGen_IBD	1e-06	2.22708931334218e-11	ok		1972	6.30456935529076e-33	3.6698434982451e-24	1.71793956536178e-09	0.999999998259796	1	1
block154__QTD000231__ENSG00000118197__ENSG00000118197	block154	DDX59	ENSG00000118197	GTEx_colon_transverse_eQTL	eQTL	FinnGen_IBD	1e-06	0.00152741017686167	ok		1972	8.94726404784838e-26	3.57482156139873e-24	0.0243805056988367	0.974092084124304	2	1
block154__QTD000231__ENSG00000260088__ENSG00000260088	block154	RP11-92G12.3	ENSG00000260088	GTEx_colon_transverse_eQTL	eQTL	Howard_DEP			not_screened_by_abf_gate								
block154__QTD000231__ENSG00000260088__ENSG00000260088	block154	RP11-92G12.3	ENSG00000260088	GTEx_colon_transverse_eQTL	eQTL	FinnGen_DEP			not_screened_by_abf_gate								
block154__QTD000231__ENSG00000260088__ENSG00000260088	block154	RP11-92G12.3	ENSG00000260088	GTEx_colon_transverse_eQTL	eQTL	deLange_IBD	1e-05	8.59491588196005e-15	ok		1972	1.16468754484267e-27	3.551845213758e-13	3.27910557681634e-15	0.999999999999631	1	1
block154__QTD000231__ENSG00000260088__ENSG00000260088	block154	RP11-92G12.3	ENSG00000260088	GTEx_colon_transverse_eQTL	eQTL	deLange_IBD	1e-06	8.59491588196013e-16	ok		1972	1.16468754484267e-27	3.55184521375803e-13	3.27910557681636e-15	0.999999999999638	1	1
block154__QTD000231__ENSG00000260088__ENSG00000260088	block154	RP11-92G12.3	ENSG00000260088	GTEx_colon_transverse_eQTL	eQTL	FinnGen_IBD	1e-05	1.00739179249428e-10	ok		1972	6.10185542227627e-22	3.55184520729877e-13	1.71793956522614e-09	0.999999998180968	1	1
block154__QTD000231__ENSG00000260088__ENSG00000260088	block154	RP11-92G12.3	ENSG00000260088	GTEx_colon_transverse_eQTL	eQTL	FinnGen_IBD	1e-05	0.00535209509980456	ok		1972	8.62632188063377e-15	3.44659119140126e-13	0.0242868744595531	0.970361030440286	2	1
block154__QTD000231__ENSG00000260088__ENSG00000260088	block154	RP11-92G12.3	ENSG00000260088	GTEx_colon_transverse_eQTL	eQTL	FinnGen_IBD	1e-06	1.00739179258562e-11	ok		1972	6.1018554228295e-22	3.5518452076208e-13	1.7179395653819e-09	0.999999998271633	1	1
block154__QTD000231__ENSG00000260088__ENSG00000260088	block154	RP11-92G12.3	ENSG00000260088	GTEx_colon_transverse_eQTL	eQTL	FinnGen_IBD	1e-06	0.000537800031200959	ok		1972	8.6680750062228e-15	3.46327338305373e-13	0.0244044277961324	0.975057772172314	2	1
block154__QTD000321__ENSG00000118197__ENSG00000118197	block154	DDX59	ENSG00000118197	GTEx_small_intestine_eQTL	eQTL	Howard_DEP			not_screened_by_abf_gate								
block154__QTD000321__ENSG00000118197__ENSG00000118197	block154	DDX59	ENSG00000118197	GTEx_small_intestine_eQTL	eQTL	FinnGen_DEP			not_screened_by_abf_gate								
block154__QTD000321__ENSG00000118197__ENSG00000118197	block154	DDX59	ENSG00000118197	GTEx_small_intestine_eQTL	eQTL	deLange_IBD	1e-05	1.85005722188576e-07	ok		1892	4.76611505536781e-20	1.10422679676584e-05	4.31619804892498e-15	0.999988772726306	1	1
block154__QTD000321__ENSG00000118197__ENSG00000118197	block154	DDX59	ENSG00000118197	GTEx_small_intestine_eQTL	eQTL	deLange_IBD	1e-06	1.85005752992988e-08	ok		1892	4.76611584895066e-20	1.10422698062532e-05	4.31619876759431e-15	0.999988939229617	1	1
block154__QTD000321__ENSG00000118197__ENSG00000118197	block154	DDX59	ENSG00000118197	GTEx_small_intestine_eQTL	eQTL	FinnGen_IBD	1e-05	1.97042010260866e-07	ok		1892	2.02363552213089e-14	1.10422678146471e-05	1.83260613537216e-09	0.999988758857548	1	1
block154__QTD000321__ENSG00000118197__ENSG00000118197	block154	DDX59	ENSG00000118197	GTEx_small_intestine_eQTL	eQTL	FinnGen_IBD	1e-05	0.0167576064209458	ok		1892	2.75947142184041e-07	1.05814658935332e-05	0.0249897978304107	0.958241738335608	2	1
block154__QTD000321__ENSG00000118197__ENSG00000118197	block154	DDX59	ENSG00000118197	GTEx_small_intestine_eQTL	eQTL	FinnGen_IBD	1e-06	1.97042045203871e-08	ok		1892	2.02363588099805e-14	1.1042269772859e-05	1.83260646036257e-09	0.999988936193395	1	1
block154__QTD000321__ENSG00000118197__ENSG00000118197	block154	DDX59	ENSG00000118197	GTEx_small_intestine_eQTL	eQTL	FinnGen_IBD	1e-06	0.00170142121445587	ok		1892	2.80172663080064e-07	1.07434976684949e-05	0.0253724613799733	0.972915093735239	2	1
block154__QTD000321__ENSG00000260088__ENSG00000260088	block154	RP11-92G12.3	ENSG00000260088	GTEx_small_intestine_eQTL	eQTL	Howard_DEP			not_screened_by_abf_gate								
block154__QTD000321__ENSG00000260088__ENSG00000260088	block154	RP11-92G12.3	ENSG00000260088	GTEx_small_intestine_eQTL	eQTL	FinnGen_DEP			not_screened_by_abf_gate								
block154__QTD000321__ENSG00000260088__ENSG00000260088	block154	RP11-92G12.3	ENSG00000260088	GTEx_small_intestine_eQTL	eQTL	deLange_IBD	1e-05	2.81726548374357e-11	ok		1892	8.65562157282635e-24	2.00535848848528e-09	4.31624649903018e-15	0.999999997966462	1	1
block154__QTD000321__ENSG00000260088__ENSG00000260088	block154	RP11-92G12.3	ENSG00000260088	GTEx_small_intestine_eQTL	eQTL	deLange_IBD	1e-06	2.81726548381502e-12	ok		1892	8.65562157304585e-24	2.00535848853614e-09	4.31624649913964e-15	0.999999997991821	1	1
block154__QTD000321__ENSG00000260088__ENSG00000260088	block154	RP11-92G12.3	ENSG00000260088	GTEx_small_intestine_eQTL	eQTL	FinnGen_IBD	1e-05	1.35627806811644e-10	ok		1892	3.67507357379074e-18	2.00535848459497e-09	1.83262672854735e-09	0.999999996026389	1	1
block154__QTD000321__ENSG00000260088__ENSG00000260088	block154	RP11-92G12.3	ENSG00000260088	GTEx_small_intestine_eQTL	eQTL	FinnGen_IBD	1e-05	0.00549392869572417	ok		1892	5.06875616550991e-11	1.94366464763777e-09	0.0252760600376801	0.969230009272244	2	1
block154__QTD000321__ENSG00000260088__ENSG00000260088	block154	RP11-92G12.3	ENSG00000260088	GTEx_small_intestine_eQTL	eQTL	FinnGen_IBD	1e-06	1.356278068282e-11	ok		1892	3.67507357423933e-18	2.00535848483975e-09	1.83262672877105e-09	0.999999996148453	1	1
block154__QTD000321__ENSG00000260088__ENSG00000260088	block154	RP11-92G12.3	ENSG00000260088	GTEx_small_intestine_eQTL	eQTL	FinnGen_IBD	1e-06	0.00055212286083827	ok		1892	5.09394335090484e-11	1.95332292280965e-09	0.0254016594528886	0.97404621568201	2	1
block154__QTD000356__ENSG00000118197__ENSG00000118197	block154	DDX59	ENSG00000118197	GTEx_blood_eQTL	eQTL	Howard_DEP			not_screened_by_abf_gate								
block154__QTD000356__ENSG00000118197__ENSG00000118197	block154	DDX59	ENSG00000118197	GTEx_blood_eQTL	eQTL	FinnGen_DEP			not_screened_by_abf_gate								
block154__QTD000356__ENSG00000118197__ENSG00000118197	block154	DDX59	ENSG00000118197	GTEx_blood_eQTL	eQTL	deLange_IBD	1e-05	2.16898746866569e-07	ok		1959	4.35559039584531e-20	1.24230214528938e-05	3.50601933594856e-15	0.999987360079798	1	1
block154__QTD000356__ENSG00000118197__ENSG00000118197	block154	DDX59	ENSG00000118197	GTEx_blood_eQTL	eQTL	deLange_IBD	1e-06	2.16898789207137e-08	ok		1959	4.35559124609536e-20	1.24230238779783e-05	3.50602002035477e-15	0.99998755528624	1	1
block154__QTD000356__ENSG00000118197__ENSG00000118197	block154	DDX59	ENSG00000118197	GTEx_blood_eQTL	eQTL	FinnGen_IBD	1e-05	2.11980180559464e-07	ok		1959	2.12002344761169e-14	1.24230214927361e-05	1.70650647202292e-09	0.999987363291798	1	1
block154__QTD000356__ENSG00000118197__ENSG00000118197	block154	DDX59	ENSG00000118197	GTEx_blood_eQTL	eQTL	FinnGen_IBD	1e-05	0.013889369210376	ok		1959	3.01034360238471e-07	1.19496143634127e-05	0.0242316699198285	0.961866710221073	2	1
block154__QTD000356__ENSG00000118197__ENSG00000118197	block154	DDX59	ENSG00000118197	GTEx_blood_eQTL	eQTL	FinnGen_IBD	1e-06	2.11980221001509e-08	ok		1959	2.12002385207442e-14	1.24230238628274e-05	1.70650679759398e-09	0.999987554071586	1	1
block154__QTD000356__ENSG00000118197__ENSG00000118197	block154	DDX59	ENSG00000118197	GTEx_blood_eQTL	eQTL	FinnGen_IBD	1e-06	0.0014065190167704	ok		1959	3.04845055209861e-07	1.21008806020196e-05	0.0245384106607815	0.974042664596791	2	1
block154__QTD000356__ENSG00000170128__ENSG00000170128	block154	GPR25	ENSG00000170128	GTEx_blood_eQTL	eQTL	Howard_DEP			not_screened_by_abf_gate								
block154__QTD000356__ENSG00000170128__ENSG00000170128	block154	GPR25	ENSG00000170128	GTEx_blood_eQTL	eQTL	FinnGen_DEP			not_screened_by_abf_gate								
block154__QTD000356__ENSG00000170128__ENSG00000170128	block154	GPR25	ENSG00000170128	GTEx_blood_eQTL	eQTL	deLange_IBD	1e-05	0.989395004838075	ok		1959	4.14363906007501e-19	0.000118184935354488	4.02363060196049e-17	0.0104868102265711	1	1
block154__QTD000356__ENSG00000170128__ENSG00000170128	block154	GPR25	ENSG00000170128	GTEx_blood_eQTL	eQTL	deLange_IBD	1e-06	0.903190068114221	ok		1959	3.7826081864264e-18	0.00107887607367054	3.67305593790209e-16	0.0957310558121095	1	1
block154__QTD000356__ENSG00000170128__ENSG00000170128	block154	GPR25	ENSG00000170128	GTEx_blood_eQTL	eQTL	FinnGen_IBD	1e-05	0.970685278728757	ok		1959	5.26818534711791e-13	0.000308707811079599	5.11560767531711e-11	0.0290060134084787	1	1
block154__QTD000356__ENSG00000170128__ENSG00000170128	block154	GPR25	ENSG00000170128	GTEx_blood_eQTL	eQTL	FinnGen_IBD	1e-05	0.00319769526188694	ok		1959	0.000249678772065784	0.00991104483406163	0.0242447552351633	0.962396825896823	2	1
block154__QTD000356__ENSG00000170128__ENSG00000170128	block154	GPR25	ENSG00000170128	GTEx_blood_eQTL	eQTL	FinnGen_IBD	1e-06	0.76804899802969	ok		1959	4.16842056427153e-12	0.00244263233593222	4.04769438193798e-10	0.229508369225439	1	1
block154__QTD000356__ENSG00000170128__ENSG00000170128	block154	GPR25	ENSG00000170128	GTEx_blood_eQTL	eQTL	FinnGen_IBD	1e-06	0.000320692455258928	ok		1959	0.000250399402951742	0.00993965040977978	0.024314731225915	0.965174526506095	2	1
block154__QTD000021__ENSG00000118197__ENSG00000118197	block154	DDX59	ENSG00000118197	BLUEPRINT_monocyte_eQTL	eQTL	Howard_DEP			not_screened_by_abf_gate								
block154__QTD000021__ENSG00000118197__ENSG00000118197	block154	DDX59	ENSG00000118197	BLUEPRINT_monocyte_eQTL	eQTL	FinnGen_DEP			not_screened_by_abf_gate								
block154__QTD000021__ENSG00000118197__ENSG00000118197	block154	DDX59	ENSG00000118197	BLUEPRINT_monocyte_eQTL	eQTL	deLange_IBD	1e-05	3.41478685858645e-16	ok		1891	3.61978687613256e-32	5.05986031947708e-18	7.15392648725652e-15	0.999999999999986	1	1
block154__QTD000021__ENSG00000118197__ENSG00000118197	block154	DDX59	ENSG00000118197	BLUEPRINT_monocyte_eQTL	eQTL	deLange_IBD	1e-06	3.4147868585865e-17	ok		1891	3.61978687613261e-32	5.05986031947715e-18	7.15392648725662e-15	1	1	1
block154__QTD000021__ENSG00000118197__ENSG00000118197	block154	DDX59	ENSG00000118197	BLUEPRINT_monocyte_eQTL	eQTL	FinnGen_IBD	1e-05	2.22235117022395e-10	ok		1891	8.6713280012434e-27	5.05986030968247e-18	1.71374849378046e-09	0.99999999806402	1	1
block154__QTD000021__ENSG00000118197__ENSG00000118197	block154	DDX59	ENSG00000118197	BLUEPRINT_monocyte_eQTL	eQTL	FinnGen_IBD	1e-05	0.0158123750718181	ok		1891	1.25495329395679e-19	4.85443658930805e-18	0.0248021331562464	0.959385491771938	2	1
block154__QTD000021__ENSG00000118197__ENSG00000118197	block154	DDX59	ENSG00000118197	BLUEPRINT_monocyte_eQTL	eQTL	FinnGen_IBD	1e-06	2.22235117066845e-11	ok		1891	8.67132800297776e-27	5.0598603106945e-18	1.71374849412322e-09	0.99999999826403	1	1
block154__QTD000021__ENSG00000118197__ENSG00000118197	block154	DDX59	ENSG00000118197	BLUEPRINT_monocyte_eQTL	eQTL	FinnGen_IBD	1e-06	0.00160406517941267	ok		1891	1.27307053588241e-19	4.92451808359521e-18	0.0251601912997861	0.973235743520799	2	1
block154__QTD000021__ENSG00000118200__ENSG00000118200	block154	CAMSAP2	ENSG00000118200	BLUEPRINT_monocyte_eQTL	eQTL	Howard_DEP			not_screened_by_abf_gate								
block154__QTD000021__ENSG00000118200__ENSG00000118200	block154	CAMSAP2	ENSG00000118200	BLUEPRINT_monocyte_eQTL	eQTL	FinnGen_DEP			not_screened_by_abf_gate								
block154__QTD000021__ENSG00000118200__ENSG00000118200	block154	CAMSAP2	ENSG00000118200	BLUEPRINT_monocyte_eQTL	eQTL	deLange_IBD	1e-05	2.24911433214626e-15	ok		1891	1.48833986487257e-28	2.08045171770186e-14	7.15392648725642e-15	0.999999999999972	1	1
block154__QTD000021__ENSG00000118200__ENSG00000118200	block154	CAMSAP2	ENSG00000118200	BLUEPRINT_monocyte_eQTL	eQTL	deLange_IBD	1e-06	2.24911433214626e-16	ok		1891	1.48833986487257e-28	2.08045171770186e-14	7.15392648725642e-15	0.999999999999972	1	1
block154__QTD000021__ENSG00000118200__ENSG00000118200	block154	CAMSAP2	ENSG00000118200	BLUEPRINT_monocyte_eQTL	eQTL	FinnGen_IBD	1e-05	5.79404101672529e-11	ok		1891	3.56537099817967e-23	2.08045171401606e-14	1.71374849406168e-09	0.99999999822829	1	1
block154__QTD000021__ENSG00000118200__ENSG00000118200	block154	CAMSAP2	ENSG00000118200	BLUEPRINT_monocyte_eQTL	eQTL	FinnGen_IBD	1e-05	0.00260858449370785	ok		1891	5.22911942356753e-16	2.02273891640956e-14	0.0251345387113511	0.972256876794921	2	1
block154__QTD000021__ENSG00000118200__ENSG00000118200	block154	CAMSAP2	ENSG00000118200	BLUEPRINT_monocyte_eQTL	eQTL	FinnGen_IBD	1e-06	5.79404101702744e-12	ok		1891	3.5653709983656e-23	2.08045171412455e-14	1.71374849415105e-09	0.999999998280437	1	1
block154__QTD000021__ENSG00000118200__ENSG00000118200	block154	CAMSAP2	ENSG00000118200	BLUEPRINT_monocyte_eQTL	eQTL	FinnGen_IBD	1e-06	0.000261472314733959	ok		1891	5.24142485320483e-16	2.02749892844874e-14	0.0251936865855007	0.974544841099743	2	1
block154__QTD000031__ENSG00000118197__ENSG00000118197	block154	DDX59	ENSG00000118197	BLUEPRINT_CD4_T_eQTL	eQTL	Howard_DEP			not_screened_by_abf_gate								
block154__QTD000031__ENSG00000118197__ENSG00000118197	block154	DDX59	ENSG00000118197	BLUEPRINT_CD4_T_eQTL	eQTL	FinnGen_DEP			not_screened_by_abf_gate								
block154__QTD000031__ENSG00000118197__ENSG00000118197	block154	DDX59	ENSG00000118197	BLUEPRINT_CD4_T_eQTL	eQTL	deLange_IBD	1e-05	3.36449302499649e-16	ok		1884	1.79040489294533e-35	2.51357142934789e-21	7.12295211522911e-15	0.999999999999986	1	1
block154__QTD000031__ENSG00000118197__ENSG00000118197	block154	DDX59	ENSG00000118197	BLUEPRINT_CD4_T_eQTL	eQTL	deLange_IBD	1e-06	3.36449302499654e-17	ok		1884	1.79040489294536e-35	2.51357142934793e-21	7.12295211522921e-15	1	1	1
block154__QTD000031__ENSG00000118197__ENSG00000118197	block154	DDX59	ENSG00000118197	BLUEPRINT_CD4_T_eQTL	eQTL	FinnGen_IBD	1e-05	2.301141088588e-10	ok		1884	4.34741414936327e-30	2.5135714244227e-21	1.72957652947666e-09	0.999999998040309	1	1
block154__QTD000031__ENSG00000118197__ENSG00000118197	block154	DDX59	ENSG00000118197	BLUEPRINT_CD4_T_eQTL	eQTL	FinnGen_IBD	1e-05	0.0155150818270842	ok		1884	5.9722641466768e-23	2.41488951974304e-21	0.0237600733241391	0.960724844848775	2	1
block154__QTD000031__ENSG00000118197__ENSG00000118197	block154	DDX59	ENSG00000118197	BLUEPRINT_CD4_T_eQTL	eQTL	FinnGen_IBD	1e-06	2.30114108906459e-11	ok		1884	4.34741415026366e-30	2.51357142494328e-21	1.72957652983487e-09	0.999999998247418	1	1
block154__QTD000031__ENSG00000118197__ENSG00000118197	block154	DDX59	ENSG00000118197	BLUEPRINT_CD4_T_eQTL	eQTL	FinnGen_IBD	1e-06	0.00157347958071162	ok		1884	6.05683926784553e-23	2.44908753388396e-21	0.0240965472360449	0.974329973183247	2	1
block154__QTD000031__ENSG00000260088__ENSG00000260088	block154	RP11-92G12.3	ENSG00000260088	BLUEPRINT_CD4_T_eQTL	eQTL	Howard_DEP			not_screened_by_abf_gate								
block154__QTD000031__ENSG00000260088__ENSG00000260088	block154	RP11-92G12.3	ENSG00000260088	BLUEPRINT_CD4_T_eQTL	eQTL	FinnGen_DEP			not_screened_by_abf_gate								
block154__QTD000031__ENSG00000260088__ENSG00000260088	block154	RP11-92G12.3	ENSG00000260088	BLUEPRINT_CD4_T_eQTL	eQTL	deLange_IBD	1e-05	2.01128291071055e-06	ok		1884	6.04894843055019e-19	8.49219302993382e-05	7.12233290844061e-15	0.999913066786785	1	1
block154__QTD000031__ENSG00000260088__ENSG00000260088	block154	RP11-92G12.3	ENSG00000260088	BLUEPRINT_CD4_T_eQTL	eQTL	deLange_IBD	1e-06	2.01128655145019e-07	ok		1884	6.04895938010195e-19	8.49220840214407e-05	7.12234580098775e-15	0.999914876787316	1	1
block154__QTD000031__ENSG00000260088__ENSG00000260088	block154	RP11-92G12.3	ENSG00000260088	BLUEPRINT_CD4_T_eQTL	eQTL	FinnGen_IBD	1e-05	2.00485787543703e-06	ok		1884	1.46878978460113e-13	8.49219306975407e-05	1.72942618680822e-09	0.999913071481853	1	1
block154__QTD000031__ENSG00000260088__ENSG00000260088	block154	RP11-92G12.3	ENSG00000260088	BLUEPRINT_CD4_T_eQTL	eQTL	FinnGen_IBD	1e-05	0.0152948608400288	ok		1884	2.01820624137905e-06	8.16063218452618e-05	0.0237633646476413	0.960858149984244	2	1
block154__QTD000031__ENSG00000260088__ENSG00000260088	block154	RP11-92G12.3	ENSG00000260088	BLUEPRINT_CD4_T_eQTL	eQTL	FinnGen_IBD	1e-06	2.00486149295315e-07	ok		1884	1.4687924348492e-13	8.49220839285787e-05	1.72942930734219e-09	0.999914875700346	1	1
block154__QTD000031__ENSG00000260088__ENSG00000260088	block154	RP11-92G12.3	ENSG00000260088	BLUEPRINT_CD4_T_eQTL	eQTL	FinnGen_IBD	1e-06	0.00155083389373448	ok		1884	2.04637536517214e-06	8.27453424940074e-05	0.0240950419295639	0.974269332458842	2	1
block464__QTD000146__ENSG00000173531__ENSG00000173531	block464	MST1	ENSG00000173531	GTEx_amygdala_eQTL	eQTL	Howard_DEP	1e-05		not_estimable	no_signal_pair							
block464__QTD000146__ENSG00000173531__ENSG00000173531	block464	MST1	ENSG00000173531	GTEx_amygdala_eQTL	eQTL	Howard_DEP	1e-06		not_estimable	no_signal_pair							
block464__QTD000146__ENSG00000173531__ENSG00000173531	block464	MST1	ENSG00000173531	GTEx_amygdala_eQTL	eQTL	FinnGen_DEP	1e-05		not_estimable	no_signal_pair							
block464__QTD000146__ENSG00000173531__ENSG00000173531	block464	MST1	ENSG00000173531	GTEx_amygdala_eQTL	eQTL	FinnGen_DEP	1e-06		not_estimable	no_signal_pair							
block464__QTD000146__ENSG00000173531__ENSG00000173531	block464	MST1	ENSG00000173531	GTEx_amygdala_eQTL	eQTL	deLange_IBD	1e-05	0.968999365256517	ok		1401	1.19827824542626e-31	0.00254369192428811	1.38619248793944e-30	0.0284569428191991	1	1
block464__QTD000146__ENSG00000173531__ENSG00000173531	block464	MST1	ENSG00000173531	GTEx_amygdala_eQTL	eQTL	deLange_IBD	1e-06	0.757619262870581	ok		1401	9.36882637454953e-31	0.0198880419301291	1.08380476661241e-29	0.222492695199286	1	1
block464__QTD000146__ENSG00000173531__ENSG00000173531	block464	MST1	ENSG00000173531	GTEx_amygdala_eQTL	eQTL	FinnGen_IBD	1e-05	0.967897028378517	ok		1401	3.32794029610291e-33	0.00263131261457987	3.84982858228204e-32	0.029471659006901	1	1
block464__QTD000146__ENSG00000173531__ENSG00000173531	block464	MST1	ENSG00000173531	GTEx_amygdala_eQTL	eQTL	FinnGen_IBD	1e-06	0.750932535490137	ok		1401	2.58194680967142e-32	0.0204147568945828	2.98684824287413e-31	0.228652707615279	1	1
block464__QTD000146__ENSG00000173540__ENSG00000173540	block464	GMPPB	ENSG00000173540	GTEx_amygdala_eQTL	eQTL	Howard_DEP	1e-05		not_estimable	no_signal_pair							
block464__QTD000146__ENSG00000173540__ENSG00000173540	block464	GMPPB	ENSG00000173540	GTEx_amygdala_eQTL	eQTL	Howard_DEP	1e-06		not_estimable	no_signal_pair							
block464__QTD000146__ENSG00000173540__ENSG00000173540	block464	GMPPB	ENSG00000173540	GTEx_amygdala_eQTL	eQTL	FinnGen_DEP	1e-05		not_estimable	no_signal_pair							
block464__QTD000146__ENSG00000173540__ENSG00000173540	block464	GMPPB	ENSG00000173540	GTEx_amygdala_eQTL	eQTL	FinnGen_DEP	1e-06		not_estimable	no_signal_pair							
block464__QTD000146__ENSG00000173540__ENSG00000173540	block464	GMPPB	ENSG00000173540	GTEx_amygdala_eQTL	eQTL	deLange_IBD	1e-05	1.98844770421584e-05	ok		1362	2.42917529879406e-32	0.00105068647165746	2.30951364469822e-29	0.998929429051294	1	1
block464__QTD000146__ENSG00000173540__ENSG00000173540	block464	GMPPB	ENSG00000173540	GTEx_amygdala_eQTL	eQTL	deLange_IBD	1e-06	1.98848329017114e-06	ok		1362	2.42921877216448e-32	0.00105070527510989	2.30955497656184e-29	0.998947306241596	1	1
block464__QTD000146__ENSG00000173540__ENSG00000173540	block464	GMPPB	ENSG00000173540	GTEx_amygdala_eQTL	eQTL	FinnGen_IBD	1e-05	1.99336575838005e-05	ok		1362	1.34853326223355e-33	0.00105068642003479	1.28210424789183e-30	0.998929379922382	1	1
block464__QTD000146__ENSG00000173540__ENSG00000173540	block464	GMPPB	ENSG00000173540	GTEx_amygdala_eQTL	eQTL	FinnGen_IBD	1e-06	1.99340152058504e-06	ok		1362	1.34855745574784e-33	0.00105070526999396	1.28212724962884e-30	0.998947301328482	1	1
block464__QTD000150__ENSG00000173531__3:49684189:49684314:clu_44352_-	block464	MST1	ENSG00000173531	GTEx_amygdala_sQTL	sQTL	Howard_DEP	1e-05		not_estimable	no_signal_pair							
block464__QTD000150__ENSG00000173531__3:49684189:49684314:clu_44352_-	block464	MST1	ENSG00000173531	GTEx_amygdala_sQTL	sQTL	Howard_DEP	1e-06		not_estimable	no_signal_pair							
block464__QTD000150__ENSG00000173531__3:49684189:49684314:clu_44352_-	block464	MST1	ENSG00000173531	GTEx_amygdala_sQTL	sQTL	FinnGen_DEP	1e-05		not_estimable	no_signal_pair							
block464__QTD000150__ENSG00000173531__3:49684189:49684314:clu_44352_-	block464	MST1	ENSG00000173531	GTEx_amygdala_sQTL	sQTL	FinnGen_DEP	1e-06		not_estimable	no_signal_pair							
block464__QTD000150__ENSG00000173531__3:49684189:49684314:clu_44352_-	block464	MST1	ENSG00000173531	GTEx_amygdala_sQTL	sQTL	deLange_IBD	1e-05	0.977260847258798	ok		1403	5.89720500467246e-35	1.2513193859602e-06	1.11764570411792e-30	0.0227379014218133	1	1
block464__QTD000150__ENSG00000173531__3:49684189:49684314:clu_44352_-	block464	MST1	ENSG00000173531	GTEx_amygdala_sQTL	sQTL	deLange_IBD	1e-06	0.811238883354928	ok		1403	4.8953583030823e-34	1.03873898584408e-05	9.2777445810735e-30	0.188750729255211	1	1
block464__QTD000150__ENSG00000173531__3:49684189:49684314:clu_44352_-	block464	MST1	ENSG00000173531	GTEx_amygdala_sQTL	sQTL	FinnGen_IBD	1e-05	0.975806965724086	ok		1403	1.67001409879249e-36	1.32795200464632e-06	3.16503170883994e-32	0.0241917063239075	1	1
block464__QTD000150__ENSG00000173531__3:49684189:49684314:clu_44352_-	block464	MST1	ENSG00000173531	GTEx_amygdala_sQTL	sQTL	FinnGen_IBD	1e-06	0.80132797026605	ok		1403	1.37140751717023e-35	1.09050777650921e-05	2.59910876244917e-31	0.198661124656192	1	1
block464__QTD000226__ENSG00000145020__ENSG00000145020	block464	AMT	ENSG00000145020	GTEx_colon_sigmoid_eQTL	eQTL	Howard_DEP	1e-05		not_estimable	no_signal_pair							
block464__QTD000226__ENSG00000145020__ENSG00000145020	block464	AMT	ENSG00000145020	GTEx_colon_sigmoid_eQTL	eQTL	Howard_DEP	1e-06		not_estimable	no_signal_pair							
block464__QTD000226__ENSG00000145020__ENSG00000145020	block464	AMT	ENSG00000145020	GTEx_colon_sigmoid_eQTL	eQTL	FinnGen_DEP	1e-05		not_estimable	no_signal_pair							
block464__QTD000226__ENSG00000145020__ENSG00000145020	block464	AMT	ENSG00000145020	GTEx_colon_sigmoid_eQTL	eQTL	FinnGen_DEP	1e-06		not_estimable	no_signal_pair							
block464__QTD000226__ENSG00000145020__ENSG00000145020	block464	AMT	ENSG00000145020	GTEx_colon_sigmoid_eQTL	eQTL	deLange_IBD	1e-05	0.000200885552884538	ok		1753	5.19037912865487e-33	2.47132428437955e-05	2.09976863855769e-28	0.999774401204271	1	1
block464__QTD000226__ENSG00000145020__ENSG00000145020	block464	AMT	ENSG00000145020	GTEx_colon_sigmoid_eQTL	eQTL	deLange_IBD	1e-06	2.00921878957005e-05	ok		1753	5.19131770330922e-33	2.47177117318642e-05	2.10014833907192e-28	0.999955190100376	1	1
block464__QTD000226__ENSG00000145020__ENSG00000145020	block464	AMT	ENSG00000145020	GTEx_colon_sigmoid_eQTL	eQTL	FinnGen_IBD	1e-05	0.000186718244530157	ok		1753	4.64195371172347e-35	2.4713592684015e-05	1.87790305561735e-30	0.999788568162793	1	1
block464__QTD000226__ENSG00000145020__ENSG00000145020	block464	AMT	ENSG00000145020	GTEx_colon_sigmoid_eQTL	eQTL	FinnGen_IBD	1e-06	1.86749627136447e-05	ok		1753	4.64273390653581e-35	2.47177464128119e-05	1.87821868354323e-30	0.999956607290877	1	1
block464__QTD000226__ENSG00000164068__ENSG00000164068	block464	RNF123	ENSG00000164068	GTEx_colon_sigmoid_eQTL	eQTL	Howard_DEP	1e-05		not_estimable	no_signal_pair							
block464__QTD000226__ENSG00000164068__ENSG00000164068	block464	RNF123	ENSG00000164068	GTEx_colon_sigmoid_eQTL	eQTL	Howard_DEP	1e-06		not_estimable	no_signal_pair							
block464__QTD000226__ENSG00000164068__ENSG00000164068	block464	RNF123	ENSG00000164068	GTEx_colon_sigmoid_eQTL	eQTL	FinnGen_DEP	1e-05		not_estimable	no_signal_pair							
block464__QTD000226__ENSG00000164068__ENSG00000164068	block464	RNF123	ENSG00000164068	GTEx_colon_sigmoid_eQTL	eQTL	FinnGen_DEP	1e-06		not_estimable	no_signal_pair							
block464__QTD000226__ENSG00000164068__ENSG00000164068	block464	RNF123	ENSG00000164068	GTEx_colon_sigmoid_eQTL	eQTL	deLange_IBD	1e-05	0.00381210588862664	ok		1539	3.94199271343065e-33	8.21799280179171e-05	4.77812111681928e-29	0.996105714183352	1	1
block464__QTD000226__ENSG00000164068__ENSG00000164068	block464	RNF123	ENSG00000164068	GTEx_colon_sigmoid_eQTL	eQTL	deLange_IBD	1e-06	0.000382522985174552	ok		1539	3.95556383881318e-33	8.24628494203992e-05	4.7945707871975e-29	0.999535014165408	1	1
block464__QTD000226__ENSG00000164068__ENSG00000164068	block464	RNF123	ENSG00000164068	GTEx_colon_sigmoid_eQTL	eQTL	FinnGen_IBD	1e-05	0.00406339090027646	ok		1539	9.84031328371483e-35	8.2159219219142e-05	1.19275229852254e-30	0.9958544498805	1	1
block464__QTD000226__ENSG00000164068__ENSG00000164068	block464	RNF123	ENSG00000164068	GTEx_colon_sigmoid_eQTL	eQTL	FinnGen_IBD	1e-06	0.000407830547469543	ok		1539	9.87643190689878e-35	8.24607825733265e-05	1.19713026592866e-30	0.999509708669955	1	1
block464__QTD000226__ENSG00000173421__ENSG00000173421	block464	CCDC36	ENSG00000173421	GTEx_colon_sigmoid_eQTL	eQTL	Howard_DEP	1e-05		not_estimable	no_signal_pair							
block464__QTD000226__ENSG00000173421__ENSG00000173421	block464	CCDC36	ENSG00000173421	GTEx_colon_sigmoid_eQTL	eQTL	Howard_DEP	1e-06		not_estimable	no_signal_pair							
block464__QTD000226__ENSG00000173421__ENSG00000173421	block464	CCDC36	ENSG00000173421	GTEx_colon_sigmoid_eQTL	eQTL	FinnGen_DEP	1e-05		not_estimable	no_signal_pair							
block464__QTD000226__ENSG00000173421__ENSG00000173421	block464	CCDC36	ENSG00000173421	GTEx_colon_sigmoid_eQTL	eQTL	FinnGen_DEP	1e-06		not_estimable	no_signal_pair							
block464__QTD000226__ENSG00000173421__ENSG00000173421	block464	CCDC36	ENSG00000173421	GTEx_colon_sigmoid_eQTL	eQTL	deLange_IBD	1e-05	3.23724425973473e-10	ok		1927	9.07359595273134e-37	1.08630337847121e-08	8.35272726850925e-29	0.999999988813244	1	1
block464__QTD000226__ENSG00000173421__ENSG00000173421	block464	CCDC36	ENSG00000173421	GTEx_colon_sigmoid_eQTL	eQTL	deLange_IBD	1e-06	3.23724426067791e-11	ok		1927	9.07359595537494e-37	1.08630337878771e-08	8.35272727094283e-29	0.999999989104595	1	1
block464__QTD000226__ENSG00000173421__ENSG00000173421	block464	CCDC36	ENSG00000173421	GTEx_colon_sigmoid_eQTL	eQTL	FinnGen_IBD	1e-05	3.26378610747144e-10	ok		1927	2.20461952701619e-38	1.08630337846831e-08	2.02946943372026e-30	0.999999988810586	1	1
block464__QTD000226__ENSG00000173421__ENSG00000173421	block464	CCDC36	ENSG00000173421	GTEx_colon_sigmoid_eQTL	eQTL	FinnGen_IBD	1e-06	3.26378610843012e-11	ok		1927	2.20461952766377e-38	1.0863033787874e-08	2.02946943431639e-30	0.999999989104325	1	1
block464__QTD000226__ENSG00000173540__ENSG00000173540	block464	GMPPB	ENSG00000173540	GTEx_colon_sigmoid_eQTL	eQTL	Howard_DEP	1e-05		not_estimable	no_signal_pair							
block464__QTD000226__ENSG00000173540__ENSG00000173540	block464	GMPPB	ENSG00000173540	GTEx_colon_sigmoid_eQTL	eQTL	Howard_DEP	1e-06		not_estimable	no_signal_pair							
block464__QTD000226__ENSG00000173540__ENSG00000173540	block464	GMPPB	ENSG00000173540	GTEx_colon_sigmoid_eQTL	eQTL	FinnGen_DEP	1e-05		not_estimable	no_signal_pair							
block464__QTD000226__ENSG00000173540__ENSG00000173540	block464	GMPPB	ENSG00000173540	GTEx_colon_sigmoid_eQTL	eQTL	FinnGen_DEP	1e-06		not_estimable	no_signal_pair							
block464__QTD000226__ENSG00000173540__ENSG00000173540	block464	GMPPB	ENSG00000173540	GTEx_colon_sigmoid_eQTL	eQTL	deLange_IBD	1e-05	6.53644943259793e-13	ok		1495	3.62206955132694e-41	1.57253714970689e-12	2.30332844727639e-29	0.999999999997769	1	1
block464__QTD000226__ENSG00000173540__ENSG00000173540	block464	GMPPB	ENSG00000173540	GTEx_colon_sigmoid_eQTL	eQTL	deLange_IBD	1e-06	6.5364494326018e-14	ok		1495	3.6220695513291e-41	1.57253714970783e-12	2.30332844727777e-29	0.999999999998366	1	1
block464__QTD000226__ENSG00000173540__ENSG00000173540	block464	GMPPB	ENSG00000173540	GTEx_colon_sigmoid_eQTL	eQTL	FinnGen_IBD	1e-05	6.47330709098212e-13	ok		1495	1.90726025360624e-42	1.57253714970693e-12	1.21285545079648e-30	0.999999999997783	1	1
block464__QTD000226__ENSG00000173540__ENSG00000173540	block464	GMPPB	ENSG00000173540	GTEx_colon_sigmoid_eQTL	eQTL	FinnGen_IBD	1e-06	6.47330709098586e-14	ok		1495	1.90726025360735e-42	1.57253714970785e-12	1.21285545079718e-30	0.999999999998366	1	1
block464__QTD000226__ENSG00000188315__ENSG00000188315	block464	C3orf62	ENSG00000188315	GTEx_colon_sigmoid_eQTL	eQTL	Howard_DEP	1e-05		not_estimable	no_signal_pair							
block464__QTD000226__ENSG00000188315__ENSG00000188315	block464	C3orf62	ENSG00000188315	GTEx_colon_sigmoid_eQTL	eQTL	Howard_DEP	1e-06		not_estimable	no_signal_pair							
block464__QTD000226__ENSG00000188315__ENSG00000188315	block464	C3orf62	ENSG00000188315	GTEx_colon_sigmoid_eQTL	eQTL	FinnGen_DEP	1e-05		not_estimable	no_signal_pair							
block464__QTD000226__ENSG00000188315__ENSG00000188315	block464	C3orf62	ENSG00000188315	GTEx_colon_sigmoid_eQTL	eQTL	FinnGen_DEP	1e-06		not_estimable	no_signal_pair							
block464__QTD000226__ENSG00000188315__ENSG00000188315	block464	C3orf62	ENSG00000188315	GTEx_colon_sigmoid_eQTL	eQTL	deLange_IBD	1e-05	0.00117641898759925	ok		1931	4.1233680874307e-30	0.038680158309005	1.0235298334905e-28	0.960143422703399	1	1
block464__QTD000226__ENSG00000188315__ENSG00000188315	block464	C3orf62	ENSG00000188315	GTEx_colon_sigmoid_eQTL	eQTL	deLange_IBD	1e-06	0.000117766587324415	ok		1931	4.12773844232215e-30	0.0387211553811759	1.02461467203012e-28	0.961161078031501	1	1
block464__QTD000226__ENSG00000188315__ENSG00000188315	block464	C3orf62	ENSG00000188315	GTEx_colon_sigmoid_eQTL	eQTL	FinnGen_IBD	1e-05	0.0011861449340716	ok		1931	7.25208877883568e-32	0.0386797820418513	1.80016167920751e-30	0.960134073024077	1	1
block464__QTD000226__ENSG00000188315__ENSG00000188315	block464	C3orf62	ENSG00000188315	GTEx_colon_sigmoid_eQTL	eQTL	FinnGen_IBD	1e-06	0.00011874125330963	ok		1931	7.25983887783208e-32	0.0387211180140278	1.80208546029305e-30	0.961160140732662	1	1
block464__QTD000226__ENSG00000225399__ENSG00000225399	block464	RP11-3B7.1	ENSG00000225399	GTEx_colon_sigmoid_eQTL	eQTL	Howard_DEP	1e-05		not_estimable	no_signal_pair							
block464__QTD000226__ENSG00000225399__ENSG00000225399	block464	RP11-3B7.1	ENSG00000225399	GTEx_colon_sigmoid_eQTL	eQTL	Howard_DEP	1e-06		not_estimable	no_signal_pair							
block464__QTD000226__ENSG00000225399__ENSG00000225399	block464	RP11-3B7.1	ENSG00000225399	GTEx_colon_sigmoid_eQTL	eQTL	FinnGen_DEP	1e-05		not_estimable	no_signal_pair							
block464__QTD000226__ENSG00000225399__ENSG00000225399	block464	RP11-3B7.1	ENSG00000225399	GTEx_colon_sigmoid_eQTL	eQTL	FinnGen_DEP	1e-06		not_estimable	no_signal_pair							
block464__QTD000226__ENSG00000225399__ENSG00000225399	block464	RP11-3B7.1	ENSG00000225399	GTEx_colon_sigmoid_eQTL	eQTL	deLange_IBD	1e-05	3.36337616697636e-08	ok		1938	4.36665944442763e-35	4.36683337161942e-07	9.99959700601199e-29	0.999999529682907	1	1
block464__QTD000226__ENSG00000225399__ENSG00000225399	block464	RP11-3B7.1	ENSG00000225399	GTEx_colon_sigmoid_eQTL	eQTL	deLange_IBD	1e-06	3.36337626878706e-09	ok		1938	4.3666595766081e-35	4.36683350380515e-07	9.99959730870365e-29	0.999999559953278	1	1
block464__QTD000226__ENSG00000225399__ENSG00000225399	block464	RP11-3B7.1	ENSG00000225399	GTEx_colon_sigmoid_eQTL	eQTL	FinnGen_IBD	1e-05	3.45324198146749e-08	ok		1938	8.37227204399019e-37	4.36683336769907e-07	1.91724011295266e-30	0.999999528784241	1	1
block464__QTD000226__ENSG00000225399__ENSG00000225399	block464	RP11-3B7.1	ENSG00000225399	GTEx_colon_sigmoid_eQTL	eQTL	FinnGen_IBD	1e-06	3.45324208879142e-09	ok		1938	8.37227230419356e-37	4.36683350341668e-07	1.91724017253891e-30	0.999999559863409	1	1
block464__QTD000226__ENSG00000228008__ENSG00000228008	block464	CTD-2330K9.3	ENSG00000228008	GTEx_colon_sigmoid_eQTL	eQTL	Howard_DEP	1e-05		not_estimable	no_signal_pair							
block464__QTD000226__ENSG00000228008__ENSG00000228008	block464	CTD-2330K9.3	ENSG00000228008	GTEx_colon_sigmoid_eQTL	eQTL	Howard_DEP	1e-06		not_estimable	no_signal_pair							
block464__QTD000226__ENSG00000228008__ENSG00000228008	block464	CTD-2330K9.3	ENSG00000228008	GTEx_colon_sigmoid_eQTL	eQTL	FinnGen_DEP	1e-05		not_estimable	no_signal_pair							
block464__QTD000226__ENSG00000228008__ENSG00000228008	block464	CTD-2330K9.3	ENSG00000228008	GTEx_colon_sigmoid_eQTL	eQTL	FinnGen_DEP	1e-06		not_estimable	no_signal_pair							
block464__QTD000226__ENSG00000228008__ENSG00000228008	block464	CTD-2330K9.3	ENSG00000228008	GTEx_colon_sigmoid_eQTL	eQTL	deLange_IBD	1e-05	0.00402964761707551	ok		1380	1.15843326348546e-30	0.0616513419189144	1.75559988609768e-29	0.934319010464012	1	1
block464__QTD000226__ENSG00000228008__ENSG00000228008	block464	CTD-2330K9.3	ENSG00000228008	GTEx_colon_sigmoid_eQTL	eQTL	deLange_IBD	1e-06	0.000404431506518413	ok		1380	1.16264982567503e-30	0.0618757456247347	1.76199006525868e-29	0.937719822868749	1	1
block464__QTD000226__ENSG00000228008__ENSG00000228008	block464	CTD-2330K9.3	ENSG00000228008	GTEx_colon_sigmoid_eQTL	eQTL	FinnGen_IBD	1e-05	0.00388379862733824	ok		1380	6.1513579586723e-32	0.0616603610205212	9.32235258775154e-31	0.934455840352139	1	1
block464__QTD000226__ENSG00000228008__ENSG00000228008	block464	CTD-2330K9.3	ENSG00000228008	GTEx_colon_sigmoid_eQTL	eQTL	FinnGen_IBD	1e-06	0.000389742174845135	ok		1380	6.1729349513339e-32	0.0618766458093742	9.35505241350158e-31	0.937733612015783	1	1
block464__QTD000230__ENSG00000114316__3:49292598:49294407:clu_43107_-	block464	USP4	ENSG00000114316	GTEx_colon_sigmoid_sQTL	sQTL	Howard_DEP	1e-05		not_estimable	no_signal_pair							
block464__QTD000230__ENSG00000114316__3:49292598:49294407:clu_43107_-	block464	USP4	ENSG00000114316	GTEx_colon_sigmoid_sQTL	sQTL	Howard_DEP	1e-06		not_estimable	no_signal_pair							
block464__QTD000230__ENSG00000114316__3:49292598:49294407:clu_43107_-	block464	USP4	ENSG00000114316	GTEx_colon_sigmoid_sQTL	sQTL	FinnGen_DEP	1e-05		not_estimable	no_signal_pair							
block464__QTD000230__ENSG00000114316__3:49292598:49294407:clu_43107_-	block464	USP4	ENSG00000114316	GTEx_colon_sigmoid_sQTL	sQTL	FinnGen_DEP	1e-06		not_estimable	no_signal_pair							
block464__QTD000230__ENSG00000114316__3:49292598:49294407:clu_43107_-	block464	USP4	ENSG00000114316	GTEx_colon_sigmoid_sQTL	sQTL	deLange_IBD	1e-05	0.00473404799348895	ok		1915	1.59624803802665e-31	0.00146883766710583	1.08000651549286e-28	0.993797114339402	1	1
block464__QTD000230__ENSG00000114316__3:49292598:49294407:clu_43107_-	block464	USP4	ENSG00000114316	GTEx_colon_sigmoid_sQTL	sQTL	deLange_IBD	1e-06	0.000475430438812309	ok		1915	1.60307818217321e-31	0.00147512263833539	1.0846277272371e-28	0.998049446922857	1	1
block464__QTD000230__ENSG00000114316__3:49292598:49294407:clu_43107_-	block464	USP4	ENSG00000114316	GTEx_colon_sigmoid_sQTL	sQTL	FinnGen_IBD	1e-05	0.00500710125457314	ok		1915	2.61832085355682e-33	0.00146843509336411	1.7715314375503e-30	0.993524463652062	1	1
block464__QTD000230__ENSG00000114316__3:49292598:49294407:clu_43107_-	block464	USP4	ENSG00000114316	GTEx_colon_sigmoid_sQTL	sQTL	FinnGen_IBD	1e-06	0.00050297673535567	ok		1915	2.63017344383214e-33	0.00147508239156819	1.77955078944165e-30	0.998021940873077	1	1
block464__QTD000230__ENSG00000164068__3:49700709:49701491:clu_29483_+	block464	RNF123	ENSG00000164068	GTEx_colon_sigmoid_sQTL	sQTL	Howard_DEP	1e-05		not_estimable	no_signal_pair							
block464__QTD000230__ENSG00000164068__3:49700709:49701491:clu_29483_+	block464	RNF123	ENSG00000164068	GTEx_colon_sigmoid_sQTL	sQTL	Howard_DEP	1e-06		not_estimable	no_signal_pair							
block464__QTD000230__ENSG00000164068__3:49700709:49701491:clu_29483_+	block464	RNF123	ENSG00000164068	GTEx_colon_sigmoid_sQTL	sQTL	FinnGen_DEP	1e-05		not_estimable	no_signal_pair							
block464__QTD000230__ENSG00000164068__3:49700709:49701491:clu_29483_+	block464	RNF123	ENSG00000164068	GTEx_colon_sigmoid_sQTL	sQTL	FinnGen_DEP	1e-06		not_estimable	no_signal_pair							
block464__QTD000230__ENSG00000164068__3:49700709:49701491:clu_29483_+	block464	RNF123	ENSG00000164068	GTEx_colon_sigmoid_sQTL	sQTL	deLange_IBD	1e-05	4.55939487663686e-14	ok		1519	3.93655593220765e-43	1.02797705806091e-14	3.82942002580579e-29	0.999999999999943	1	1
block464__QTD000230__ENSG00000164068__3:49700709:49701491:clu_29483_+	block464	RNF123	ENSG00000164068	GTEx_colon_sigmoid_sQTL	sQTL	deLange_IBD	1e-05	0.00192971504038042	ok		1519	1.51667478854719e-30	0.0396058614183473	3.67037024722103e-29	0.958464423541274	1	2
block464__QTD000230__ENSG00000164068__3:49700709:49701491:clu_29483_+	block464	RNF123	ENSG00000164068	GTEx_colon_sigmoid_sQTL	sQTL	deLange_IBD	1e-06	4.55939487663703e-15	ok		1519	3.93655593220782e-43	1.02797705806095e-14	3.82942002580596e-29	0.999999999999986	1	1
block464__QTD000230__ENSG00000164068__3:49700709:49701491:clu_29483_+	block464	RNF123	ENSG00000164068	GTEx_colon_sigmoid_sQTL	sQTL	deLange_IBD	1e-06	0.000193307229118742	ok		1519	1.51931344635482e-30	0.0396747663122959	3.67675582914199e-29	0.960131926458582	1	2
block464__QTD000230__ENSG00000164068__3:49700709:49701491:clu_29483_+	block464	RNF123	ENSG00000164068	GTEx_colon_sigmoid_sQTL	sQTL	FinnGen_IBD	1e-05	4.35475118694706e-14	ok		1519	1.22658302253642e-44	1.02797705806091e-14	1.19320077517105e-30	0.999999999999943	1	1
block464__QTD000230__ENSG00000164068__3:49700709:49701491:clu_29483_+	block464	RNF123	ENSG00000164068	GTEx_colon_sigmoid_sQTL	sQTL	FinnGen_IBD	1e-05	0.00194805751289824	ok		1519	4.72568769160324e-32	0.0396051342736135	1.14362179894438e-30	0.958446808213491	1	2
block464__QTD000230__ENSG00000164068__3:49700709:49701491:clu_29483_+	block464	RNF123	ENSG00000164068	GTEx_colon_sigmoid_sQTL	sQTL	FinnGen_IBD	1e-06	4.35475118694723e-15	ok		1519	1.22658302253647e-44	1.02797705806095e-14	1.1932007751711e-30	0.999999999999986	1	1
block464__QTD000230__ENSG00000164068__3:49700709:49701491:clu_29483_+	block464	RNF123	ENSG00000164068	GTEx_colon_sigmoid_sQTL	sQTL	FinnGen_IBD	1e-06	0.000195147894679946	ok		1519	4.73398756363864e-32	0.0396746940007618	1.14563037742175e-30	0.960130158104565	1	2
block464__QTD000230__ENSG00000173531__3:49684189:49684371:clu_43117_-	block464	MST1	ENSG00000173531	GTEx_colon_sigmoid_sQTL	sQTL	Howard_DEP	1e-05		not_estimable	no_signal_pair							
block464__QTD000230__ENSG00000173531__3:49684189:49684371:clu_43117_-	block464	MST1	ENSG00000173531	GTEx_colon_sigmoid_sQTL	sQTL	Howard_DEP	1e-06		not_estimable	no_signal_pair							
block464__QTD000230__ENSG00000173531__3:49684189:49684371:clu_43117_-	block464	MST1	ENSG00000173531	GTEx_colon_sigmoid_sQTL	sQTL	FinnGen_DEP	1e-05		not_estimable	no_signal_pair							
block464__QTD000230__ENSG00000173531__3:49684189:49684371:clu_43117_-	block464	MST1	ENSG00000173531	GTEx_colon_sigmoid_sQTL	sQTL	FinnGen_DEP	1e-06		not_estimable	no_signal_pair							
block464__QTD000230__ENSG00000173531__3:49684189:49684371:clu_43117_-	block464	MST1	ENSG00000173531	GTEx_colon_sigmoid_sQTL	sQTL	deLange_IBD	1e-05	0.985785877754552	ok		1541	4.95086211593663e-59	1.03045743412968e-30	7.30283918582133e-31	0.0142141222454378	1	1
block464__QTD000230__ENSG00000173531__3:49684189:49684371:clu_43117_-	block464	MST1	ENSG00000173531	GTEx_colon_sigmoid_sQTL	sQTL	deLange_IBD	1e-06	0.873980133620302	ok		1541	4.38934583185346e-58	9.13585136786589e-30	6.47456664927068e-30	0.126019866379705	1	1
block464__QTD000230__ENSG00000173531__3:49684189:49684371:clu_43117_-	block464	MST1	ENSG00000173531	GTEx_colon_sigmoid_sQTL	sQTL	FinnGen_IBD	1e-05	0.984856646907443	ok		1541	1.30328900407823e-60	1.0933904001607e-30	1.92243487832057e-32	0.0151433530925468	1	1
block464__QTD000230__ENSG00000173531__3:49684189:49684371:clu_43117_-	block464	MST1	ENSG00000173531	GTEx_colon_sigmoid_sQTL	sQTL	FinnGen_IBD	1e-06	0.866729877737497	ok		1541	1.14696846765304e-59	9.62245755081642e-30	1.69185206017264e-31	0.133270122262496	1	1
block464__QTD000230__ENSG00000233276__3:49357747:49358165:clu_43073_-	block464	GPX1	ENSG00000233276	GTEx_colon_sigmoid_sQTL	sQTL	Howard_DEP	1e-05		not_estimable	no_signal_pair							
block464__QTD000230__ENSG00000233276__3:49357747:49358165:clu_43073_-	block464	GPX1	ENSG00000233276	GTEx_colon_sigmoid_sQTL	sQTL	Howard_DEP	1e-06		not_estimable	no_signal_pair							
block464__QTD000230__ENSG00000233276__3:49357747:49358165:clu_43073_-	block464	GPX1	ENSG00000233276	GTEx_colon_sigmoid_sQTL	sQTL	FinnGen_DEP	1e-05		not_estimable	no_signal_pair							
block464__QTD000230__ENSG00000233276__3:49357747:49358165:clu_43073_-	block464	GPX1	ENSG00000233276	GTEx_colon_sigmoid_sQTL	sQTL	FinnGen_DEP	1e-06		not_estimable	no_signal_pair							
block464__QTD000230__ENSG00000233276__3:49357747:49358165:clu_43073_-	block464	GPX1	ENSG00000233276	GTEx_colon_sigmoid_sQTL	sQTL	deLange_IBD	1e-05	1.54965789806264e-07	ok		1831	1.14702152140834e-33	8.09533213110738e-06	1.41688078974458e-28	0.999991749702075	1	1
block464__QTD000230__ENSG00000233276__3:49357747:49358165:clu_43073_-	block464	GPX1	ENSG00000233276	GTEx_colon_sigmoid_sQTL	sQTL	deLange_IBD	1e-06	1.54965811419224e-08	ok		1831	1.14702168138255e-33	8.09533326015713e-06	1.41688098735586e-28	0.999991889170156	1	1
block464__QTD000230__ENSG00000233276__3:49357747:49358165:clu_43073_-	block464	GPX1	ENSG00000233276	GTEx_colon_sigmoid_sQTL	sQTL	FinnGen_IBD	1e-05	1.52802762927613e-07	ok		1831	1.35106972544826e-35	8.09533214860037e-06	1.66893532846942e-30	0.999991751865091	1	1
block464__QTD000230__ENSG00000233276__3:49357747:49358165:clu_43073_-	block464	GPX1	ENSG00000233276	GTEx_colon_sigmoid_sQTL	sQTL	FinnGen_IBD	1e-06	1.5280278394143e-08	ok		1831	1.35106991125074e-35	8.09533326189069e-06	1.66893555798558e-30	0.999991889386458	1	1
block464__QTD000231__ENSG00000145020__ENSG00000145020	block464	AMT	ENSG00000145020	GTEx_colon_transverse_eQTL	eQTL	Howard_DEP	1e-05		not_estimable	no_signal_pair							
block464__QTD000231__ENSG00000145020__ENSG00000145020	block464	AMT	ENSG00000145020	GTEx_colon_transverse_eQTL	eQTL	Howard_DEP	1e-06		not_estimable	no_signal_pair							
block464__QTD000231__ENSG00000145020__ENSG00000145020	block464	AMT	ENSG00000145020	GTEx_colon_transverse_eQTL	eQTL	FinnGen_DEP	1e-05		not_estimable	no_signal_pair							
block464__QTD000231__ENSG00000145020__ENSG00000145020	block464	AMT	ENSG00000145020	GTEx_colon_transverse_eQTL	eQTL	FinnGen_DEP	1e-06		not_estimable	no_signal_pair							
block464__QTD000231__ENSG00000145020__ENSG00000145020	block464	AMT	ENSG00000145020	GTEx_colon_transverse_eQTL	eQTL	deLange_IBD	1e-05	2.95358515936519e-08	ok		1734	4.20172974331229e-36	1.71626642407713e-08	2.44818024071128e-28	0.999999953301484	1	1
block464__QTD000231__ENSG00000145020__ENSG00000145020	block464	AMT	ENSG00000145020	GTEx_colon_transverse_eQTL	eQTL	deLange_IBD	1e-06	2.95358523787818e-09	ok		1734	4.20172985500381e-36	1.71626646969939e-08	2.44818030578947e-28	0.999999979883754	1	1
block464__QTD000231__ENSG00000145020__ENSG00000145020	block464	AMT	ENSG00000145020	GTEx_colon_transverse_eQTL	eQTL	FinnGen_IBD	1e-05	2.77421842601642e-08	ok		1734	3.29319633869214e-38	1.71626642715245e-08	1.91881408317639e-30	0.99999995509515	1	1
block464__QTD000231__ENSG00000145020__ENSG00000145020	block464	AMT	ENSG00000145020	GTEx_colon_transverse_eQTL	eQTL	FinnGen_IBD	1e-06	2.77421849528302e-09	ok		1734	3.29319642091658e-38	1.71626647000415e-08	1.91881413108532e-30	0.999999980063123	1	1
block464__QTD000231__ENSG00000164068__ENSG00000164068	block464	RNF123	ENSG00000164068	GTEx_colon_transverse_eQTL	eQTL	Howard_DEP	1e-05		not_estimable	no_signal_pair							
block464__QTD000231__ENSG00000164068__ENSG00000164068	block464	RNF123	ENSG00000164068	GTEx_colon_transverse_eQTL	eQTL	Howard_DEP	1e-06		not_estimable	no_signal_pair							
block464__QTD000231__ENSG00000164068__ENSG00000164068	block464	RNF123	ENSG00000164068	GTEx_colon_transverse_eQTL	eQTL	FinnGen_DEP	1e-05		not_estimable	no_signal_pair							
block464__QTD000231__ENSG00000164068__ENSG00000164068	block464	RNF123	ENSG00000164068	GTEx_colon_transverse_eQTL	eQTL	FinnGen_DEP	1e-06		not_estimable	no_signal_pair							
block464__QTD000231__ENSG00000164068__ENSG00000164068	block464	RNF123	ENSG00000164068	GTEx_colon_transverse_eQTL	eQTL	deLange_IBD	1e-05		not_estimable	no_signal_pair							
block464__QTD000231__ENSG00000164068__ENSG00000164068	block464	RNF123	ENSG00000164068	GTEx_colon_transverse_eQTL	eQTL	deLange_IBD	1e-06		not_estimable	no_signal_pair							
block464__QTD000231__ENSG00000164068__ENSG00000164068	block464	RNF123	ENSG00000164068	GTEx_colon_transverse_eQTL	eQTL	FinnGen_IBD	1e-05		not_estimable	no_signal_pair							
block464__QTD000231__ENSG00000164068__ENSG00000164068	block464	RNF123	ENSG00000164068	GTEx_colon_transverse_eQTL	eQTL	FinnGen_IBD	1e-06		not_estimable	no_signal_pair							
block464__QTD000231__ENSG00000173421__ENSG00000173421	block464	CCDC36	ENSG00000173421	GTEx_colon_transverse_eQTL	eQTL	Howard_DEP	1e-05		not_estimable	no_signal_pair							
block464__QTD000231__ENSG00000173421__ENSG00000173421	block464	CCDC36	ENSG00000173421	GTEx_colon_transverse_eQTL	eQTL	Howard_DEP	1e-06		not_estimable	no_signal_pair							
block464__QTD000231__ENSG00000173421__ENSG00000173421	block464	CCDC36	ENSG00000173421	GTEx_colon_transverse_eQTL	eQTL	FinnGen_DEP	1e-05		not_estimable	no_signal_pair							
block464__QTD000231__ENSG00000173421__ENSG00000173421	block464	CCDC36	ENSG00000173421	GTEx_colon_transverse_eQTL	eQTL	FinnGen_DEP	1e-06		not_estimable	no_signal_pair							
block464__QTD000231__ENSG00000173421__ENSG00000173421	block464	CCDC36	ENSG00000173421	GTEx_colon_transverse_eQTL	eQTL	deLange_IBD	1e-05	8.27223934656499e-11	ok		1906	5.27972235433896e-37	5.93799761600897e-09	8.89141873064637e-29	0.999999993979273	1	1
block464__QTD000231__ENSG00000173421__ENSG00000173421	block464	CCDC36	ENSG00000173421	GTEx_colon_transverse_eQTL	eQTL	deLange_IBD	1e-06	8.27223934718088e-12	ok		1906	5.27972235473204e-37	5.93799761645106e-09	8.89141873130847e-29	0.999999994053724	1	1
block464__QTD000231__ENSG00000173421__ENSG00000173421	block464	CCDC36	ENSG00000173421	GTEx_colon_transverse_eQTL	eQTL	FinnGen_IBD	1e-05	8.28387834974108e-11	ok		1906	1.23533098279636e-38	5.9379976160083e-09	2.08038307733299e-30	0.999999993979159	1	1
block464__QTD000231__ENSG00000173421__ENSG00000173421	block464	CCDC36	ENSG00000173421	GTEx_colon_transverse_eQTL	eQTL	FinnGen_IBD	1e-06	8.28387835035873e-12	ok		1906	1.23533098288847e-38	5.93799761645106e-09	2.08038307748808e-30	0.999999994053724	1	1
block464__QTD000231__ENSG00000173540__ENSG00000173540	block464	GMPPB	ENSG00000173540	GTEx_colon_transverse_eQTL	eQTL	Howard_DEP	1e-05		not_estimable	no_signal_pair							
block464__QTD000231__ENSG00000173540__ENSG00000173540	block464	GMPPB	ENSG00000173540	GTEx_colon_transverse_eQTL	eQTL	Howard_DEP	1e-06		not_estimable	no_signal_pair							
block464__QTD000231__ENSG00000173540__ENSG00000173540	block464	GMPPB	ENSG00000173540	GTEx_colon_transverse_eQTL	eQTL	FinnGen_DEP	1e-05		not_estimable	no_signal_pair							
block464__QTD000231__ENSG00000173540__ENSG00000173540	block464	GMPPB	ENSG00000173540	GTEx_colon_transverse_eQTL	eQTL	FinnGen_DEP	1e-06		not_estimable	no_signal_pair							
block464__QTD000231__ENSG00000173540__ENSG00000173540	block464	GMPPB	ENSG00000173540	GTEx_colon_transverse_eQTL	eQTL	deLange_IBD	1e-05	4.92981481264414e-12	ok		1482	9.19719998683396e-41	3.91239809311907e-12	2.35078327098877e-29	0.999999999991161	1	1
block464__QTD000231__ENSG00000173540__ENSG00000173540	block464	GMPPB	ENSG00000173540	GTEx_colon_transverse_eQTL	eQTL	deLange_IBD	1e-06	4.92981481266597e-13	ok		1482	9.19719998687474e-41	3.91239809313642e-12	2.35078327099919e-29	0.999999999995595	1	1
block464__QTD000231__ENSG00000173540__ENSG00000173540	block464	GMPPB	ENSG00000173540	GTEx_colon_transverse_eQTL	eQTL	FinnGen_IBD	1e-05	4.771436654311e-12	ok		1482	4.77082372284373e-42	3.91239809311968e-12	1.21941162664205e-30	0.999999999991317	1	1
block464__QTD000231__ENSG00000173540__ENSG00000173540	block464	GMPPB	ENSG00000173540	GTEx_colon_transverse_eQTL	eQTL	FinnGen_IBD	1e-06	4.77143665433146e-13	ok		1482	4.77082372286421e-42	3.91239809313647e-12	1.21941162664728e-30	0.999999999995609	1	1
block464__QTD000231__ENSG00000182179__ENSG00000182179	block464	UBA7	ENSG00000182179	GTEx_colon_transverse_eQTL	eQTL	Howard_DEP	1e-05		not_estimable	no_signal_pair							
block464__QTD000231__ENSG00000182179__ENSG00000182179	block464	UBA7	ENSG00000182179	GTEx_colon_transverse_eQTL	eQTL	Howard_DEP	1e-06		not_estimable	no_signal_pair							
block464__QTD000231__ENSG00000182179__ENSG00000182179	block464	UBA7	ENSG00000182179	GTEx_colon_transverse_eQTL	eQTL	FinnGen_DEP	1e-05		not_estimable	no_signal_pair							
block464__QTD000231__ENSG00000182179__ENSG00000182179	block464	UBA7	ENSG00000182179	GTEx_colon_transverse_eQTL	eQTL	FinnGen_DEP	1e-06		not_estimable	no_signal_pair							
block464__QTD000231__ENSG00000182179__ENSG00000182179	block464	UBA7	ENSG00000182179	GTEx_colon_transverse_eQTL	eQTL	deLange_IBD	1e-05	1.34301696166449e-08	ok		1426	7.42832223972452e-40	3.67478731766957e-11	2.0214291325296e-29	0.999999986533084	1	1
block464__QTD000231__ENSG00000182179__ENSG00000182179	block464	UBA7	ENSG00000182179	GTEx_colon_transverse_eQTL	eQTL	deLange_IBD	1e-06	1.34301697789774e-09	ok		1426	7.42832232951181e-40	3.6747873620873e-11	2.02142915696293e-29	0.99999999862024	1	1
block464__QTD000231__ENSG00000182179__ENSG00000182179	block464	UBA7	ENSG00000182179	GTEx_colon_transverse_eQTL	eQTL	FinnGen_IBD	1e-05	1.36070065650464e-08	ok		1426	3.73955575467996e-41	3.67478731702046e-11	1.01762507081399e-30	0.999999986356244	1	1
block464__QTD000231__ENSG00000182179__ENSG00000182179	block464	UBA7	ENSG00000182179	GTEx_colon_transverse_eQTL	eQTL	FinnGen_IBD	1e-06	1.36070067316818e-09	ok		1426	3.7395558004757e-41	3.67478736202302e-11	1.01762508327613e-30	0.999999998602547	1	1
block464__QTD000231__ENSG00000225399__ENSG00000225399	block464	RP11-3B7.1	ENSG00000225399	GTEx_colon_transverse_eQTL	eQTL	Howard_DEP	1e-05		not_estimable	no_signal_pair							
block464__QTD000231__ENSG00000225399__ENSG00000225399	block464	RP11-3B7.1	ENSG00000225399	GTEx_colon_transverse_eQTL	eQTL	Howard_DEP	1e-06		not_estimable	no_signal_pair							
block464__QTD000231__ENSG00000225399__ENSG00000225399	block464	RP11-3B7.1	ENSG00000225399	GTEx_colon_transverse_eQTL	eQTL	FinnGen_DEP	1e-05		not_estimable	no_signal_pair							
block464__QTD000231__ENSG00000225399__ENSG00000225399	block464	RP11-3B7.1	ENSG00000225399	GTEx_colon_transverse_eQTL	eQTL	FinnGen_DEP	1e-06		not_estimable	no_signal_pair							
block464__QTD000231__ENSG00000225399__ENSG00000225399	block464	RP11-3B7.1	ENSG00000225399	GTEx_colon_transverse_eQTL	eQTL	deLange_IBD	1e-05	4.53724677304654e-05	ok		1918	2.36510968022125e-31	0.00222745897942414	1.05938394990554e-28	0.997727168552842	1	1
block464__QTD000231__ENSG00000225399__ENSG00000225399	block464	RP11-3B7.1	ENSG00000225399	GTEx_colon_transverse_eQTL	eQTL	deLange_IBD	1e-06	4.5374320600873e-06	ok		1918	2.36520626394165e-31	0.00222754994191821	1.05942721184984e-28	0.997767912626017	1	1
block464__QTD000231__ENSG00000225399__ENSG00000225399	block464	RP11-3B7.1	ENSG00000225399	GTEx_colon_transverse_eQTL	eQTL	FinnGen_IBD	1e-05	4.54984256343697e-05	ok		1918	4.4808593477036e-33	0.00222745869912593	2.00707413886079e-30	0.997727042875237	1	1
block464__QTD000231__ENSG00000225399__ENSG00000225399	block464	RP11-3B7.1	ENSG00000225399	GTEx_colon_transverse_eQTL	eQTL	FinnGen_IBD	1e-06	4.55002888067255e-06	ok		1918	4.48104284005859e-33	0.00222754991413864	2.0071563290685e-30	0.99776790005698	1	1
block464__QTD000235__ENSG00000047849__3:47877523:47909038:clu_42992_-	block464	MAP4	ENSG00000047849	GTEx_colon_transverse_sQTL	sQTL	Howard_DEP	1e-05	0.00217169251651839	ok		963	7.61083668846296e-05	0.0013876809162189	0.0518051624378702	0.944559355762507	1	1
block464__QTD000235__ENSG00000047849__3:47877523:47909038:clu_42992_-	block464	MAP4	ENSG00000047849	GTEx_colon_transverse_sQTL	sQTL	Howard_DEP	1e-06	0.000217594545252844	ok		963	7.62574137739694e-05	0.00139039848240019	0.051906615124732	0.946409134433841	1	1
block464__QTD000235__ENSG00000047849__3:47877523:47909038:clu_42992_-	block464	MAP4	ENSG00000047849	GTEx_colon_transverse_sQTL	sQTL	FinnGen_DEP	1e-05	0.0112449736341353	ok		963	0.000635161851195147	0.000815330493633016	0.432339626014865	0.554964908006171	1	1
block464__QTD000235__ENSG00000047849__3:47877523:47909038:clu_42992_-	block464	MAP4	ENSG00000047849	GTEx_colon_transverse_sQTL	sQTL	FinnGen_DEP	1e-06	0.00113599416540822	ok		963	0.000641655712608575	0.000823666389785834	0.436759843648514	0.560638840083683	1	1
block464__QTD000235__ENSG00000047849__3:47877523:47909038:clu_42992_-	block464	MAP4	ENSG00000047849	GTEx_colon_transverse_sQTL	sQTL	deLange_IBD	1e-05	3.63010970379595e-05	ok		963	6.44265197569588e-18	0.00146691870977186	4.38536058246435e-15	0.998496780193183	1	1
block464__QTD000235__ENSG00000047849__3:47877523:47909038:clu_42992_-	block464	MAP4	ENSG00000047849	GTEx_colon_transverse_sQTL	sQTL	deLange_IBD	1e-05	8.40674990104811e-05	ok		963	4.50483835759763e-08	0.00146680365949035	3.06633675671242e-05	0.998418420425547	2	1
block464__QTD000235__ENSG00000047849__3:47877523:47909038:clu_42992_-	block464	MAP4	ENSG00000047849	GTEx_colon_transverse_sQTL	sQTL	deLange_IBD	1e-06	3.63022830693902e-06	ok		963	6.44286247037408e-18	0.00146696663702029	4.38550386120548e-15	0.99852940313467	1	1
block464__QTD000235__ENSG00000047849__3:47877523:47909038:clu_42992_-	block464	MAP4	ENSG00000047849	GTEx_colon_transverse_sQTL	sQTL	deLange_IBD	1e-06	8.4073860101717e-06	ok		963	4.5051792228325e-08	0.00146691464735145	3.06656877560318e-05	0.99849396722709	2	1
block464__QTD000235__ENSG00000047849__3:47877523:47909038:clu_42992_-	block464	MAP4	ENSG00000047849	GTEx_colon_transverse_sQTL	sQTL	FinnGen_IBD	1e-05	6.13666749134852e-05	ok		963	1.88114704723713e-13	0.00146688197585561	1.28045223331839e-10	0.998471751220998	1	1
block464__QTD000235__ENSG00000047849__3:47877523:47909038:clu_42992_-	block464	MAP4	ENSG00000047849	GTEx_colon_transverse_sQTL	sQTL	FinnGen_IBD	1e-05	8.73059755776955e-05	ok		963	2.08382796228588e-11	0.00146684394103225	1.41841233096539e-08	0.998445835878428	2	1
block464__QTD000235__ENSG00000047849__3:47877523:47909038:clu_42992_-	block464	MAP4	ENSG00000047849	GTEx_colon_transverse_sQTL	sQTL	FinnGen_IBD	1e-05	0.00165815257286887	ok		963	0.000109796605231726	0.00135474527319473	0.0747359482536075	0.922141357295098	3	1
block464__QTD000235__ENSG00000047849__3:47877523:47909038:clu_42992_-	block464	MAP4	ENSG00000047849	GTEx_colon_transverse_sQTL	sQTL	FinnGen_IBD	1e-06	6.13700643825967e-06	ok		963	1.88125094874099e-13	0.00146696299623278	1.28052295661079e-10	0.998526899869089	1	1
block464__QTD000235__ENSG00000047849__3:47877523:47909038:clu_42992_-	block464	MAP4	ENSG00000047849	GTEx_colon_transverse_sQTL	sQTL	FinnGen_IBD	1e-06	8.73128362168075e-06	ok		963	2.08399171272251e-11	0.00146695920790656	1.41852379200858e-08	0.998524295302395	2	1
block464__QTD000235__ENSG00000047849__3:47877523:47909038:clu_42992_-	block464	MAP4	ENSG00000047849	GTEx_colon_transverse_sQTL	sQTL	FinnGen_IBD	1e-06	0.000166063079417041	ok		963	0.000109960703693094	0.00135677003174176	0.0748476461889988	0.923519559996149	3	1
block464__QTD000235__ENSG00000164068__3:49700709:49701491:clu_29483_+	block464	RNF123	ENSG00000164068	GTEx_colon_transverse_sQTL	sQTL	Howard_DEP	1e-05		not_estimable	no_signal_pair							
block464__QTD000235__ENSG00000164068__3:49700709:49701491:clu_29483_+	block464	RNF123	ENSG00000164068	GTEx_colon_transverse_sQTL	sQTL	Howard_DEP	1e-06		not_estimable	no_signal_pair							
block464__QTD000235__ENSG00000164068__3:49700709:49701491:clu_29483_+	block464	RNF123	ENSG00000164068	GTEx_colon_transverse_sQTL	sQTL	FinnGen_DEP	1e-05		not_estimable	no_signal_pair							
block464__QTD000235__ENSG00000164068__3:49700709:49701491:clu_29483_+	block464	RNF123	ENSG00000164068	GTEx_colon_transverse_sQTL	sQTL	FinnGen_DEP	1e-06		not_estimable	no_signal_pair							
block464__QTD000235__ENSG00000164068__3:49700709:49701491:clu_29483_+	block464	RNF123	ENSG00000164068	GTEx_colon_transverse_sQTL	sQTL	deLange_IBD	1e-05	5.57722218171452e-12	ok		1506	6.08609324403314e-41	1.5544214414114e-12	3.91534308640488e-29	0.999999999992866	1	1
block464__QTD000235__ENSG00000164068__3:49700709:49701491:clu_29483_+	block464	RNF123	ENSG00000164068	GTEx_colon_transverse_sQTL	sQTL	deLange_IBD	1e-06	5.57722218174247e-13	ok		1506	6.08609324406367e-41	1.5544214414192e-12	3.91534308642452e-29	0.999999999997883	1	1
block464__QTD000235__ENSG00000164068__3:49700709:49701491:clu_29483_+	block464	RNF123	ENSG00000164068	GTEx_colon_transverse_sQTL	sQTL	FinnGen_IBD	1e-05	5.27893873718656e-12	ok		1506	1.86448250385174e-42	1.55442144141186e-12	1.1994703972595e-30	0.999999999993165	1	1
block464__QTD000235__ENSG00000164068__3:49700709:49701491:clu_29483_+	block464	RNF123	ENSG00000164068	GTEx_colon_transverse_sQTL	sQTL	FinnGen_IBD	1e-06	5.27893873721159e-13	ok		1506	1.86448250386059e-42	1.55442144141924e-12	1.19947039726519e-30	0.999999999997911	1	1
block464__QTD000235__ENSG00000173531__3:49684189:49684314:clu_43117_-	block464	MST1	ENSG00000173531	GTEx_colon_transverse_sQTL	sQTL	Howard_DEP	1e-05		not_estimable	no_signal_pair							
block464__QTD000235__ENSG00000173531__3:49684189:49684314:clu_43117_-	block464	MST1	ENSG00000173531	GTEx_colon_transverse_sQTL	sQTL	Howard_DEP	1e-06		not_estimable	no_signal_pair							
block464__QTD000235__ENSG00000173531__3:49684189:49684314:clu_43117_-	block464	MST1	ENSG00000173531	GTEx_colon_transverse_sQTL	sQTL	FinnGen_DEP	1e-05		not_estimable	no_signal_pair							
block464__QTD000235__ENSG00000173531__3:49684189:49684314:clu_43117_-	block464	MST1	ENSG00000173531	GTEx_colon_transverse_sQTL	sQTL	FinnGen_DEP	1e-06		not_estimable	no_signal_pair							
block464__QTD000235__ENSG00000173531__3:49684189:49684314:clu_43117_-	block464	MST1	ENSG00000173531	GTEx_colon_transverse_sQTL	sQTL	deLange_IBD	1e-05	0.984577988351041	ok		1528	1.29890837616511e-64	2.62227388359039e-36	8.12678524450894e-31	0.0154220116489727	1	1
block464__QTD000235__ENSG00000173531__3:49684189:49684314:clu_43117_-	block464	MST1	ENSG00000173531	GTEx_colon_transverse_sQTL	sQTL	deLange_IBD	1e-06	0.864576419793654	ok		1528	1.14059583577082e-63	2.30266793775266e-35	7.13628272646721e-30	0.135423580206333	1	1
block464__QTD000235__ENSG00000173531__3:49684189:49684314:clu_43117_-	block464	MST1	ENSG00000173531	GTEx_colon_transverse_sQTL	sQTL	FinnGen_IBD	1e-05	0.986190654400395	ok		1528	2.83333351343455e-66	2.36477837078009e-36	1.77271110205125e-32	0.0138093455996107	1	1
block464__QTD000235__ENSG00000173531__3:49684189:49684314:clu_43117_-	block464	MST1	ENSG00000173531	GTEx_colon_transverse_sQTL	sQTL	FinnGen_IBD	1e-06	0.877172100255517	ok		1528	2.52012234917677e-65	2.10336368620037e-35	1.57674655868442e-31	0.122827899744493	1	1
block464__QTD000235__ENSG00000233276__3:49357747:49358027:clu_43073_-	block464	GPX1	ENSG00000233276	GTEx_colon_transverse_sQTL	sQTL	Howard_DEP	1e-05		not_estimable	no_signal_pair							
block464__QTD000235__ENSG00000233276__3:49357747:49358027:clu_43073_-	block464	GPX1	ENSG00000233276	GTEx_colon_transverse_sQTL	sQTL	Howard_DEP	1e-06		not_estimable	no_signal_pair							
block464__QTD000235__ENSG00000233276__3:49357747:49358027:clu_43073_-	block464	GPX1	ENSG00000233276	GTEx_colon_transverse_sQTL	sQTL	FinnGen_DEP	1e-05		not_estimable	no_signal_pair							
block464__QTD000235__ENSG00000233276__3:49357747:49358027:clu_43073_-	block464	GPX1	ENSG00000233276	GTEx_colon_transverse_sQTL	sQTL	FinnGen_DEP	1e-06		not_estimable	no_signal_pair							
block464__QTD000235__ENSG00000233276__3:49357747:49358027:clu_43073_-	block464	GPX1	ENSG00000233276	GTEx_colon_transverse_sQTL	sQTL	deLange_IBD	1e-05	1.10165810466477e-09	ok		1810	9.97595759568051e-36	6.10914963923725e-08	1.63295344923011e-28	0.99999993780685	1	1
block464__QTD000235__ENSG00000233276__3:49357747:49358027:clu_43073_-	block464	GPX1	ENSG00000233276	GTEx_colon_transverse_sQTL	sQTL	deLange_IBD	1e-06	1.10165810575706e-10	ok		1810	9.97595760557159e-36	6.10914964529442e-08	1.63295345084917e-28	0.999999938798341	1	1
block464__QTD000235__ENSG00000233276__3:49357747:49358027:clu_43073_-	block464	GPX1	ENSG00000233276	GTEx_colon_transverse_sQTL	sQTL	FinnGen_IBD	1e-05	1.11269124840342e-09	ok		1810	1.05756814598037e-37	6.10914963916975e-08	1.73112158428009e-30	0.999999937795808	1	1
block464__QTD000235__ENSG00000233276__3:49357747:49358027:clu_43073_-	block464	GPX1	ENSG00000233276	GTEx_colon_transverse_sQTL	sQTL	FinnGen_IBD	1e-06	1.11269124951769e-10	ok		1810	1.05756814703944e-37	6.1091496452876e-08	1.73112158601365e-30	0.999999938797233	1	1
block464__QTD000321__ENSG00000164076__ENSG00000164076	block464	CAMKV	ENSG00000164076	GTEx_small_intestine_eQTL	eQTL	Howard_DEP	1e-05		not_estimable	no_signal_pair							
block464__QTD000321__ENSG00000164076__ENSG00000164076	block464	CAMKV	ENSG00000164076	GTEx_small_intestine_eQTL	eQTL	Howard_DEP	1e-06		not_estimable	no_signal_pair							
block464__QTD000321__ENSG00000164076__ENSG00000164076	block464	CAMKV	ENSG00000164076	GTEx_small_intestine_eQTL	eQTL	FinnGen_DEP	1e-05		not_estimable	no_signal_pair							
block464__QTD000321__ENSG00000164076__ENSG00000164076	block464	CAMKV	ENSG00000164076	GTEx_small_intestine_eQTL	eQTL	FinnGen_DEP	1e-06		not_estimable	no_signal_pair							
block464__QTD000321__ENSG00000164076__ENSG00000164076	block464	CAMKV	ENSG00000164076	GTEx_small_intestine_eQTL	eQTL	deLange_IBD	1e-05		not_estimable	no_signal_pair							
block464__QTD000321__ENSG00000164076__ENSG00000164076	block464	CAMKV	ENSG00000164076	GTEx_small_intestine_eQTL	eQTL	deLange_IBD	1e-06		not_estimable	no_signal_pair							
block464__QTD000321__ENSG00000164076__ENSG00000164076	block464	CAMKV	ENSG00000164076	GTEx_small_intestine_eQTL	eQTL	FinnGen_IBD	1e-05		not_estimable	no_signal_pair							
block464__QTD000321__ENSG00000164076__ENSG00000164076	block464	CAMKV	ENSG00000164076	GTEx_small_intestine_eQTL	eQTL	FinnGen_IBD	1e-06		not_estimable	no_signal_pair							
block464__QTD000321__ENSG00000173540__ENSG00000173540	block464	GMPPB	ENSG00000173540	GTEx_small_intestine_eQTL	eQTL	Howard_DEP	1e-05		not_estimable	no_signal_pair							
block464__QTD000321__ENSG00000173540__ENSG00000173540	block464	GMPPB	ENSG00000173540	GTEx_small_intestine_eQTL	eQTL	Howard_DEP	1e-06		not_estimable	no_signal_pair							
block464__QTD000321__ENSG00000173540__ENSG00000173540	block464	GMPPB	ENSG00000173540	GTEx_small_intestine_eQTL	eQTL	FinnGen_DEP	1e-05		not_estimable	no_signal_pair							
block464__QTD000321__ENSG00000173540__ENSG00000173540	block464	GMPPB	ENSG00000173540	GTEx_small_intestine_eQTL	eQTL	FinnGen_DEP	1e-06		not_estimable	no_signal_pair							
block464__QTD000321__ENSG00000173540__ENSG00000173540	block464	GMPPB	ENSG00000173540	GTEx_small_intestine_eQTL	eQTL	deLange_IBD	1e-05		not_estimable	no_signal_pair							
block464__QTD000321__ENSG00000173540__ENSG00000173540	block464	GMPPB	ENSG00000173540	GTEx_small_intestine_eQTL	eQTL	deLange_IBD	1e-06		not_estimable	no_signal_pair							
block464__QTD000321__ENSG00000173540__ENSG00000173540	block464	GMPPB	ENSG00000173540	GTEx_small_intestine_eQTL	eQTL	FinnGen_IBD	1e-05		not_estimable	no_signal_pair							
block464__QTD000321__ENSG00000173540__ENSG00000173540	block464	GMPPB	ENSG00000173540	GTEx_small_intestine_eQTL	eQTL	FinnGen_IBD	1e-06		not_estimable	no_signal_pair							
block464__QTD000321__ENSG00000182179__ENSG00000182179	block464	UBA7	ENSG00000182179	GTEx_small_intestine_eQTL	eQTL	Howard_DEP	1e-05		not_estimable	no_signal_pair							
block464__QTD000321__ENSG00000182179__ENSG00000182179	block464	UBA7	ENSG00000182179	GTEx_small_intestine_eQTL	eQTL	Howard_DEP	1e-06		not_estimable	no_signal_pair							
block464__QTD000321__ENSG00000182179__ENSG00000182179	block464	UBA7	ENSG00000182179	GTEx_small_intestine_eQTL	eQTL	FinnGen_DEP	1e-05		not_estimable	no_signal_pair							
block464__QTD000321__ENSG00000182179__ENSG00000182179	block464	UBA7	ENSG00000182179	GTEx_small_intestine_eQTL	eQTL	FinnGen_DEP	1e-06		not_estimable	no_signal_pair							
block464__QTD000321__ENSG00000182179__ENSG00000182179	block464	UBA7	ENSG00000182179	GTEx_small_intestine_eQTL	eQTL	deLange_IBD	1e-05	0.0198486566546816	ok		1369	8.34857567401137e-32	0.0046382372869503	1.75590643407662e-29	0.975513106058363	1	1
block464__QTD000321__ENSG00000182179__ENSG00000182179	block464	UBA7	ENSG00000182179	GTEx_small_intestine_eQTL	eQTL	deLange_IBD	1e-06	0.0020209678120587	ok		1369	8.5004254984348e-32	0.00472260084130486	1.78784410753492e-29	0.993256431346633	1	1
block464__QTD000321__ENSG00000182179__ENSG00000182179	block464	UBA7	ENSG00000182179	GTEx_small_intestine_eQTL	eQTL	FinnGen_IBD	1e-05	0.0193204794616517	ok		1369	4.783334944308e-33	0.00464073415827205	1.00605048489886e-30	0.976038786380079	1	1
block464__QTD000321__ENSG00000182179__ENSG00000182179	block464	UBA7	ENSG00000182179	GTEx_small_intestine_eQTL	eQTL	FinnGen_IBD	1e-06	0.00196623773638748	ok		1369	4.86798150736747e-33	0.00472285723791084	1.02385369475192e-30	0.993310905025695	1	1
block464__QTD000325__ENSG00000164068__3:49700709:49701533:clu_48627_+	block464	RNF123	ENSG00000164068	GTEx_small_intestine_sQTL	sQTL	Howard_DEP	1e-05		not_estimable	no_signal_pair							
block464__QTD000325__ENSG00000164068__3:49700709:49701533:clu_48627_+	block464	RNF123	ENSG00000164068	GTEx_small_intestine_sQTL	sQTL	Howard_DEP	1e-06		not_estimable	no_signal_pair							
block464__QTD000325__ENSG00000164068__3:49700709:49701533:clu_48627_+	block464	RNF123	ENSG00000164068	GTEx_small_intestine_sQTL	sQTL	FinnGen_DEP	1e-05		not_estimable	no_signal_pair							
block464__QTD000325__ENSG00000164068__3:49700709:49701533:clu_48627_+	block464	RNF123	ENSG00000164068	GTEx_small_intestine_sQTL	sQTL	FinnGen_DEP	1e-06		not_estimable	no_signal_pair							
block464__QTD000325__ENSG00000164068__3:49700709:49701533:clu_48627_+	block464	RNF123	ENSG00000164068	GTEx_small_intestine_sQTL	sQTL	deLange_IBD	1e-05	1.25084352892116e-10	ok		1448	2.05853260757367e-41	6.10930255123308e-13	3.36950509497958e-29	0.999999999874305	1	1
block464__QTD000325__ENSG00000164068__3:49700709:49701533:clu_48627_+	block464	RNF123	ENSG00000164068	GTEx_small_intestine_sQTL	sQTL	deLange_IBD	1e-06	1.25084352906198e-11	ok		1448	2.05853260780542e-41	6.10930255192085e-13	3.36950509535891e-29	0.999999999986883	1	1
block464__QTD000325__ENSG00000164068__3:49700709:49701533:clu_48627_+	block464	RNF123	ENSG00000164068	GTEx_small_intestine_sQTL	sQTL	FinnGen_IBD	1e-05	1.19605779194739e-10	ok		1448	7.53015973312875e-43	6.1093025512665e-13	1.23257273134447e-30	0.99999999987979	1	1
block464__QTD000325__ENSG00000164068__3:49700709:49701533:clu_48627_+	block464	RNF123	ENSG00000164068	GTEx_small_intestine_sQTL	sQTL	FinnGen_IBD	1e-06	1.19605779207612e-11	ok		1448	7.53015973393924e-43	6.10930255192406e-13	1.23257273147714e-30	0.999999999987423	1	1
block464__QTD000325__ENSG00000173531__3:49684189:49684371:clu_72047_-	block464	MST1	ENSG00000173531	GTEx_small_intestine_sQTL	sQTL	Howard_DEP	1e-05		not_estimable	no_signal_pair							
block464__QTD000325__ENSG00000173531__3:49684189:49684371:clu_72047_-	block464	MST1	ENSG00000173531	GTEx_small_intestine_sQTL	sQTL	Howard_DEP	1e-06		not_estimable	no_signal_pair							
block464__QTD000325__ENSG00000173531__3:49684189:49684371:clu_72047_-	block464	MST1	ENSG00000173531	GTEx_small_intestine_sQTL	sQTL	FinnGen_DEP	1e-05		not_estimable	no_signal_pair							
block464__QTD000325__ENSG00000173531__3:49684189:49684371:clu_72047_-	block464	MST1	ENSG00000173531	GTEx_small_intestine_sQTL	sQTL	FinnGen_DEP	1e-06		not_estimable	no_signal_pair							
block464__QTD000325__ENSG00000173531__3:49684189:49684371:clu_72047_-	block464	MST1	ENSG00000173531	GTEx_small_intestine_sQTL	sQTL	deLange_IBD	1e-05	0.975455544864082	ok		1470	1.70543266131356e-50	4.13744929048672e-22	1.05191595432682e-30	0.0245444551359184	1	1
block464__QTD000325__ENSG00000173531__3:49684189:49684371:clu_72047_-	block464	MST1	ENSG00000173531	GTEx_small_intestine_sQTL	sQTL	deLange_IBD	1e-06	0.798964262417172	ok		1470	1.39686503964505e-49	3.38885163764464e-21	8.6159052454892e-30	0.201035737582823	1	1
block464__QTD000325__ENSG00000173531__3:49684189:49684371:clu_72047_-	block464	MST1	ENSG00000173531	GTEx_small_intestine_sQTL	sQTL	FinnGen_IBD	1e-05	0.976939492653315	ok		1470	4.79222045424397e-52	3.89710287839853e-22	2.95585587565084e-32	0.0230605073466898	1	1
block464__QTD000325__ENSG00000173531__3:49684189:49684371:clu_72047_-	block464	MST1	ENSG00000173531	GTEx_small_intestine_sQTL	sQTL	FinnGen_IBD	1e-06	0.809029761768692	ok		1470	3.96856612062044e-51	3.22729527980882e-21	2.44782342497547e-31	0.190970238231308	1	1
block464__QTD000356__ENSG00000173540__ENSG00000173540	block464	GMPPB	ENSG00000173540	GTEx_blood_eQTL	eQTL	Howard_DEP	1e-05		not_estimable	no_signal_pair							
block464__QTD000356__ENSG00000173540__ENSG00000173540	block464	GMPPB	ENSG00000173540	GTEx_blood_eQTL	eQTL	Howard_DEP	1e-06		not_estimable	no_signal_pair							
block464__QTD000356__ENSG00000173540__ENSG00000173540	block464	GMPPB	ENSG00000173540	GTEx_blood_eQTL	eQTL	FinnGen_DEP	1e-05		not_estimable	no_signal_pair							
block464__QTD000356__ENSG00000173540__ENSG00000173540	block464	GMPPB	ENSG00000173540	GTEx_blood_eQTL	eQTL	FinnGen_DEP	1e-06		not_estimable	no_signal_pair							
block464__QTD000356__ENSG00000173540__ENSG00000173540	block464	GMPPB	ENSG00000173540	GTEx_blood_eQTL	eQTL	deLange_IBD	1e-05	0.000908499286893538	ok		1496	6.17779544153705e-32	0.00300522135738045	2.04764380280726e-29	0.996086279355727	1	1
block464__QTD000356__ENSG00000173540__ENSG00000173540	block464	GMPPB	ENSG00000173540	GTEx_blood_eQTL	eQTL	deLange_IBD	1e-06	9.09242728627047e-05	ok		1496	6.18285084556279e-32	0.00300768058548085	2.04931942752193e-29	0.996901395141657	1	1
block464__QTD000356__ENSG00000173540__ENSG00000173540	block464	GMPPB	ENSG00000173540	GTEx_blood_eQTL	eQTL	FinnGen_IBD	1e-05	0.000893361051408155	ok		1496	3.71112619687686e-33	0.00300526684692116	1.2300608899054e-30	0.996101372101673	1	1
block464__QTD000356__ENSG00000173540__ENSG00000173540	block464	GMPPB	ENSG00000173540	GTEx_blood_eQTL	eQTL	FinnGen_IBD	1e-06	8.94079913962935e-05	ok		1496	3.71411243592859e-33	0.0030076851007727	1.23105068536655e-30	0.996902906907834	1	1
block464__QTD000356__ENSG00000182179__ENSG00000182179	block464	UBA7	ENSG00000182179	GTEx_blood_eQTL	eQTL	Howard_DEP	1e-05		not_estimable	no_signal_pair							
block464__QTD000356__ENSG00000182179__ENSG00000182179	block464	UBA7	ENSG00000182179	GTEx_blood_eQTL	eQTL	Howard_DEP	1e-06		not_estimable	no_signal_pair							
block464__QTD000356__ENSG00000182179__ENSG00000182179	block464	UBA7	ENSG00000182179	GTEx_blood_eQTL	eQTL	FinnGen_DEP	1e-05		not_estimable	no_signal_pair							
block464__QTD000356__ENSG00000182179__ENSG00000182179	block464	UBA7	ENSG00000182179	GTEx_blood_eQTL	eQTL	FinnGen_DEP	1e-06		not_estimable	no_signal_pair							
block464__QTD000356__ENSG00000182179__ENSG00000182179	block464	UBA7	ENSG00000182179	GTEx_blood_eQTL	eQTL	deLange_IBD	1e-05	2.18465209984706e-08	ok		1438	1.07372183160314e-36	6.05336458215949e-08	1.77376024291959e-29	0.999999917619835	1	1
block464__QTD000356__ENSG00000182179__ENSG00000182179	block464	UBA7	ENSG00000182179	GTEx_blood_eQTL	eQTL	deLange_IBD	1e-06	2.1846521428014e-09	ok		1438	1.07372185271451e-36	6.05336470117995e-08	1.77376027779501e-29	0.999999937281702	1	1
block464__QTD000356__ENSG00000182179__ENSG00000182179	block464	UBA7	ENSG00000182179	GTEx_blood_eQTL	eQTL	FinnGen_IBD	1e-05	2.0517541624268e-08	ok		1438	6.21086904685714e-38	6.05336459019624e-08	1.02601924120762e-30	0.999999918948806	1	1
block464__QTD000356__ENSG00000182179__ENSG00000182179	block464	UBA7	ENSG00000182179	GTEx_blood_eQTL	eQTL	FinnGen_IBD	1e-06	2.05175420031407e-09	ok		1438	6.21086916154579e-38	6.05336470197644e-08	1.02601926015387e-30	0.999999937414602	1	1
block464__QTD000360__ENSG00000067560__3:49360382:49360928:clu_31498_-	block464	RHOA	ENSG00000067560	GTEx_blood_sQTL	sQTL	Howard_DEP	1e-05		not_estimable	no_signal_pair							
block464__QTD000360__ENSG00000067560__3:49360382:49360928:clu_31498_-	block464	RHOA	ENSG00000067560	GTEx_blood_sQTL	sQTL	Howard_DEP	1e-06		not_estimable	no_signal_pair							
block464__QTD000360__ENSG00000067560__3:49360382:49360928:clu_31498_-	block464	RHOA	ENSG00000067560	GTEx_blood_sQTL	sQTL	FinnGen_DEP	1e-05		not_estimable	no_signal_pair							
block464__QTD000360__ENSG00000067560__3:49360382:49360928:clu_31498_-	block464	RHOA	ENSG00000067560	GTEx_blood_sQTL	sQTL	FinnGen_DEP	1e-06		not_estimable	no_signal_pair							
block464__QTD000360__ENSG00000067560__3:49360382:49360928:clu_31498_-	block464	RHOA	ENSG00000067560	GTEx_blood_sQTL	sQTL	deLange_IBD	1e-05	0.00691013173995785	ok		1816	8.80020768821933e-31	0.0066090896127113	1.31353893680461e-28	0.986480778647331	1	1
block464__QTD000360__ENSG00000067560__3:49360382:49360928:clu_31498_-	block464	RHOA	ENSG00000067560	GTEx_blood_sQTL	sQTL	deLange_IBD	1e-06	0.000695337560729322	ok		1816	8.85527972274984e-31	0.00665044954696077	1.32175911344677e-28	0.992654212892307	1	1
block464__QTD000360__ENSG00000067560__3:49360382:49360928:clu_31498_-	block464	RHOA	ENSG00000067560	GTEx_blood_sQTL	sQTL	FinnGen_IBD	1e-05	0.00690276330590639	ok		1816	1.2207265786819e-32	0.00660913860082956	1.82208414744289e-30	0.986488098093267	1	1
block464__QTD000360__ENSG00000067560__3:49360382:49360928:clu_31498_-	block464	RHOA	ENSG00000067560	GTEx_blood_sQTL	sQTL	FinnGen_IBD	1e-06	0.000694591471057749	ok		1816	1.22835773511231e-32	0.00665045446255814	1.83347458441816e-30	0.992654954066388	1	1
block464__QTD000360__ENSG00000114316__3:49292598:49294407:clu_31495_-	block464	USP4	ENSG00000114316	GTEx_blood_sQTL	sQTL	Howard_DEP	1e-05		not_estimable	no_signal_pair							
block464__QTD000360__ENSG00000114316__3:49292598:49294407:clu_31495_-	block464	USP4	ENSG00000114316	GTEx_blood_sQTL	sQTL	Howard_DEP	1e-06		not_estimable	no_signal_pair							
block464__QTD000360__ENSG00000114316__3:49292598:49294407:clu_31495_-	block464	USP4	ENSG00000114316	GTEx_blood_sQTL	sQTL	FinnGen_DEP	1e-05		not_estimable	no_signal_pair							
block464__QTD000360__ENSG00000114316__3:49292598:49294407:clu_31495_-	block464	USP4	ENSG00000114316	GTEx_blood_sQTL	sQTL	FinnGen_DEP	1e-06		not_estimable	no_signal_pair							
block464__QTD000360__ENSG00000114316__3:49292598:49294407:clu_31495_-	block464	USP4	ENSG00000114316	GTEx_blood_sQTL	sQTL	deLange_IBD	1e-05	0.012427985569394	ok		1923	1.15604485528805e-30	0.0120956265143619	9.32327751419338e-29	0.97547638791624	1	1
block464__QTD000360__ENSG00000114316__3:49292598:49294407:clu_31495_-	block464	USP4	ENSG00000114316	GTEx_blood_sQTL	sQTL	deLange_IBD	1e-06	0.00125685673456336	ok		1923	1.1691217001445e-30	0.0122324487411521	9.42873973138058e-29	0.986510694524289	1	1
block464__QTD000360__ENSG00000114316__3:49292598:49294407:clu_31495_-	block464	USP4	ENSG00000114316	GTEx_blood_sQTL	sQTL	FinnGen_IBD	1e-05	0.0130226252951155	ok		1923	2.27953257417485e-32	0.0120883508352562	1.83839880385785e-30	0.974889023869631	1	1
block464__QTD000360__ENSG00000114316__3:49292598:49294407:clu_31495_-	block464	USP4	ENSG00000114316	GTEx_blood_sQTL	sQTL	FinnGen_IBD	1e-06	0.00131770652803876	ok		1923	2.30656636875965e-32	0.0122317109245357	1.86020103480269e-30	0.986450582547429	1	1
block464__QTD000360__ENSG00000164068__3:49700709:49701533:clu_21929_+	block464	RNF123	ENSG00000164068	GTEx_blood_sQTL	sQTL	Howard_DEP	1e-05		not_estimable	no_signal_pair							
block464__QTD000360__ENSG00000164068__3:49700709:49701533:clu_21929_+	block464	RNF123	ENSG00000164068	GTEx_blood_sQTL	sQTL	Howard_DEP	1e-06		not_estimable	no_signal_pair							
block464__QTD000360__ENSG00000164068__3:49700709:49701533:clu_21929_+	block464	RNF123	ENSG00000164068	GTEx_blood_sQTL	sQTL	FinnGen_DEP	1e-05		not_estimable	no_signal_pair							
block464__QTD000360__ENSG00000164068__3:49700709:49701533:clu_21929_+	block464	RNF123	ENSG00000164068	GTEx_blood_sQTL	sQTL	FinnGen_DEP	1e-06		not_estimable	no_signal_pair							
block464__QTD000360__ENSG00000164068__3:49700709:49701533:clu_21929_+	block464	RNF123	ENSG00000164068	GTEx_blood_sQTL	sQTL	deLange_IBD	1e-05	8.83915426926603e-23	ok		1520	1.57588404319196e-60	4.58765758001752e-32	3.43505158287319e-29	1	1	1
block464__QTD000360__ENSG00000164068__3:49700709:49701533:clu_21929_+	block464	RNF123	ENSG00000164068	GTEx_blood_sQTL	sQTL	deLange_IBD	1e-06	8.83915426926599e-24	ok		1520	1.57588404319196e-60	4.58765758001752e-32	3.43505158287319e-29	1	1	1
block464__QTD000360__ENSG00000164068__3:49700709:49701533:clu_21929_+	block464	RNF123	ENSG00000164068	GTEx_blood_sQTL	sQTL	FinnGen_IBD	1e-05	2.51307720183531e-24	ok		1520	5.56419005187979e-62	4.58765758001758e-32	1.21286080201706e-30	1	1	1
block464__QTD000360__ENSG00000164068__3:49700709:49701533:clu_21929_+	block464	RNF123	ENSG00000164068	GTEx_blood_sQTL	sQTL	FinnGen_IBD	1e-06	2.5130772018353e-25	ok		1520	5.56419005187979e-62	4.58765758001758e-32	1.21286080201706e-30	1	1	1
block464__QTD000360__ENSG00000173531__3:49684189:49684314:clu_31528_-	block464	MST1	ENSG00000173531	GTEx_blood_sQTL	sQTL	Howard_DEP	1e-05		not_estimable	no_signal_pair							
block464__QTD000360__ENSG00000173531__3:49684189:49684314:clu_31528_-	block464	MST1	ENSG00000173531	GTEx_blood_sQTL	sQTL	Howard_DEP	1e-06		not_estimable	no_signal_pair							
block464__QTD000360__ENSG00000173531__3:49684189:49684314:clu_31528_-	block464	MST1	ENSG00000173531	GTEx_blood_sQTL	sQTL	FinnGen_DEP	1e-05		not_estimable	no_signal_pair							
block464__QTD000360__ENSG00000173531__3:49684189:49684314:clu_31528_-	block464	MST1	ENSG00000173531	GTEx_blood_sQTL	sQTL	FinnGen_DEP	1e-06		not_estimable	no_signal_pair							
block464__QTD000360__ENSG00000173531__3:49684189:49684314:clu_31528_-	block464	MST1	ENSG00000173531	GTEx_blood_sQTL	sQTL	deLange_IBD	1e-05	0.981635539074982	ok		1542	2.47778163299161e-52	5.68724024272363e-24	8.42858758255257e-31	0.0183644609250182	1	1
block464__QTD000360__ENSG00000173531__3:49684189:49684314:clu_31528_-	block464	MST1	ENSG00000173531	GTEx_blood_sQTL	sQTL	deLange_IBD	1e-06	0.842403039720416	ok		1542	2.12633986475517e-51	4.88057764555398e-23	7.23309977833812e-30	0.157596960279578	1	1
block464__QTD000360__ENSG00000173531__3:49684189:49684314:clu_31528_-	block464	MST1	ENSG00000173531	GTEx_blood_sQTL	sQTL	FinnGen_IBD	1e-05	0.985267524832664	ok		1542	5.59421036105059e-54	4.62060028128037e-24	1.90296398017967e-32	0.014732475167334	1	1
block464__QTD000360__ENSG00000173531__3:49684189:49684314:clu_31528_-	block464	MST1	ENSG00000173531	GTEx_blood_sQTL	sQTL	FinnGen_IBD	1e-06	0.869922517812122	ok		1542	4.93929764231531e-53	4.0796678355734e-23	1.68018449326728e-31	0.130077482187881	1	1
block464__QTD000360__ENSG00000233276__3:49357747:49358027:clu_31497_-	block464	GPX1	ENSG00000233276	GTEx_blood_sQTL	sQTL	Howard_DEP	1e-05		not_estimable	no_signal_pair							
block464__QTD000360__ENSG00000233276__3:49357747:49358027:clu_31497_-	block464	GPX1	ENSG00000233276	GTEx_blood_sQTL	sQTL	Howard_DEP	1e-06		not_estimable	no_signal_pair							
block464__QTD000360__ENSG00000233276__3:49357747:49358027:clu_31497_-	block464	GPX1	ENSG00000233276	GTEx_blood_sQTL	sQTL	FinnGen_DEP	1e-05		not_estimable	no_signal_pair							
block464__QTD000360__ENSG00000233276__3:49357747:49358027:clu_31497_-	block464	GPX1	ENSG00000233276	GTEx_blood_sQTL	sQTL	FinnGen_DEP	1e-06		not_estimable	no_signal_pair							
block464__QTD000360__ENSG00000233276__3:49357747:49358027:clu_31497_-	block464	GPX1	ENSG00000233276	GTEx_blood_sQTL	sQTL	deLange_IBD	1e-05	1.82864911399933e-08	ok		1837	1.81903459760937e-37	1.47692455897306e-09	1.23163674856696e-28	0.999999980236581	1	1
block464__QTD000360__ENSG00000233276__3:49357747:49358027:clu_31497_-	block464	GPX1	ENSG00000233276	GTEx_blood_sQTL	sQTL	deLange_IBD	1e-05	2.11356379254157e-05	ok		1837	6.4498500344354e-33	5.23681183968142e-05	1.231546268988e-28	0.999926496243681	1	2
block464__QTD000360__ENSG00000233276__3:49357747:49358027:clu_31497_-	block464	GPX1	ENSG00000233276	GTEx_blood_sQTL	sQTL	deLange_IBD	1e-06	1.82864914409495e-09	ok		1837	1.81903462754677e-37	1.47692458328006e-09	1.23163676883705e-28	0.999999996694427	1	1
block464__QTD000360__ENSG00000233276__3:49357747:49358027:clu_31497_-	block464	GPX1	ENSG00000233276	GTEx_blood_sQTL	sQTL	deLange_IBD	1e-06	2.11360399767348e-06	ok		1837	6.4499727262947e-33	5.23691145659933e-05	1.23156969599804e-28	0.999945517281431	1	2
block464__QTD000360__ENSG00000233276__3:49357747:49358027:clu_31497_-	block464	GPX1	ENSG00000233276	GTEx_blood_sQTL	sQTL	FinnGen_IBD	1e-05	1.74718124640285e-08	ok		1837	2.62756703797648e-39	1.47692456017507e-09	1.77908002824588e-30	0.999999981051261	1	1
block464__QTD000360__ENSG00000233276__3:49357747:49358027:clu_31497_-	block464	GPX1	ENSG00000233276	GTEx_blood_sQTL	sQTL	FinnGen_IBD	1e-05	2.15104405896971e-05	ok		1837	9.31670404352732e-35	5.23680987883173e-05	1.7789486643585e-30	0.999926121460619	1	2
block464__QTD000360__ENSG00000233276__3:49357747:49358027:clu_31497_-	block464	GPX1	ENSG00000233276	GTEx_blood_sQTL	sQTL	FinnGen_IBD	1e-06	1.74718127387664e-09	ok		1837	2.62756707929402e-39	1.47692458339917e-09	1.77908005622124e-30	0.999999996775898	1	1
block464__QTD000360__ENSG00000233276__3:49357747:49358027:clu_31497_-	block464	GPX1	ENSG00000233276	GTEx_blood_sQTL	sQTL	FinnGen_IBD	1e-06	2.1510857026908e-06	ok		1837	9.31688441278714e-35	5.23691126227348e-05	1.77898310439784e-30	0.999945479801676	1	2
block464__QTD000021__ENSG00000164068__ENSG00000164068	block464	RNF123	ENSG00000164068	BLUEPRINT_monocyte_eQTL	eQTL	Howard_DEP	1e-05		not_estimable	no_signal_pair							
block464__QTD000021__ENSG00000164068__ENSG00000164068	block464	RNF123	ENSG00000164068	BLUEPRINT_monocyte_eQTL	eQTL	Howard_DEP	1e-06		not_estimable	no_signal_pair							
block464__QTD000021__ENSG00000164068__ENSG00000164068	block464	RNF123	ENSG00000164068	BLUEPRINT_monocyte_eQTL	eQTL	FinnGen_DEP	1e-05		not_estimable	no_signal_pair							
block464__QTD000021__ENSG00000164068__ENSG00000164068	block464	RNF123	ENSG00000164068	BLUEPRINT_monocyte_eQTL	eQTL	FinnGen_DEP	1e-06		not_estimable	no_signal_pair							
block464__QTD000021__ENSG00000164068__ENSG00000164068	block464	RNF123	ENSG00000164068	BLUEPRINT_monocyte_eQTL	eQTL	deLange_IBD	1e-05	0.181888482423296	ok		1571	3.10360519329733e-32	0.000773656647617805	3.27956664976539e-29	0.817337860929087	1	1
block464__QTD000021__ENSG00000164068__ENSG00000164068	block464	RNF123	ENSG00000164068	BLUEPRINT_monocyte_eQTL	eQTL	deLange_IBD	1e-06	0.0217491812579995	ok		1571	3.71111304041795e-32	0.000925094235562265	3.92151765538632e-29	0.977325724506434	1	1
block464__QTD000021__ENSG00000164068__ENSG00000164068	block464	RNF123	ENSG00000164068	BLUEPRINT_monocyte_eQTL	eQTL	FinnGen_IBD	1e-05	0.182776070959688	ok		1571	9.60481683666472e-34	0.000772818314963926	1.0149369849831e-30	0.816451110725351	1	1
block464__QTD000021__ENSG00000164068__ENSG00000164068	block464	RNF123	ENSG00000164068	BLUEPRINT_monocyte_eQTL	eQTL	FinnGen_IBD	1e-06	0.0218762100432419	ok		1571	1.14958697515764e-33	0.000924975337014657	1.21476375696039e-30	0.977198814619739	1	1
block464__QTD000021__ENSG00000173540__ENSG00000173540	block464	GMPPB	ENSG00000173540	BLUEPRINT_monocyte_eQTL	eQTL	Howard_DEP	1e-05		not_estimable	no_signal_pair							
block464__QTD000021__ENSG00000173540__ENSG00000173540	block464	GMPPB	ENSG00000173540	BLUEPRINT_monocyte_eQTL	eQTL	Howard_DEP	1e-06		not_estimable	no_signal_pair							
block464__QTD000021__ENSG00000173540__ENSG00000173540	block464	GMPPB	ENSG00000173540	BLUEPRINT_monocyte_eQTL	eQTL	FinnGen_DEP	1e-05		not_estimable	no_signal_pair							
block464__QTD000021__ENSG00000173540__ENSG00000173540	block464	GMPPB	ENSG00000173540	BLUEPRINT_monocyte_eQTL	eQTL	FinnGen_DEP	1e-06		not_estimable	no_signal_pair							
block464__QTD000021__ENSG00000173540__ENSG00000173540	block464	GMPPB	ENSG00000173540	BLUEPRINT_monocyte_eQTL	eQTL	deLange_IBD	1e-05	0.00193814968061768	ok		1528	1.60749902325735e-31	0.00893577277839444	1.77938982842503e-29	0.989126077540995	1	1
block464__QTD000021__ENSG00000173540__ENSG00000173540	block464	GMPPB	ENSG00000173540	BLUEPRINT_monocyte_eQTL	eQTL	deLange_IBD	1e-06	0.000194153636990337	ok		1528	1.61030793929376e-31	0.0089513869934526	1.78249910348633e-29	0.99085445936956	1	1
block464__QTD000021__ENSG00000173540__ENSG00000173540	block464	GMPPB	ENSG00000173540	BLUEPRINT_monocyte_eQTL	eQTL	FinnGen_IBD	1e-05	0.00194304725577183	ok		1528	1.12745258365789e-32	0.0089357289737242	1.24801174393697e-30	0.989121223770505	1	1
block464__QTD000021__ENSG00000173540__ENSG00000173540	block464	GMPPB	ENSG00000173540	BLUEPRINT_monocyte_eQTL	eQTL	FinnGen_IBD	1e-06	0.000194645109758911	ok		1528	1.12942766184493e-32	0.00895138263724596	1.25019801838287e-30	0.990853972252992	1	1
block464__QTD000025__ENSG00000233276__3:49357747:49358027:clu_18347_-	block464	GPX1	ENSG00000233276	BLUEPRINT_monocyte_sQTL	sQTL	Howard_DEP	1e-05		not_estimable	no_signal_pair							
block464__QTD000025__ENSG00000233276__3:49357747:49358027:clu_18347_-	block464	GPX1	ENSG00000233276	BLUEPRINT_monocyte_sQTL	sQTL	Howard_DEP	1e-06		not_estimable	no_signal_pair							
block464__QTD000025__ENSG00000233276__3:49357747:49358027:clu_18347_-	block464	GPX1	ENSG00000233276	BLUEPRINT_monocyte_sQTL	sQTL	FinnGen_DEP	1e-05		not_estimable	no_signal_pair							
block464__QTD000025__ENSG00000233276__3:49357747:49358027:clu_18347_-	block464	GPX1	ENSG00000233276	BLUEPRINT_monocyte_sQTL	sQTL	FinnGen_DEP	1e-06		not_estimable	no_signal_pair							
block464__QTD000025__ENSG00000233276__3:49357747:49358027:clu_18347_-	block464	GPX1	ENSG00000233276	BLUEPRINT_monocyte_sQTL	sQTL	deLange_IBD	1e-05	0.00165293912183346	ok		1870	1.11912363689031e-30	0.00829224803986986	1.33618240479569e-28	0.990054812838293	1	1
block464__QTD000025__ENSG00000233276__3:49357747:49358027:clu_18347_-	block464	GPX1	ENSG00000233276	BLUEPRINT_monocyte_sQTL	sQTL	deLange_IBD	1e-06	0.000165540177235014	ok		1870	1.12079097621709e-30	0.00830460234176161	1.33817313164466e-28	0.991529857480997	1	1
block464__QTD000025__ENSG00000233276__3:49357747:49358027:clu_18347_-	block464	GPX1	ENSG00000233276	BLUEPRINT_monocyte_sQTL	sQTL	FinnGen_IBD	1e-05	0.00166004715005614	ok		1870	1.35751069776568e-32	0.00829218905988555	1.62080564549296e-30	0.990047763790059	1	1
block464__QTD000025__ENSG00000233276__3:49357747:49358027:clu_18347_-	block464	GPX1	ENSG00000233276	BLUEPRINT_monocyte_sQTL	sQTL	FinnGen_IBD	1e-06	0.000166253104198244	ok		1870	1.35954191107305e-32	0.00830459647943177	1.62323082122174e-30	0.991529150416369	1	1
block464__QTD000031__ENSG00000047849__ENSG00000047849	block464	MAP4	ENSG00000047849	BLUEPRINT_CD4_T_eQTL	eQTL	Howard_DEP	1e-05	0.000158930294192921	ok		1146	1.01185508175434e-08	2.35739757903898e-06	0.00427322128792009	0.995565480901757	1	1
block464__QTD000031__ENSG00000047849__ENSG00000047849	block464	MAP4	ENSG00000047849	BLUEPRINT_CD4_T_eQTL	eQTL	Howard_DEP	1e-06	1.58953030399617e-05	ok		1146	1.01199983544275e-08	2.35773482297913e-06	0.00427383260524606	0.995707904236894	1	1
block464__QTD000031__ENSG00000047849__ENSG00000047849	block464	MAP4	ENSG00000047849	BLUEPRINT_CD4_T_eQTL	eQTL	FinnGen_DEP	1e-05		not_estimable	no_signal_pair							
block464__QTD000031__ENSG00000047849__ENSG00000047849	block464	MAP4	ENSG00000047849	BLUEPRINT_CD4_T_eQTL	eQTL	FinnGen_DEP	1e-06		not_estimable	no_signal_pair							
block464__QTD000031__ENSG00000047849__ENSG00000047849	block464	MAP4	ENSG00000047849	BLUEPRINT_CD4_T_eQTL	eQTL	deLange_IBD	1e-05	1.57050966746186e-06	ok		1146	1.61861260570218e-12	2.36788674962095e-06	6.83565262289369e-07	0.999995378036703	2	1
block464__QTD000031__ENSG00000047849__ENSG00000047849	block464	MAP4	ENSG00000047849	BLUEPRINT_CD4_T_eQTL	eQTL	deLange_IBD	1e-05	5.77007241847127e-08	ok		1146	5.64006507381064e-21	2.36789194681967e-06	2.38188714700882e-15	0.999997574407324	1	1
block464__QTD000031__ENSG00000047849__ENSG00000047849	block464	MAP4	ENSG00000047849	BLUEPRINT_CD4_T_eQTL	eQTL	deLange_IBD	1e-06	1.57051188731555e-07	ok		1146	1.61861489354748e-12	2.36789009653581e-06	6.83566228482002e-07	0.999996791490868	2	1
block464__QTD000031__ENSG00000047849__ENSG00000047849	block464	MAP4	ENSG00000047849	BLUEPRINT_CD4_T_eQTL	eQTL	deLange_IBD	1e-06	5.77007271811493e-09	ok		1146	5.64006536670292e-21	2.36789206978585e-06	2.38188727070179e-15	0.999997626337855	1	1
block464__QTD000031__ENSG00000047849__ENSG00000047849	block464	MAP4	ENSG00000047849	BLUEPRINT_CD4_T_eQTL	eQTL	FinnGen_IBD	1e-05	4.40880209655044e-08	ok		1146	1.24120798946327e-16	2.36789197889678e-06	5.24181426663886e-11	0.99999758796758	1	1
block464__QTD000031__ENSG00000047849__ENSG00000047849	block464	MAP4	ENSG00000047849	BLUEPRINT_CD4_T_eQTL	eQTL	FinnGen_IBD	1e-05	5.34986783469033e-06	ok		1146	5.87304389634641e-14	2.36787936933996e-06	2.48027772507147e-08	0.99999225744996	2	1
block464__QTD000031__ENSG00000047849__ENSG00000047849	block464	MAP4	ENSG00000047849	BLUEPRINT_CD4_T_eQTL	eQTL	FinnGen_IBD	1e-05	0.00166938438125281	ok		1146	1.92239495008283e-07	2.17170361916558e-06	0.0811857268161495	0.917142524859484	3	1
block464__QTD000031__ENSG00000047849__ENSG00000047849	block464	MAP4	ENSG00000047849	BLUEPRINT_CD4_T_eQTL	eQTL	FinnGen_IBD	1e-06	4.40880227148827e-09	ok		1146	1.24120803871343e-16	2.3678920728529e-06	5.24181447462998e-11	0.999997627646707	1	1
block464__QTD000031__ENSG00000047849__ENSG00000047849	block464	MAP4	ENSG00000047849	BLUEPRINT_CD4_T_eQTL	eQTL	FinnGen_IBD	1e-06	5.3498935937916e-07	ok		1146	5.87307217449032e-14	2.36789077045236e-06	2.48028966737119e-08	0.999997072316913	2	1
block464__QTD000031__ENSG00000047849__ENSG00000047849	block464	MAP4	ENSG00000047849	BLUEPRINT_CD4_T_eQTL	eQTL	FinnGen_IBD	1e-06	0.000167189631508874	ok		1146	1.9252875906127e-07	2.17497139611609e-06	0.081307887521901	0.918522555346435	3	1
block464__QTD000031__ENSG00000164068__ENSG00000164068	block464	RNF123	ENSG00000164068	BLUEPRINT_CD4_T_eQTL	eQTL	Howard_DEP	1e-05		not_estimable	no_signal_pair							
block464__QTD000031__ENSG00000164068__ENSG00000164068	block464	RNF123	ENSG00000164068	BLUEPRINT_CD4_T_eQTL	eQTL	Howard_DEP	1e-06		not_estimable	no_signal_pair							
block464__QTD000031__ENSG00000164068__ENSG00000164068	block464	RNF123	ENSG00000164068	BLUEPRINT_CD4_T_eQTL	eQTL	FinnGen_DEP	1e-05		not_estimable	no_signal_pair							
block464__QTD000031__ENSG00000164068__ENSG00000164068	block464	RNF123	ENSG00000164068	BLUEPRINT_CD4_T_eQTL	eQTL	FinnGen_DEP	1e-06		not_estimable	no_signal_pair							
block464__QTD000031__ENSG00000164068__ENSG00000164068	block464	RNF123	ENSG00000164068	BLUEPRINT_CD4_T_eQTL	eQTL	deLange_IBD	1e-05		not_estimable	no_signal_pair							
block464__QTD000031__ENSG00000164068__ENSG00000164068	block464	RNF123	ENSG00000164068	BLUEPRINT_CD4_T_eQTL	eQTL	deLange_IBD	1e-06		not_estimable	no_signal_pair							
block464__QTD000031__ENSG00000164068__ENSG00000164068	block464	RNF123	ENSG00000164068	BLUEPRINT_CD4_T_eQTL	eQTL	FinnGen_IBD	1e-05		not_estimable	no_signal_pair							
block464__QTD000031__ENSG00000164068__ENSG00000164068	block464	RNF123	ENSG00000164068	BLUEPRINT_CD4_T_eQTL	eQTL	FinnGen_IBD	1e-06		not_estimable	no_signal_pair							
block464__QTD000031__ENSG00000173540__ENSG00000173540	block464	GMPPB	ENSG00000173540	BLUEPRINT_CD4_T_eQTL	eQTL	Howard_DEP	1e-05		not_estimable	no_signal_pair							
block464__QTD000031__ENSG00000173540__ENSG00000173540	block464	GMPPB	ENSG00000173540	BLUEPRINT_CD4_T_eQTL	eQTL	Howard_DEP	1e-06		not_estimable	no_signal_pair							
block464__QTD000031__ENSG00000173540__ENSG00000173540	block464	GMPPB	ENSG00000173540	BLUEPRINT_CD4_T_eQTL	eQTL	FinnGen_DEP	1e-05		not_estimable	no_signal_pair							
block464__QTD000031__ENSG00000173540__ENSG00000173540	block464	GMPPB	ENSG00000173540	BLUEPRINT_CD4_T_eQTL	eQTL	FinnGen_DEP	1e-06		not_estimable	no_signal_pair							
block464__QTD000031__ENSG00000173540__ENSG00000173540	block464	GMPPB	ENSG00000173540	BLUEPRINT_CD4_T_eQTL	eQTL	deLange_IBD	1e-05	1.46247394170004e-14	ok		1519	7.51159655233164e-43	4.14493311635008e-14	1.81223588933218e-29	0.999999999999943	1	1
block464__QTD000031__ENSG00000173540__ENSG00000173540	block464	GMPPB	ENSG00000173540	BLUEPRINT_CD4_T_eQTL	eQTL	deLange_IBD	1e-06	1.46247394170006e-15	ok		1519	7.51159655233175e-43	4.14493311635014e-14	1.81223588933224e-29	0.999999999999957	1	1
block464__QTD000031__ENSG00000173540__ENSG00000173540	block464	GMPPB	ENSG00000173540	BLUEPRINT_CD4_T_eQTL	eQTL	FinnGen_IBD	1e-05	1.60999928630421e-14	ok		1519	5.2969324999767e-44	4.14493311635008e-14	1.27792954706122e-30	0.999999999999943	1	1
block464__QTD000031__ENSG00000173540__ENSG00000173540	block464	GMPPB	ENSG00000173540	BLUEPRINT_CD4_T_eQTL	eQTL	FinnGen_IBD	1e-06	1.60999928630422e-15	ok		1519	5.29693249997678e-44	4.14493311635014e-14	1.27792954706126e-30	0.999999999999957	1	1
block464__QTD000031__ENSG00000182179__ENSG00000182179	block464	UBA7	ENSG00000182179	BLUEPRINT_CD4_T_eQTL	eQTL	Howard_DEP	1e-05		not_estimable	no_signal_pair							
block464__QTD000031__ENSG00000182179__ENSG00000182179	block464	UBA7	ENSG00000182179	BLUEPRINT_CD4_T_eQTL	eQTL	Howard_DEP	1e-06		not_estimable	no_signal_pair							
block464__QTD000031__ENSG00000182179__ENSG00000182179	block464	UBA7	ENSG00000182179	BLUEPRINT_CD4_T_eQTL	eQTL	FinnGen_DEP	1e-05		not_estimable	no_signal_pair							
block464__QTD000031__ENSG00000182179__ENSG00000182179	block464	UBA7	ENSG00000182179	BLUEPRINT_CD4_T_eQTL	eQTL	FinnGen_DEP	1e-06		not_estimable	no_signal_pair							
block464__QTD000031__ENSG00000182179__ENSG00000182179	block464	UBA7	ENSG00000182179	BLUEPRINT_CD4_T_eQTL	eQTL	deLange_IBD	1e-05	1.67730209823594e-10	ok		1460	3.97837861593874e-42	2.66265720502993e-13	1.49413848983476e-29	0.999999999831999	1	1
block464__QTD000031__ENSG00000182179__ENSG00000182179	block464	UBA7	ENSG00000182179	BLUEPRINT_CD4_T_eQTL	eQTL	deLange_IBD	1e-06	1.67730209848914e-11	ok		1460	3.97837861653933e-42	2.66265720543189e-13	1.49413849006029e-29	0.999999999982961	1	1
block464__QTD000031__ENSG00000182179__ENSG00000182179	block464	UBA7	ENSG00000182179	BLUEPRINT_CD4_T_eQTL	eQTL	FinnGen_IBD	1e-05	1.76664608633796e-10	ok		1460	2.88646847844154e-43	2.66265720500617e-13	1.08405560900005e-30	0.999999999823075	1	1
block464__QTD000031__ENSG00000182179__ENSG00000182179	block464	UBA7	ENSG00000182179	BLUEPRINT_CD4_T_eQTL	eQTL	FinnGen_IBD	1e-06	1.76664608661883e-11	ok		1460	2.88646847890046e-43	2.66265720542951e-13	1.08405560917241e-30	0.999999999982066	1	1
block464__QTD000035__ENSG00000145022__3:49423154:49424603:clu_51417_-	block464	TCTA	ENSG00000145022	BLUEPRINT_CD4_T_sQTL	sQTL	Howard_DEP	1e-05		not_estimable	no_signal_pair							
block464__QTD000035__ENSG00000145022__3:49423154:49424603:clu_51417_-	block464	TCTA	ENSG00000145022	BLUEPRINT_CD4_T_sQTL	sQTL	Howard_DEP	1e-06		not_estimable	no_signal_pair							
block464__QTD000035__ENSG00000145022__3:49423154:49424603:clu_51417_-	block464	TCTA	ENSG00000145022	BLUEPRINT_CD4_T_sQTL	sQTL	FinnGen_DEP	1e-05		not_estimable	no_signal_pair							
block464__QTD000035__ENSG00000145022__3:49423154:49424603:clu_51417_-	block464	TCTA	ENSG00000145022	BLUEPRINT_CD4_T_sQTL	sQTL	FinnGen_DEP	1e-06		not_estimable	no_signal_pair							
block464__QTD000035__ENSG00000145022__3:49423154:49424603:clu_51417_-	block464	TCTA	ENSG00000145022	BLUEPRINT_CD4_T_sQTL	sQTL	deLange_IBD	1e-05	1.49763983331945e-06	ok		1790	3.02971338773007e-33	1.73922855587857e-05	1.74195401229323e-28	0.999981110074614	1	1
block464__QTD000035__ENSG00000145022__3:49423154:49424603:clu_51417_-	block464	TCTA	ENSG00000145022	BLUEPRINT_CD4_T_sQTL	sQTL	deLange_IBD	1e-06	1.49764185195472e-07	ok		1790	3.02971747141305e-33	1.73923090014588e-05	1.74195636023412e-28	0.999982457926808	1	1
block464__QTD000035__ENSG00000145022__3:49423154:49424603:clu_51417_-	block464	TCTA	ENSG00000145022	BLUEPRINT_CD4_T_sQTL	sQTL	FinnGen_IBD	1e-05	1.49850178869281e-06	ok		1790	3.29230803539266e-35	1.73922855438093e-05	1.89293456443228e-30	0.999981109212671	1	1
block464__QTD000035__ENSG00000145022__3:49423154:49424603:clu_51417_-	block464	TCTA	ENSG00000145022	BLUEPRINT_CD4_T_sQTL	sQTL	FinnGen_IBD	1e-06	1.49850380965237e-07	ok		1790	3.29231247557517e-35	1.73923089999748e-05	1.89293711734497e-30	0.999982457840621	1	1
block464__QTD000035__ENSG00000164068__3:49700709:49701533:clu_51437_-	block464	RNF123	ENSG00000164068	BLUEPRINT_CD4_T_sQTL	sQTL	Howard_DEP	1e-05		not_estimable	no_signal_pair							
block464__QTD000035__ENSG00000164068__3:49700709:49701533:clu_51437_-	block464	RNF123	ENSG00000164068	BLUEPRINT_CD4_T_sQTL	sQTL	Howard_DEP	1e-06		not_estimable	no_signal_pair							
block464__QTD000035__ENSG00000164068__3:49700709:49701533:clu_51437_-	block464	RNF123	ENSG00000164068	BLUEPRINT_CD4_T_sQTL	sQTL	FinnGen_DEP	1e-05		not_estimable	no_signal_pair							
block464__QTD000035__ENSG00000164068__3:49700709:49701533:clu_51437_-	block464	RNF123	ENSG00000164068	BLUEPRINT_CD4_T_sQTL	sQTL	FinnGen_DEP	1e-06		not_estimable	no_signal_pair							
block464__QTD000035__ENSG00000164068__3:49700709:49701533:clu_51437_-	block464	RNF123	ENSG00000164068	BLUEPRINT_CD4_T_sQTL	sQTL	deLange_IBD	1e-05	4.99384856221385e-10	ok		1544	1.10106936728229e-39	3.37071525124489e-11	3.26657485021677e-29	0.999999999466908	1	1
block464__QTD000035__ENSG00000164068__3:49700709:49701533:clu_51437_-	block464	RNF123	ENSG00000164068	BLUEPRINT_CD4_T_sQTL	sQTL	deLange_IBD	1e-06	4.9938485644583e-11	ok		1544	1.10106936777716e-39	3.37071525275984e-11	3.26657485168487e-29	0.999999999916355	1	1
block464__QTD000035__ENSG00000164068__3:49700709:49701533:clu_51437_-	block464	RNF123	ENSG00000164068	BLUEPRINT_CD4_T_sQTL	sQTL	FinnGen_IBD	1e-05	5.10627065731995e-10	ok		1544	4.22434599024073e-41	3.37071525120704e-11	1.25324913946103e-30	0.999999999455667	1	1
block464__QTD000035__ENSG00000164068__3:49700709:49701533:clu_51437_-	block464	RNF123	ENSG00000164068	BLUEPRINT_CD4_T_sQTL	sQTL	FinnGen_IBD	1e-06	5.10627065966659e-11	ok		1544	4.22434599218209e-41	3.37071525275611e-11	1.25324914003699e-30	0.999999999915232	1	1
block1671__QTD000226__ENSG00000134824__ENSG00000134824	block1671	FADS2	ENSG00000134824	GTEx_colon_sigmoid_eQTL	eQTL	Howard_DEP	1e-05	0.00722358377761831	ok		1739	2.42889107555432e-07	1.79591354518974e-05	0.0132475324603067	0.979510681737515	1	1
block1671__QTD000226__ENSG00000134824__ENSG00000134824	block1671	FADS2	ENSG00000134824	GTEx_colon_sigmoid_eQTL	eQTL	Howard_DEP	1e-06	0.000727085323333752	ok		1739	2.44478517503143e-07	1.8076655866159e-05	0.0133342212381071	0.985920372304175	1	1
block1671__QTD000226__ENSG00000134824__ENSG00000134824	block1671	FADS2	ENSG00000134824	GTEx_colon_sigmoid_eQTL	eQTL	FinnGen_DEP	1e-05	0.00228830259762358	ok		1739	6.71617384724223e-07	1.76208017718378e-05	0.0366310090830643	0.961062395900155	1	1
block1671__QTD000226__ENSG00000134824__ENSG00000134824	block1671	FADS2	ENSG00000134824	GTEx_colon_sigmoid_eQTL	eQTL	FinnGen_DEP	1e-06	0.000229302501922069	ok		1739	6.73003416644088e-07	1.76571662172272e-05	0.0367066053213404	0.963045762007104	1	1
block1671__QTD000226__ENSG00000134824__ENSG00000134824	block1671	FADS2	ENSG00000134824	GTEx_colon_sigmoid_eQTL	eQTL	deLange_IBD	1e-05		not_estimable	no_signal_pair							
block1671__QTD000226__ENSG00000134824__ENSG00000134824	block1671	FADS2	ENSG00000134824	GTEx_colon_sigmoid_eQTL	eQTL	deLange_IBD	1e-06		not_estimable	no_signal_pair							
block1671__QTD000226__ENSG00000134824__ENSG00000134824	block1671	FADS2	ENSG00000134824	GTEx_colon_sigmoid_eQTL	eQTL	FinnGen_IBD	1e-05		not_estimable	no_signal_pair							
block1671__QTD000226__ENSG00000134824__ENSG00000134824	block1671	FADS2	ENSG00000134824	GTEx_colon_sigmoid_eQTL	eQTL	FinnGen_IBD	1e-06		not_estimable	no_signal_pair							
block1671__QTD000226__ENSG00000149485__ENSG00000149485	block1671	FADS1	ENSG00000149485	GTEx_colon_sigmoid_eQTL	eQTL	Howard_DEP	1e-05	0.0318589100189474	ok		1641	1.33998754576191e-05	0.00097604534810343	0.0130983890620689	0.954053255695422	1	1
block1671__QTD000226__ENSG00000149485__ENSG00000149485	block1671	FADS1	ENSG00000149485	GTEx_colon_sigmoid_eQTL	eQTL	Howard_DEP	1e-06	0.0032799366889518	ok		1641	1.37954321458866e-05	0.00100485765062936	0.0134850460437265	0.982216364184547	1	1
block1671__QTD000226__ENSG00000149485__ENSG00000149485	block1671	FADS1	ENSG00000149485	GTEx_colon_sigmoid_eQTL	eQTL	FinnGen_DEP	1e-05	0.950284289872021	ok		1641	1.92374713303244e-06	4.98554584635849e-05	0.00188046437335886	0.0477834665490242	1	1
block1671__QTD000226__ENSG00000149485__ENSG00000149485	block1671	FADS1	ENSG00000149485	GTEx_colon_sigmoid_eQTL	eQTL	FinnGen_DEP	1e-06	0.656526955551424	ok		1641	1.32906737695375e-05	0.000344438529728045	0.0129916443239367	0.330123670921141	1	1
block1671__QTD000226__ENSG00000149485__ENSG00000149485	block1671	FADS1	ENSG00000149485	GTEx_colon_sigmoid_eQTL	eQTL	deLange_IBD	1e-05		not_estimable	no_signal_pair							
block1671__QTD000226__ENSG00000149485__ENSG00000149485	block1671	FADS1	ENSG00000149485	GTEx_colon_sigmoid_eQTL	eQTL	deLange_IBD	1e-06		not_estimable	no_signal_pair							
block1671__QTD000226__ENSG00000149485__ENSG00000149485	block1671	FADS1	ENSG00000149485	GTEx_colon_sigmoid_eQTL	eQTL	FinnGen_IBD	1e-05		not_estimable	no_signal_pair							
block1671__QTD000226__ENSG00000149485__ENSG00000149485	block1671	FADS1	ENSG00000149485	GTEx_colon_sigmoid_eQTL	eQTL	FinnGen_IBD	1e-06		not_estimable	no_signal_pair							
block1671__QTD000230__ENSG00000134780__11:61729008:61731317:clu_61952_+	block1671	DAGLA	ENSG00000134780	GTEx_colon_sigmoid_sQTL	sQTL	Howard_DEP	1e-05	0.0019514705945717	ok		1808	7.6205038457029e-08	5.63664566392075e-06	0.0133131502802183	0.984729666274506	1	1
block1671__QTD000230__ENSG00000134780__11:61729008:61731317:clu_61952_+	block1671	DAGLA	ENSG00000134780	GTEx_colon_sigmoid_sQTL	sQTL	Howard_DEP	1e-06	0.000195490403854349	ok		1808	7.63391146407224e-08	5.64656285515577e-06	0.013336573618342	0.986462213075833	1	1
block1671__QTD000230__ENSG00000134780__11:61729008:61731317:clu_61952_+	block1671	DAGLA	ENSG00000134780	GTEx_colon_sigmoid_sQTL	sQTL	FinnGen_DEP	1e-05	0.000850650129430615	ok		1808	2.04906167800908e-07	5.51423934056604e-06	0.0357974572352636	0.963346173489797	1	1
block1671__QTD000230__ENSG00000134780__11:61729008:61731317:clu_61952_+	block1671	DAGLA	ENSG00000134780	GTEx_colon_sigmoid_sQTL	sQTL	FinnGen_DEP	1e-06	8.51301873474585e-05	ok		1808	2.0506316110499e-07	5.51846419461931e-06	0.0358248842334326	0.964084262051864	1	1
block1671__QTD000230__ENSG00000134780__11:61729008:61731317:clu_61952_+	block1671	DAGLA	ENSG00000134780	GTEx_colon_sigmoid_sQTL	sQTL	deLange_IBD			not_screened_by_abf_gate								
block1671__QTD000230__ENSG00000134780__11:61729008:61731317:clu_61952_+	block1671	DAGLA	ENSG00000134780	GTEx_colon_sigmoid_sQTL	sQTL	FinnGen_IBD	1e-05		not_estimable	no_signal_pair							
block1671__QTD000230__ENSG00000134780__11:61729008:61731317:clu_61952_+	block1671	DAGLA	ENSG00000134780	GTEx_colon_sigmoid_sQTL	sQTL	FinnGen_IBD	1e-06		not_estimable	no_signal_pair							
block1671__QTD000231__ENSG00000134824__ENSG00000134824	block1671	FADS2	ENSG00000134824	GTEx_colon_transverse_eQTL	eQTL	Howard_DEP	1e-05	0.00733278151603972	ok		1767	6.03604519659566e-16	4.51968312055129e-14	0.0130824704221215	0.97958474806179	1	1
block1671__QTD000231__ENSG00000134824__ENSG00000134824	block1671	FADS2	ENSG00000134824	GTEx_colon_transverse_eQTL	eQTL	Howard_DEP	1e-06	0.000738149572189095	ok		1767	6.0761447342119e-16	4.54970894000809e-14	0.0131693818016289	0.986092468626136	1	1
block1671__QTD000231__ENSG00000134824__ENSG00000134824	block1671	FADS2	ENSG00000134824	GTEx_colon_transverse_eQTL	eQTL	FinnGen_DEP	1e-05	0.00220069267610785	ok		1767	1.65494885926484e-15	4.43820365516481e-14	0.0358692136925469	0.961930093631302	1	1
block1671__QTD000231__ENSG00000134824__ENSG00000134824	block1671	FADS2	ENSG00000134824	GTEx_colon_transverse_eQTL	eQTL	FinnGen_DEP	1e-06	0.000220506006969904	ok		1767	1.6582331947471e-15	4.44701151025987e-14	0.0359403980863072	0.963839095906677	1	1
block1671__QTD000231__ENSG00000134824__ENSG00000134824	block1671	FADS2	ENSG00000134824	GTEx_colon_transverse_eQTL	eQTL	deLange_IBD	1e-05		not_estimable	no_signal_pair							
block1671__QTD000231__ENSG00000134824__ENSG00000134824	block1671	FADS2	ENSG00000134824	GTEx_colon_transverse_eQTL	eQTL	deLange_IBD	1e-06		not_estimable	no_signal_pair							
block1671__QTD000231__ENSG00000134824__ENSG00000134824	block1671	FADS2	ENSG00000134824	GTEx_colon_transverse_eQTL	eQTL	FinnGen_IBD	1e-05		not_estimable	no_signal_pair							
block1671__QTD000231__ENSG00000134824__ENSG00000134824	block1671	FADS2	ENSG00000134824	GTEx_colon_transverse_eQTL	eQTL	FinnGen_IBD	1e-06		not_estimable	no_signal_pair							
block1671__QTD000235__ENSG00000134780__11:61729008:61731317:clu_61952_+	block1671	DAGLA	ENSG00000134780	GTEx_colon_transverse_sQTL	sQTL	Howard_DEP	1e-05	0.00172082307559591	ok		1834	4.30305184193429e-32	3.22039615177609e-30	0.0131630181705992	0.985116158753799	1	1
block1671__QTD000235__ENSG00000134780__11:61729008:61731317:clu_61952_+	block1671	DAGLA	ENSG00000134780	GTEx_colon_transverse_sQTL	sQTL	Howard_DEP	1e-06	0.000172349231841283	ok		1834	4.30972649105009e-32	3.22539144700296e-30	0.013183435895233	0.986644214872926	1	1
block1671__QTD000235__ENSG00000134780__11:61729008:61731317:clu_61952_+	block1671	DAGLA	ENSG00000134780	GTEx_colon_transverse_sQTL	sQTL	FinnGen_DEP	1e-05	0.000830710010041715	ok		1834	1.14155638783435e-31	3.15217794258845e-30	0.0349201637065859	0.964249126283374	1	1
block1671__QTD000235__ENSG00000134780__11:61729008:61731317:clu_61952_+	block1671	DAGLA	ENSG00000134780	GTEx_colon_transverse_sQTL	sQTL	FinnGen_DEP	1e-06	8.31331545934901e-05	ok		1834	1.14241049848736e-31	3.15453639705434e-30	0.0349462909168967	0.964970575928517	1	1
block1671__QTD000235__ENSG00000134780__11:61729008:61731317:clu_61952_+	block1671	DAGLA	ENSG00000134780	GTEx_colon_transverse_sQTL	sQTL	deLange_IBD	1e-05		not_estimable	no_signal_pair							
block1671__QTD000235__ENSG00000134780__11:61729008:61731317:clu_61952_+	block1671	DAGLA	ENSG00000134780	GTEx_colon_transverse_sQTL	sQTL	deLange_IBD	1e-06		not_estimable	no_signal_pair							
block1671__QTD000235__ENSG00000134780__11:61729008:61731317:clu_61952_+	block1671	DAGLA	ENSG00000134780	GTEx_colon_transverse_sQTL	sQTL	FinnGen_IBD	1e-05		not_estimable	no_signal_pair							
block1671__QTD000235__ENSG00000134780__11:61729008:61731317:clu_61952_+	block1671	DAGLA	ENSG00000134780	GTEx_colon_transverse_sQTL	sQTL	FinnGen_IBD	1e-06		not_estimable	no_signal_pair							
block1671__QTD000321__ENSG00000134824__ENSG00000134824	block1671	FADS2	ENSG00000134824	GTEx_small_intestine_eQTL	eQTL	Howard_DEP	1e-05	0.00606427426733976	ok		1652	2.71618160285571e-16	1.99843187307897e-14	0.0133280747212228	0.980607651011417	1	1
block1671__QTD000321__ENSG00000134824__ENSG00000134824	block1671	FADS2	ENSG00000134824	GTEx_small_intestine_eQTL	eQTL	Howard_DEP	1e-06	0.000609755378198419	ok		1652	2.73108745992025e-16	2.00939886432213e-14	0.0134012165084034	0.985989028113375	1	1
block1671__QTD000321__ENSG00000134824__ENSG00000134824	block1671	FADS2	ENSG00000134824	GTEx_small_intestine_eQTL	eQTL	FinnGen_DEP	1e-05	0.00215211521005664	ok		1652	7.63787102410661e-16	1.95717975138344e-14	0.0374783908459315	0.960369493943992	1	1
block1671__QTD000321__ENSG00000134824__ENSG00000134824	block1671	FADS2	ENSG00000134824	GTEx_small_intestine_eQTL	eQTL	FinnGen_DEP	1e-06	0.000215629173948151	ok		1652	7.65269355448346e-16	1.96097797686096e-14	0.0375511237560626	0.962233247069969	1	1
block1671__QTD000321__ENSG00000134824__ENSG00000134824	block1671	FADS2	ENSG00000134824	GTEx_small_intestine_eQTL	eQTL	deLange_IBD	1e-05		not_estimable	no_signal_pair							
block1671__QTD000321__ENSG00000134824__ENSG00000134824	block1671	FADS2	ENSG00000134824	GTEx_small_intestine_eQTL	eQTL	deLange_IBD	1e-06		not_estimable	no_signal_pair							
block1671__QTD000321__ENSG00000134824__ENSG00000134824	block1671	FADS2	ENSG00000134824	GTEx_small_intestine_eQTL	eQTL	FinnGen_IBD	1e-05		not_estimable	no_signal_pair							
block1671__QTD000321__ENSG00000134824__ENSG00000134824	block1671	FADS2	ENSG00000134824	GTEx_small_intestine_eQTL	eQTL	FinnGen_IBD	1e-06		not_estimable	no_signal_pair							
block1671__QTD000356__ENSG00000124920__ENSG00000124920	block1671	MYRF	ENSG00000124920	GTEx_blood_eQTL	eQTL	Howard_DEP	1e-05	0.143301605418678	ok		1836	1.4885952854965e-18	1.12288243197293e-16	0.0112104583531151	0.845487936228204	1	1
block1671__QTD000356__ENSG00000124920__ENSG00000124920	block1671	MYRF	ENSG00000124920	GTEx_blood_eQTL	eQTL	Howard_DEP	1e-06	0.0164519985683376	ok		1836	1.70900859304891e-18	1.289145373442e-16	0.0128703683560978	0.970677633075567	1	1
block1671__QTD000356__ENSG00000124920__ENSG00000124920	block1671	MYRF	ENSG00000124920	GTEx_blood_eQTL	eQTL	FinnGen_DEP	1e-05	0.00598169407864759	ok		1836	4.63398584212922e-18	1.27358821374553e-16	0.0348980718925142	0.959120234028836	1	1
block1671__QTD000356__ENSG00000124920__ENSG00000124920	block1671	MYRF	ENSG00000124920	GTEx_blood_eQTL	eQTL	FinnGen_DEP	1e-06	0.000601407097813021	ok		1836	4.65906804991881e-18	1.28048171866846e-16	0.0350869634257395	0.964311629476446	1	1
block1671__QTD000356__ENSG00000124920__ENSG00000124920	block1671	MYRF	ENSG00000124920	GTEx_blood_eQTL	eQTL	deLange_IBD	1e-05		not_estimable	no_signal_pair							
block1671__QTD000356__ENSG00000124920__ENSG00000124920	block1671	MYRF	ENSG00000124920	GTEx_blood_eQTL	eQTL	deLange_IBD	1e-06		not_estimable	no_signal_pair							
block1671__QTD000356__ENSG00000124920__ENSG00000124920	block1671	MYRF	ENSG00000124920	GTEx_blood_eQTL	eQTL	FinnGen_IBD	1e-05		not_estimable	no_signal_pair							
block1671__QTD000356__ENSG00000124920__ENSG00000124920	block1671	MYRF	ENSG00000124920	GTEx_blood_eQTL	eQTL	FinnGen_IBD	1e-06		not_estimable	no_signal_pair							
block1671__QTD000356__ENSG00000134824__ENSG00000134824	block1671	FADS2	ENSG00000134824	GTEx_blood_eQTL	eQTL	Howard_DEP	1e-05	0.00719316832259188	ok		1777	4.85589054262823e-81	3.64291194192516e-79	0.0130598247506031	0.979747006926803	1	1
block1671__QTD000356__ENSG00000134824__ENSG00000134824	block1671	FADS2	ENSG00000134824	GTEx_blood_eQTL	eQTL	Howard_DEP	1e-06	0.00072400392615554	ok		1777	4.88753169698881e-81	3.66664928486248e-79	0.0131449230301521	0.986131073043686	1	1
block1671__QTD000356__ENSG00000134824__ENSG00000134824	block1671	FADS2	ENSG00000134824	GTEx_blood_eQTL	eQTL	FinnGen_DEP	1e-05	0.0025044778548446	ok		1777	1.33023216966374e-80	3.57586363738861e-79	0.0357763398102052	0.961719182334946	1	1
block1671__QTD000356__ENSG00000134824__ENSG00000134824	block1671	FADS2	ENSG00000134824	GTEx_blood_eQTL	eQTL	FinnGen_DEP	1e-06	0.000251013577636277	ok		1777	1.33323732668771e-80	3.58394195031151e-79	0.0358571629336603	0.963891823488717	1	1
block1671__QTD000356__ENSG00000134824__ENSG00000134824	block1671	FADS2	ENSG00000134824	GTEx_blood_eQTL	eQTL	deLange_IBD	1e-05		not_estimable	no_signal_pair							
block1671__QTD000356__ENSG00000134824__ENSG00000134824	block1671	FADS2	ENSG00000134824	GTEx_blood_eQTL	eQTL	deLange_IBD	1e-06		not_estimable	no_signal_pair							
block1671__QTD000356__ENSG00000134824__ENSG00000134824	block1671	FADS2	ENSG00000134824	GTEx_blood_eQTL	eQTL	FinnGen_IBD	1e-05		not_estimable	no_signal_pair							
block1671__QTD000356__ENSG00000134824__ENSG00000134824	block1671	FADS2	ENSG00000134824	GTEx_blood_eQTL	eQTL	FinnGen_IBD	1e-06		not_estimable	no_signal_pair							
block1671__QTD000356__ENSG00000167994__ENSG00000167994	block1671	RAB3IL1	ENSG00000167994	GTEx_blood_eQTL	eQTL	Howard_DEP	1e-05	0.000362025297529921	ok		1487	1.13611528469009e-23	8.30640984894388e-22	0.0134881414501533	0.986149833252318	1	1
block1671__QTD000356__ENSG00000167994__ENSG00000167994	block1671	RAB3IL1	ENSG00000167994	GTEx_blood_eQTL	eQTL	Howard_DEP	1e-06	3.62143292059672e-05	ok		1487	1.13648557756651e-23	8.30911714849096e-22	0.0134925376261069	0.986471248044686	1	1
block1671__QTD000356__ENSG00000167994__ENSG00000167994	block1671	RAB3IL1	ENSG00000167994	GTEx_blood_eQTL	eQTL	FinnGen_DEP	1e-05	0.0267656140156178	ok		1487	2.9695310022472e-23	7.90089146132855e-22	0.0352547446008981	0.937979641383482	1	1
block1671__QTD000356__ENSG00000167994__ENSG00000167994	block1671	RAB3IL1	ENSG00000167994	GTEx_blood_eQTL	eQTL	FinnGen_DEP	1e-06	0.00274262872932328	ok		1487	3.04282989160162e-23	8.09591436851049e-22	0.0361249606793845	0.96113241059129	1	1
block1671__QTD000356__ENSG00000167994__ENSG00000167994	block1671	RAB3IL1	ENSG00000167994	GTEx_blood_eQTL	eQTL	deLange_IBD	1e-05		not_estimable	no_signal_pair							
block1671__QTD000356__ENSG00000167994__ENSG00000167994	block1671	RAB3IL1	ENSG00000167994	GTEx_blood_eQTL	eQTL	deLange_IBD	1e-06		not_estimable	no_signal_pair							
block1671__QTD000356__ENSG00000167994__ENSG00000167994	block1671	RAB3IL1	ENSG00000167994	GTEx_blood_eQTL	eQTL	FinnGen_IBD	1e-05		not_estimable	no_signal_pair							
block1671__QTD000356__ENSG00000167994__ENSG00000167994	block1671	RAB3IL1	ENSG00000167994	GTEx_blood_eQTL	eQTL	FinnGen_IBD	1e-06		not_estimable	no_signal_pair							
block1671__QTD000360__ENSG00000167994__11:61908306:61917357:clu_26097_-	block1671	RAB3IL1	ENSG00000167994	GTEx_blood_sQTL	sQTL	Howard_DEP	1e-05	0.000373603976486702	ok		1493	1.45516855428765e-10	1.06380929954035e-08	0.0134892252744273	0.986137159965476	1	1
block1671__QTD000360__ENSG00000167994__11:61908306:61917357:clu_26097_-	block1671	RAB3IL1	ENSG00000167994	GTEx_blood_sQTL	sQTL	Howard_DEP	1e-06	3.73729640678602e-05	ok		1493	1.45565800994648e-10	1.06416711890089e-08	0.0134937624654107	0.986468853783285	1	1
block1671__QTD000360__ENSG00000167994__11:61908306:61917357:clu_26097_-	block1671	RAB3IL1	ENSG00000167994	GTEx_blood_sQTL	sQTL	FinnGen_DEP	1e-05	0.0265016800476556	ok		1493	3.8035190707512e-10	1.01216796266511e-08	0.0352581324203088	0.938240177030003	1	1
block1671__QTD000360__ENSG00000167994__11:61908306:61917357:clu_26097_-	block1671	RAB3IL1	ENSG00000167994	GTEx_blood_sQTL	sQTL	FinnGen_DEP	1e-06	0.00271492302396724	ok		1493	3.89645542422674e-10	1.03689958561877e-08	0.0361196404597187	0.961165425757674	1	1
block1671__QTD000360__ENSG00000167994__11:61908306:61917357:clu_26097_-	block1671	RAB3IL1	ENSG00000167994	GTEx_blood_sQTL	sQTL	deLange_IBD	1e-05		not_estimable	no_signal_pair							
block1671__QTD000360__ENSG00000167994__11:61908306:61917357:clu_26097_-	block1671	RAB3IL1	ENSG00000167994	GTEx_blood_sQTL	sQTL	deLange_IBD	1e-06		not_estimable	no_signal_pair							
block1671__QTD000360__ENSG00000167994__11:61908306:61917357:clu_26097_-	block1671	RAB3IL1	ENSG00000167994	GTEx_blood_sQTL	sQTL	FinnGen_IBD	1e-05		not_estimable	no_signal_pair							
block1671__QTD000360__ENSG00000167994__11:61908306:61917357:clu_26097_-	block1671	RAB3IL1	ENSG00000167994	GTEx_blood_sQTL	sQTL	FinnGen_IBD	1e-06		not_estimable	no_signal_pair							
block1671__QTD000021__ENSG00000134780__ENSG00000134780	block1671	DAGLA	ENSG00000134780	BLUEPRINT_monocyte_eQTL	eQTL	Howard_DEP	1e-05	0.0236281262764155	ok		1707	3.09501853821779e-08	2.19982334613143e-06	0.0135466699415334	0.962822973008519	1	1
block1671__QTD000021__ENSG00000134780__ENSG00000134780	block1671	DAGLA	ENSG00000134780	BLUEPRINT_monocyte_eQTL	eQTL	Howard_DEP	1e-06	0.00241415029077006	ok		1707	3.16226509735359e-08	2.24761968366779e-06	0.0138410032161383	0.983742567250759	1	1
block1671__QTD000021__ENSG00000134780__ENSG00000134780	block1671	DAGLA	ENSG00000134780	BLUEPRINT_monocyte_eQTL	eQTL	FinnGen_DEP	1e-05	0.0104825193361829	ok		1707	8.03775331713394e-08	2.18039976944773e-06	0.0351806588277749	0.954334561058738	1	1
block1671__QTD000021__ENSG00000134780__ENSG00000134780	block1671	DAGLA	ENSG00000134780	BLUEPRINT_monocyte_eQTL	eQTL	FinnGen_DEP	1e-06	0.00105823561135069	ok		1707	8.11430584829295e-08	2.20116615959483e-06	0.0355157236617959	0.963423758417636	1	1
block1671__QTD000021__ENSG00000134780__ENSG00000134780	block1671	DAGLA	ENSG00000134780	BLUEPRINT_monocyte_eQTL	eQTL	deLange_IBD	1e-05		not_estimable	no_signal_pair							
block1671__QTD000021__ENSG00000134780__ENSG00000134780	block1671	DAGLA	ENSG00000134780	BLUEPRINT_monocyte_eQTL	eQTL	deLange_IBD	1e-06		not_estimable	no_signal_pair							
block1671__QTD000021__ENSG00000134780__ENSG00000134780	block1671	DAGLA	ENSG00000134780	BLUEPRINT_monocyte_eQTL	eQTL	FinnGen_IBD	1e-05		not_estimable	no_signal_pair							
block1671__QTD000021__ENSG00000134780__ENSG00000134780	block1671	DAGLA	ENSG00000134780	BLUEPRINT_monocyte_eQTL	eQTL	FinnGen_IBD	1e-06		not_estimable	no_signal_pair							
block1671__QTD000021__ENSG00000134824__ENSG00000134824	block1671	FADS2	ENSG00000134824	BLUEPRINT_monocyte_eQTL	eQTL	Howard_DEP	1e-05	0.00692319519494151	ok		1644	3.28279332277107e-25	2.32795956689751e-23	0.0138093268922294	0.979267477912826	1	1
block1671__QTD000021__ENSG00000134824__ENSG00000134824	block1671	FADS2	ENSG00000134824	BLUEPRINT_monocyte_eQTL	eQTL	Howard_DEP	1e-06	0.000696660323357011	ok		1644	3.30337624949089e-25	2.34255574047927e-23	0.0138959105834722	0.985407429093173	1	1
block1671__QTD000021__ENSG00000134824__ENSG00000134824	block1671	FADS2	ENSG00000134824	BLUEPRINT_monocyte_eQTL	eQTL	FinnGen_DEP	1e-05	0.00248400379141191	ok		1644	8.66613731771609e-25	2.28466854879365e-23	0.0364547844919675	0.961061211716619	1	1
block1671__QTD000021__ENSG00000134824__ENSG00000134824	block1671	FADS2	ENSG00000134824	BLUEPRINT_monocyte_eQTL	eQTL	FinnGen_DEP	1e-06	0.000248956948143971	ok		1644	8.68555477360544e-25	2.28978760577851e-23	0.0365364655389988	0.963214577512856	1	1
block1671__QTD000021__ENSG00000134824__ENSG00000134824	block1671	FADS2	ENSG00000134824	BLUEPRINT_monocyte_eQTL	eQTL	deLange_IBD	1e-05		not_estimable	no_signal_pair							
block1671__QTD000021__ENSG00000134824__ENSG00000134824	block1671	FADS2	ENSG00000134824	BLUEPRINT_monocyte_eQTL	eQTL	deLange_IBD	1e-06		not_estimable	no_signal_pair							
block1671__QTD000021__ENSG00000134824__ENSG00000134824	block1671	FADS2	ENSG00000134824	BLUEPRINT_monocyte_eQTL	eQTL	FinnGen_IBD	1e-05		not_estimable	no_signal_pair							
block1671__QTD000021__ENSG00000134824__ENSG00000134824	block1671	FADS2	ENSG00000134824	BLUEPRINT_monocyte_eQTL	eQTL	FinnGen_IBD	1e-06		not_estimable	no_signal_pair							
block1671__QTD000021__ENSG00000134825__ENSG00000134825	block1671	TMEM258	ENSG00000134825	BLUEPRINT_monocyte_eQTL	eQTL	Howard_DEP			not_screened_by_abf_gate								
block1671__QTD000021__ENSG00000134825__ENSG00000134825	block1671	TMEM258	ENSG00000134825	BLUEPRINT_monocyte_eQTL	eQTL	FinnGen_DEP	1e-05		not_estimable	no_signal_pair							
block1671__QTD000021__ENSG00000134825__ENSG00000134825	block1671	TMEM258	ENSG00000134825	BLUEPRINT_monocyte_eQTL	eQTL	FinnGen_DEP	1e-06		not_estimable	no_signal_pair							
block1671__QTD000021__ENSG00000134825__ENSG00000134825	block1671	TMEM258	ENSG00000134825	BLUEPRINT_monocyte_eQTL	eQTL	deLange_IBD			not_screened_by_abf_gate								
block1671__QTD000021__ENSG00000134825__ENSG00000134825	block1671	TMEM258	ENSG00000134825	BLUEPRINT_monocyte_eQTL	eQTL	FinnGen_IBD	1e-05		not_estimable	no_signal_pair							
block1671__QTD000021__ENSG00000134825__ENSG00000134825	block1671	TMEM258	ENSG00000134825	BLUEPRINT_monocyte_eQTL	eQTL	FinnGen_IBD	1e-06		not_estimable	no_signal_pair							
block1671__QTD000031__ENSG00000134824__ENSG00000134824	block1671	FADS2	ENSG00000134824	BLUEPRINT_CD4_T_eQTL	eQTL	Howard_DEP	1e-05	0.00686828883000226	ok		1658	9.61205451397541e-23	6.8546724367067e-21	0.0137338317953392	0.979397879374658	1	1
block1671__QTD000031__ENSG00000134824__ENSG00000134824	block1671	FADS2	ENSG00000134824	BLUEPRINT_CD4_T_eQTL	eQTL	Howard_DEP	1e-06	0.000691100895505133	ok		1658	9.67184060931571e-23	6.89730786904135e-21	0.0138192549664116	0.985489644138086	1	1
block1671__QTD000031__ENSG00000134824__ENSG00000134824	block1671	FADS2	ENSG00000134824	BLUEPRINT_CD4_T_eQTL	eQTL	FinnGen_DEP	1e-05	0.00252101008401322	ok		1658	2.55347263368921e-22	6.72584109147725e-21	0.0364843578384841	0.9609946320775	1	1
block1671__QTD000031__ENSG00000134824__ENSG00000134824	block1671	FADS2	ENSG00000134824	BLUEPRINT_CD4_T_eQTL	eQTL	FinnGen_DEP	1e-06	0.00025267430342153	ok		1658	2.55927940596043e-22	6.74113611639169e-21	0.0365673257758078	0.963179999920771	1	1
block1671__QTD000031__ENSG00000134824__ENSG00000134824	block1671	FADS2	ENSG00000134824	BLUEPRINT_CD4_T_eQTL	eQTL	deLange_IBD	1e-05		not_estimable	no_signal_pair							
block1671__QTD000031__ENSG00000134824__ENSG00000134824	block1671	FADS2	ENSG00000134824	BLUEPRINT_CD4_T_eQTL	eQTL	deLange_IBD	1e-06		not_estimable	no_signal_pair							
block1671__QTD000031__ENSG00000134824__ENSG00000134824	block1671	FADS2	ENSG00000134824	BLUEPRINT_CD4_T_eQTL	eQTL	FinnGen_IBD	1e-05		not_estimable	no_signal_pair							
block1671__QTD000031__ENSG00000134824__ENSG00000134824	block1671	FADS2	ENSG00000134824	BLUEPRINT_CD4_T_eQTL	eQTL	FinnGen_IBD	1e-06		not_estimable	no_signal_pair							
block1671__QTD000031__ENSG00000134825__ENSG00000134825	block1671	TMEM258	ENSG00000134825	BLUEPRINT_CD4_T_eQTL	eQTL	Howard_DEP	1e-05	0.0336039940017662	ok		1658	7.65945074113723e-09	5.46220641999579e-07	0.0133644733708815	0.95303097874726	1	1
block1671__QTD000031__ENSG00000134825__ENSG00000134825	block1671	TMEM258	ENSG00000134825	BLUEPRINT_CD4_T_eQTL	eQTL	Howard_DEP	1e-06	0.00346519948872733	ok		1658	7.89832446426632e-09	5.63255513404083e-07	0.0137812684675085	0.982752960889927	1	1
block1671__QTD000031__ENSG00000134825__ENSG00000134825	block1671	TMEM258	ENSG00000134825	BLUEPRINT_CD4_T_eQTL	eQTL	FinnGen_DEP	1e-05	0.964527630802221	ok		1658	7.63816021478982e-10	2.01188965795562e-08	0.00133273249274698	0.0341396158223191	1	1
block1671__QTD000031__ENSG00000134825__ENSG00000134825	block1671	TMEM258	ENSG00000134825	BLUEPRINT_CD4_T_eQTL	eQTL	FinnGen_DEP	1e-06	0.731117425578707	ok		1658	5.78976885063432e-09	1.5250237943412e-07	0.0101021880344873	0.258780228094659	1	1
block1671__QTD000031__ENSG00000134825__ENSG00000134825	block1671	TMEM258	ENSG00000134825	BLUEPRINT_CD4_T_eQTL	eQTL	deLange_IBD	1e-05		not_estimable	no_signal_pair							
block1671__QTD000031__ENSG00000134825__ENSG00000134825	block1671	TMEM258	ENSG00000134825	BLUEPRINT_CD4_T_eQTL	eQTL	deLange_IBD	1e-06		not_estimable	no_signal_pair							
block1671__QTD000031__ENSG00000134825__ENSG00000134825	block1671	TMEM258	ENSG00000134825	BLUEPRINT_CD4_T_eQTL	eQTL	FinnGen_IBD	1e-05		not_estimable	no_signal_pair							
block1671__QTD000031__ENSG00000134825__ENSG00000134825	block1671	TMEM258	ENSG00000134825	BLUEPRINT_CD4_T_eQTL	eQTL	FinnGen_IBD	1e-06		not_estimable	no_signal_pair							
block1671__QTD000031__ENSG00000149485__ENSG00000149485	block1671	FADS1	ENSG00000149485	BLUEPRINT_CD4_T_eQTL	eQTL	Howard_DEP	1e-05	0.0218680335281634	ok		1564	6.75079081441518e-32	4.73811168147736e-30	0.0137408128086638	0.964391153663172	1	1
block1671__QTD000031__ENSG00000149485__ENSG00000149485	block1671	FADS1	ENSG00000149485	BLUEPRINT_CD4_T_eQTL	eQTL	Howard_DEP	1e-05	0.000339145399458626	ok		1564	8.64926767075847e-06	0.00060705771092087	0.0140342924975116	0.985010855124439	1	2
block1671__QTD000031__ENSG00000149485__ENSG00000149485	block1671	FADS1	ENSG00000149485	BLUEPRINT_CD4_T_eQTL	eQTL	Howard_DEP	1e-06	0.00223070639890682	ok		1564	6.88632210482172e-32	4.83323570589679e-30	0.01401667828019	0.983752615320897	1	1
block1671__QTD000031__ENSG00000149485__ENSG00000149485	block1671	FADS1	ENSG00000149485	BLUEPRINT_CD4_T_eQTL	eQTL	Howard_DEP	1e-06	3.39248948706829e-05	ok		1564	8.65190850022641e-06	0.00060724306024208	0.0140385775045896	0.985311602631798	1	2
block1671__QTD000031__ENSG00000149485__ENSG00000149485	block1671	FADS1	ENSG00000149485	BLUEPRINT_CD4_T_eQTL	eQTL	FinnGen_DEP	1e-05	0.7572494088445	ok		1564	4.43504916037464e-32	1.15199103215486e-30	0.00902726539530746	0.233723325760197	1	1
block1671__QTD000031__ENSG00000149485__ENSG00000149485	block1671	FADS1	ENSG00000149485	BLUEPRINT_CD4_T_eQTL	eQTL	FinnGen_DEP	1e-05	0.322521781898465	ok		1564	1.54762787170434e-05	0.00040199180772231	0.0251117933397192	0.651948956675376	1	2
block1671__QTD000031__ENSG00000149485__ENSG00000149485	block1671	FADS1	ENSG00000149485	BLUEPRINT_CD4_T_eQTL	eQTL	FinnGen_DEP	1e-06	0.237773182760392	ok		1564	1.39258709514243e-31	3.61720420019686e-30	0.0283452400172924	0.73388157722231	1	1
block1671__QTD000031__ENSG00000149485__ENSG00000149485	block1671	FADS1	ENSG00000149485	BLUEPRINT_CD4_T_eQTL	eQTL	FinnGen_DEP	1e-06	0.0454428588071989	ok		1564	2.18058558544386e-05	0.000566400720362091	0.0353821584519109	0.918586776164674	1	2
block1671__QTD000031__ENSG00000149485__ENSG00000149485	block1671	FADS1	ENSG00000149485	BLUEPRINT_CD4_T_eQTL	eQTL	deLange_IBD	1e-05		not_estimable	no_signal_pair							
block1671__QTD000031__ENSG00000149485__ENSG00000149485	block1671	FADS1	ENSG00000149485	BLUEPRINT_CD4_T_eQTL	eQTL	deLange_IBD	1e-06		not_estimable	no_signal_pair							
block1671__QTD000031__ENSG00000149485__ENSG00000149485	block1671	FADS1	ENSG00000149485	BLUEPRINT_CD4_T_eQTL	eQTL	FinnGen_IBD	1e-05		not_estimable	no_signal_pair							
block1671__QTD000031__ENSG00000149485__ENSG00000149485	block1671	FADS1	ENSG00000149485	BLUEPRINT_CD4_T_eQTL	eQTL	FinnGen_IBD	1e-06		not_estimable	no_signal_pair							
