qtl_key	locus	gene_symbol	gene_id	dataset_label	qtl_type	gwas_trait	p12	nsnps	PP.H0	PP.H1	PP.H2	PP.H3	PP.H4	status	message
block154__QTD000146__ENSG00000118197__ENSG00000118197	block154	DDX59	ENSG00000118197	GTEx_amygdala_eQTL	eQTL	Howard_DEP	1e-05	1819	0.0815505167805696	0.00138160634300391	0.898697349434915	0.0152223342124927	0.00314819322901861	ok	
block154__QTD000146__ENSG00000118197__ENSG00000118197	block154	DDX59	ENSG00000118197	GTEx_amygdala_eQTL	eQTL	Howard_DEP	1e-06	1819	0.0817822364352692	0.00138553207342684	0.901250930303701	0.0152655873292931	0.000315713858309796	ok	
block154__QTD000146__ENSG00000118197__ENSG00000118197	block154	DDX59	ENSG00000118197	GTEx_amygdala_eQTL	eQTL	FinnGen_DEP	1e-05	1819	0.0769420445041808	0.00569740442738139	0.84791138285571	0.0627794714545431	0.00666969675818439	ok	
block154__QTD000146__ENSG00000118197__ENSG00000118197	block154	DDX59	ENSG00000118197	GTEx_amygdala_eQTL	eQTL	FinnGen_DEP	1e-06	1819	0.0774066957732554	0.00573181092404617	0.853031900547247	0.0631585952648234	0.00067099749062763	ok	
block154__QTD000146__ENSG00000118197__ENSG00000118197	block154	DDX59	ENSG00000118197	GTEx_amygdala_eQTL	eQTL	deLange_IBD	1e-05	1819	3.74155536949744e-17	0.0824855198965235	4.12324290032272e-16	0.908992684134195	0.00852179596928113	ok	
block154__QTD000146__ENSG00000118197__ENSG00000118197	block154	DDX59	ENSG00000118197	GTEx_amygdala_eQTL	eQTL	deLange_IBD	1e-06	1819	3.7704734544351e-17	0.0831230417383599	4.1551110077366e-16	0.916018192258918	0.000858766002722617	ok	
block154__QTD000146__ENSG00000118197__ENSG00000118197	block154	DDX59	ENSG00000118197	GTEx_amygdala_eQTL	eQTL	FinnGen_IBD	1e-05	1819	4.5451866432223e-14	0.0824956396278197	5.00885506334902e-13	0.909104326657475	0.00840003371415803	ok	
block154__QTD000146__ENSG00000118197__ENSG00000118197	block154	DDX59	ENSG00000118197	GTEx_amygdala_eQTL	eQTL	FinnGen_IBD	1e-06	1819	4.57981014689683e-14	0.0831240600439639	5.04701061675181e-13	0.916029537757771	0.000846402197712676	ok	
block154__QTD000146__ENSG00000260088__ENSG00000260088	block154	RP11-92G12.3	ENSG00000260088	GTEx_amygdala_eQTL	eQTL	Howard_DEP	1e-05	1819	6.23899701985259e-16	1.0569936521438e-17	0.980927701192165	0.0166161501765986	0.00245614863123781	ok	
block154__QTD000146__ENSG00000260088__ENSG00000260088	block154	RP11-92G12.3	ENSG00000260088	GTEx_amygdala_eQTL	eQTL	Howard_DEP	1e-06	1819	6.25281908759162e-16	1.05933534870386e-17	0.983100878882398	0.0166529621116856	0.000246159005918691	ok	
block154__QTD000146__ENSG00000260088__ENSG00000260088	block154	RP11-92G12.3	ENSG00000260088	GTEx_amygdala_eQTL	eQTL	FinnGen_DEP	1e-05	1819	5.88261242894079e-16	4.35595678711072e-17	0.92489505421525	0.0684800030212588	0.00662494276348807	ok	
block154__QTD000146__ENSG00000260088__ENSG00000260088	block154	RP11-92G12.3	ENSG00000260088	GTEx_amygdala_eQTL	eQTL	FinnGen_DEP	1e-06	1819	5.91789758846417e-16	4.38208474164908e-17	0.930442771309414	0.0688907606327716	0.000666468057811835	ok	
block154__QTD000146__ENSG00000260088__ENSG00000260088	block154	RP11-92G12.3	ENSG00000260088	GTEx_amygdala_eQTL	eQTL	deLange_IBD	1e-05	1819	2.88504266185826e-31	6.36030261177167e-16	4.53601477470303e-16	0.999999999999858	1.44521892087853e-13	ok	
block154__QTD000146__ENSG00000260088__ENSG00000260088	block154	RP11-92G12.3	ENSG00000260088	GTEx_amygdala_eQTL	eQTL	deLange_IBD	1e-06	1819	2.88504266185863e-31	6.36030261177248e-16	4.53601477470361e-16	0.999999999999986	1.44521892087871e-14	ok	
block154__QTD000146__ENSG00000260088__ENSG00000260088	block154	RP11-92G12.3	ENSG00000260088	GTEx_amygdala_eQTL	eQTL	FinnGen_IBD	1e-05	1819	3.50427763313076e-28	6.36030261176769e-16	5.50960834260391e-13	0.999999999999233	2.17391990904808e-13	ok	
block154__QTD000146__ENSG00000260088__ENSG00000260088	block154	RP11-92G12.3	ENSG00000260088	GTEx_amygdala_eQTL	eQTL	FinnGen_IBD	1e-06	1819	3.50427763313143e-28	6.36030261176891e-16	5.50960834260496e-13	0.999999999999424	2.17391990904851e-14	ok	
block154__QTD000150__ENSG00000260088__1:200690430:200693694:clu_51747_+	block154	RP11-92G12.3	ENSG00000260088	GTEx_amygdala_sQTL	sQTL	Howard_DEP	1e-05	1819	0.00736577424039655	0.000124788913834221	0.973511241270846	0.0164904509639705	0.00250774461095232	ok	
block154__QTD000150__ENSG00000260088__1:200690430:200693694:clu_51747_+	block154	RP11-92G12.3	ENSG00000260088	GTEx_amygdala_sQTL	sQTL	Howard_DEP	1e-06	1819	0.00738243617848461	0.000125071195789725	0.975713397283331	0.0165277536105136	0.000251341731881502	ok	
block154__QTD000150__ENSG00000260088__1:200690430:200693694:clu_51747_+	block154	RP11-92G12.3	ENSG00000260088	GTEx_amygdala_sQTL	sQTL	FinnGen_DEP	1e-05	1819	0.00690522956390601	0.0005113184312037	0.912642498211618	0.0675669767333929	0.012373977059879	ok	
block154__QTD000150__ENSG00000260088__1:200690430:200693694:clu_51747_+	block154	RP11-92G12.3	ENSG00000260088	GTEx_amygdala_sQTL	sQTL	FinnGen_DEP	1e-06	1819	0.00698299625583707	0.000517076899122846	0.922920677574777	0.068327915991923	0.0012513332783403	ok	
block154__QTD000150__ENSG00000260088__1:200690430:200693694:clu_51747_+	block154	RP11-92G12.3	ENSG00000260088	GTEx_amygdala_sQTL	sQTL	deLange_IBD	1e-05	1819	3.40214517791937e-18	0.00750029562710501	4.49650840094389e-16	0.991289299939561	0.00121040443333424	ok	
block154__QTD000150__ENSG00000260088__1:200690430:200693694:clu_51747_+	block154	RP11-92G12.3	ENSG00000260088	GTEx_amygdala_sQTL	sQTL	deLange_IBD	1e-06	1819	3.4058553941409e-18	0.00750847508948733	4.50141207716491e-16	0.992370352466283	0.00012117244423075	ok	
block154__QTD000150__ENSG00000260088__1:200690430:200693694:clu_51747_+	block154	RP11-92G12.3	ENSG00000260088	GTEx_amygdala_sQTL	sQTL	FinnGen_IBD	1e-05	1819	4.1331547281285e-15	0.00750172148565456	5.46266075829149e-13	0.991477941251788	0.00102033726200522	ok	
block154__QTD000150__ENSG00000260088__1:200690430:200693694:clu_51747_+	block154	RP11-92G12.3	ENSG00000260088	GTEx_amygdala_sQTL	sQTL	FinnGen_IBD	1e-06	1819	4.13695370734543e-15	0.00750861667489614	5.46768174977499e-13	0.992389255814301	0.000102127510254292	ok	
block154__QTD000226__ENSG00000118197__ENSG00000118197	block154	DDX59	ENSG00000118197	GTEx_colon_sigmoid_eQTL	eQTL	Howard_DEP	1e-05	1954	1.1374299132153e-10	2.13843003074706e-12	0.978316600082476	0.0183895897680047	0.00329381003363635	ok	
block154__QTD000226__ENSG00000118197__ENSG00000118197	block154	DDX59	ENSG00000118197	GTEx_colon_sigmoid_eQTL	eQTL	Howard_DEP	1e-06	1954	1.14081176874063e-10	2.14478810286297e-12	0.981225373063628	0.0184442664870209	0.000330360333125603	ok	
block154__QTD000226__ENSG00000118197__ENSG00000118197	block154	DDX59	ENSG00000118197	GTEx_colon_sigmoid_eQTL	eQTL	FinnGen_DEP	1e-05	1954	1.06736625904218e-10	8.74004887032718e-12	0.918054042237276	0.0751673908129957	0.00677856683425119	ok	
block154__QTD000226__ENSG00000118197__ENSG00000118197	block154	DDX59	ENSG00000118197	GTEx_colon_sigmoid_eQTL	eQTL	FinnGen_DEP	1e-06	1954	1.07391792100401e-10	8.79369666483367e-12	0.923689202330142	0.0756287800793203	0.000682017474353952	ok	
block154__QTD000226__ENSG00000118197__ENSG00000118197	block154	DDX59	ENSG00000118197	GTEx_colon_sigmoid_eQTL	eQTL	deLange_IBD	1e-05	1954	5.27375175920961e-26	1.16263989893069e-10	4.53601477401301e-16	0.999999999847688	3.60498239919028e-11	ok	
block154__QTD000226__ENSG00000118197__ENSG00000118197	block154	DDX59	ENSG00000118197	GTEx_colon_sigmoid_eQTL	eQTL	deLange_IBD	1e-06	1954	5.27375175938071e-26	1.16263989896841e-10	4.53601477416017e-16	0.999999999880131	3.60498239930725e-12	ok	
block154__QTD000226__ENSG00000118197__ENSG00000118197	block154	DDX59	ENSG00000118197	GTEx_colon_sigmoid_eQTL	eQTL	FinnGen_IBD	1e-05	1954	6.40569048651506e-23	1.16263989891575e-10	5.50960834169821e-13	0.999999999834841	4.83418952590946e-11	ok	
block154__QTD000226__ENSG00000118197__ENSG00000118197	block154	DDX59	ENSG00000118197	GTEx_colon_sigmoid_eQTL	eQTL	FinnGen_IBD	1e-06	1954	6.40569048679375e-23	1.16263989896633e-10	5.50960834193792e-13	0.999999999878348	4.83418952611979e-12	ok	
block154__QTD000226__ENSG00000118200__ENSG00000118200	block154	CAMSAP2	ENSG00000118200	GTEx_colon_sigmoid_eQTL	eQTL	Howard_DEP	1e-05	1954	0.260504900252248	0.00489763365095119	0.719038900088619	0.0135162796723182	0.00204228633586444	ok	
block154__QTD000226__ENSG00000118200__ENSG00000118200	block154	CAMSAP2	ENSG00000118200	GTEx_colon_sigmoid_eQTL	eQTL	Howard_DEP	1e-06	1954	0.260984605015673	0.00490665236111594	0.720362968791842	0.0135411691225217	0.000204604708847463	ok	
block154__QTD000226__ENSG00000118200__ENSG00000118200	block154	CAMSAP2	ENSG00000118200	GTEx_colon_sigmoid_eQTL	eQTL	FinnGen_DEP	1e-05	1954	0.243609787367137	0.0199478054401817	0.672405445692868	0.0550504310428837	0.00898653045692953	ok	
block154__QTD000226__ENSG00000118200__ENSG00000118200	block154	CAMSAP2	ENSG00000118200	GTEx_colon_sigmoid_eQTL	eQTL	FinnGen_DEP	1e-06	1954	0.245596138830673	0.0201104563457905	0.677888121719871	0.0554993025987112	0.000905980504953991	ok	
block154__QTD000226__ENSG00000118200__ENSG00000118200	block154	CAMSAP2	ENSG00000118200	GTEx_colon_sigmoid_eQTL	eQTL	deLange_IBD	1e-05	1954	1.1826917501132e-16	0.260733663547306	3.26443523450741e-16	0.71965071100409	0.0196156254486003	ok	
block154__QTD000226__ENSG00000118200__ENSG00000118200	block154	CAMSAP2	ENSG00000118200	GTEx_colon_sigmoid_eQTL	eQTL	deLange_IBD	1e-06	1954	1.20394629371517e-16	0.265419394228897	3.32310147701821e-16	0.732583791338645	0.00199681443245775	ok	
block154__QTD000226__ENSG00000118200__ENSG00000118200	block154	CAMSAP2	ENSG00000118200	GTEx_colon_sigmoid_eQTL	eQTL	FinnGen_IBD	1e-05	1954	1.43898673076037e-13	0.261177681112491	3.97185402319176e-13	0.72087794807873	0.0179443708082369	ok	
block154__QTD000226__ENSG00000118200__ENSG00000118200	block154	CAMSAP2	ENSG00000118200	GTEx_colon_sigmoid_eQTL	eQTL	FinnGen_IBD	1e-06	1954	1.46260774897553e-13	0.265464922009904	4.03705214783337e-13	0.732711185160407	0.00182389282914022	ok	
block154__QTD000226__ENSG00000260088__ENSG00000260088	block154	RP11-92G12.3	ENSG00000260088	GTEx_colon_sigmoid_eQTL	eQTL	Howard_DEP	1e-05	1954	4.13915474454451e-24	7.78183579032328e-26	0.979130733507863	0.0184057261884315	0.00246354030370606	ok	
block154__QTD000226__ENSG00000260088__ENSG00000260088	block154	RP11-92G12.3	ENSG00000260088	GTEx_colon_sigmoid_eQTL	eQTL	Howard_DEP	1e-06	1954	4.14835241457508e-24	7.79912790966866e-26	0.98130647274918	0.0184466257939312	0.000246901456891694	ok	
block154__QTD000226__ENSG00000260088__ENSG00000260088	block154	RP11-92G12.3	ENSG00000260088	GTEx_colon_sigmoid_eQTL	eQTL	FinnGen_DEP	1e-05	1954	3.88169997350445e-24	3.1785010235213e-25	0.918228956606238	0.0751819029718339	0.0065891404219271	ok	
block154__QTD000226__ENSG00000260088__ENSG00000260088	block154	RP11-92G12.3	ENSG00000260088	GTEx_colon_sigmoid_eQTL	eQTL	FinnGen_DEP	1e-06	1954	3.90485665746362e-24	3.19746270118005e-25	0.923706746722791	0.0756304084149261	0.000662844862280679	ok	
block154__QTD000226__ENSG00000260088__ENSG00000260088	block154	RP11-92G12.3	ENSG00000260088	GTEx_colon_sigmoid_eQTL	eQTL	deLange_IBD	1e-05	1954	1.91754445382083e-39	4.22737700175613e-24	4.53601477470283e-16	0.999999999999815	1.85321295091933e-13	ok	
block154__QTD000226__ENSG00000260088__ENSG00000260088	block154	RP11-92G12.3	ENSG00000260088	GTEx_colon_sigmoid_eQTL	eQTL	deLange_IBD	1e-06	1954	1.91754445382116e-39	4.22737700175685e-24	4.53601477470361e-16	0.999999999999986	1.85321295091965e-14	ok	
block154__QTD000226__ENSG00000260088__ENSG00000260088	block154	RP11-92G12.3	ENSG00000260088	GTEx_colon_sigmoid_eQTL	eQTL	FinnGen_IBD	1e-05	1954	2.32911915962111e-36	4.22737700175369e-24	5.50960834260375e-13	0.999999999999233	2.18519369748576e-13	ok	
block154__QTD000226__ENSG00000260088__ENSG00000260088	block154	RP11-92G12.3	ENSG00000260088	GTEx_colon_sigmoid_eQTL	eQTL	FinnGen_IBD	1e-06	1954	2.32911915962157e-36	4.22737700175453e-24	5.50960834260484e-13	0.999999999999432	2.1851936974862e-14	ok	
block154__QTD000230__ENSG00000260088__1:200690430:200693753:clu_50348_+	block154	RP11-92G12.3	ENSG00000260088	GTEx_colon_sigmoid_sQTL	sQTL	Howard_DEP	1e-05	1954	0.0010891255215303	2.04761515011483e-05	0.977002095499997	0.0183646465214426	0.0035236563055291	ok	
block154__QTD000230__ENSG00000260088__1:200690430:200693753:clu_50348_+	block154	RP11-92G12.3	ENSG00000260088	GTEx_colon_sigmoid_sQTL	sQTL	Howard_DEP	1e-06	1954	0.00109259044341507	2.05412939149929e-05	0.980110310187141	0.0184230714360923	0.000353486639436284	ok	
block154__QTD000230__ENSG00000260088__1:200690430:200693753:clu_50348_+	block154	RP11-92G12.3	ENSG00000260088	GTEx_colon_sigmoid_sQTL	sQTL	FinnGen_DEP	1e-05	1954	0.00102304445310054	8.37712307361082e-05	0.917723948902132	0.0751411118100868	0.00602812360394457	ok	
block154__QTD000230__ENSG00000260088__1:200690430:200693753:clu_50348_+	block154	RP11-92G12.3	ENSG00000260088	GTEx_colon_sigmoid_sQTL	sQTL	FinnGen_DEP	1e-06	1954	0.00102862506422689	8.42281949089718e-05	0.922730046598705	0.07555099949712	0.000606100645038709	ok	
block154__QTD000230__ENSG00000260088__1:200690430:200693753:clu_50348_+	block154	RP11-92G12.3	ENSG00000260088	GTEx_colon_sigmoid_sQTL	sQTL	deLange_IBD	1e-05	1954	5.05065213323868e-19	0.00111345583824044	4.53069698603921e-16	0.998827592868953	5.89512928039769e-05	ok	
block154__QTD000230__ENSG00000260088__1:200690430:200693753:clu_50348_+	block154	RP11-92G12.3	ENSG00000260088	GTEx_colon_sigmoid_sQTL	sQTL	deLange_IBD	1e-06	1954	5.05092011568228e-19	0.00111351491706996	4.53093738019376e-16	0.998880589640858	5.89544206993621e-06	ok	
block154__QTD000230__ENSG00000260088__1:200690430:200693753:clu_50348_+	block154	RP11-92G12.3	ENSG00000260088	GTEx_colon_sigmoid_sQTL	sQTL	FinnGen_IBD	1e-05	1954	6.13470764541771e-16	0.00111345621393369	5.50315102012436e-13	0.998827930223018	5.86135624993282e-05	ok	
block154__QTD000230__ENSG00000260088__1:200690430:200693753:clu_50348_+	block154	RP11-92G12.3	ENSG00000260088	GTEx_colon_sigmoid_sQTL	sQTL	FinnGen_IBD	1e-06	1954	6.13503128185322e-16	0.00111351495430422	5.50344133879693e-13	0.998880623379678	5.86166546571843e-06	ok	
block154__QTD000231__ENSG00000118197__ENSG00000118197	block154	DDX59	ENSG00000118197	GTEx_colon_transverse_eQTL	eQTL	Howard_DEP	1e-05	1972	1.2883214558438e-30	2.54536867053772e-32	0.977354788207889	0.0193065023758198	0.00333870941628806	ok	
block154__QTD000231__ENSG00000118197__ENSG00000118197	block154	DDX59	ENSG00000118197	GTEx_colon_transverse_eQTL	eQTL	Howard_DEP	1e-06	1972	1.29220432110498e-30	2.55304014378914e-32	0.980300432664689	0.0193646901418078	0.000334877193504135	ok	
block154__QTD000231__ENSG00000118197__ENSG00000118197	block154	DDX59	ENSG00000118197	GTEx_colon_transverse_eQTL	eQTL	FinnGen_DEP	1e-05	1972	1.20934751514273e-30	9.98907004023055e-32	0.917443064516787	0.0757729477654033	0.00678398771780369	ok	
block154__QTD000231__ENSG00000118197__ENSG00000118197	block154	DDX59	ENSG00000118197	GTEx_colon_transverse_eQTL	eQTL	FinnGen_DEP	1e-06	1972	1.21677665322647e-30	1.00504338580974e-31	0.923079005489019	0.0762384282703137	0.00068256624067437	ok	
block154__QTD000231__ENSG00000118197__ENSG00000118197	block154	DDX59	ENSG00000118197	GTEx_colon_transverse_eQTL	eQTL	deLange_IBD	1e-05	1972	5.97924646073581e-46	1.31817173393718e-30	4.53601477470367e-16	1	9.01782132296968e-17	ok	
block154__QTD000231__ENSG00000118197__ENSG00000118197	block154	DDX59	ENSG00000118197	GTEx_colon_transverse_eQTL	eQTL	deLange_IBD	1e-06	1972	5.97924646073581e-46	1.31817173393718e-30	4.53601477470367e-16	1	9.01782132296964e-18	ok	
block154__QTD000231__ENSG00000118197__ENSG00000118197	block154	DDX59	ENSG00000118197	GTEx_colon_transverse_eQTL	eQTL	FinnGen_IBD	1e-05	1972	7.26260998228031e-43	1.31817173393538e-30	5.50960834260038e-13	0.999999999998636	8.13110580731417e-13	ok	
block154__QTD000231__ENSG00000118197__ENSG00000118197	block154	DDX59	ENSG00000118197	GTEx_colon_transverse_eQTL	eQTL	FinnGen_IBD	1e-06	1972	7.26260998228567e-43	1.31817173393636e-30	5.50960834260445e-13	0.999999999999375	8.13110580732014e-14	ok	
block154__QTD000231__ENSG00000260088__ENSG00000260088	block154	RP11-92G12.3	ENSG00000260088	GTEx_colon_transverse_eQTL	eQTL	Howard_DEP	1e-05	1972	1.24071021336732e-17	2.45130195728436e-19	0.978220225178603	0.0193244844478548	0.00245529037354139	ok	
block154__QTD000231__ENSG00000260088__ENSG00000260088	block154	RP11-92G12.3	ENSG00000260088	GTEx_colon_transverse_eQTL	eQTL	Howard_DEP	1e-06	1972	1.2434579586876e-17	2.45673074590007e-19	0.980386645682748	0.0193672815177398	0.00024607279951239	ok	
block154__QTD000231__ENSG00000260088__ENSG00000260088	block154	RP11-92G12.3	ENSG00000260088	GTEx_colon_transverse_eQTL	eQTL	FinnGen_DEP	1e-05	1972	1.16384838766923e-17	9.61325253086185e-19	0.917619617855517	0.0757877221939273	0.0065926599505587	ok	
block154__QTD000231__ENSG00000260088__ENSG00000260088	block154	RP11-92G12.3	ENSG00000260088	GTEx_colon_transverse_eQTL	eQTL	FinnGen_DEP	1e-06	1972	1.17079517669375e-17	9.67063220151214e-19	0.923096714320606	0.0762400846513643	0.000663201028026845	ok	
block154__QTD000231__ENSG00000260088__ENSG00000260088	block154	RP11-92G12.3	ENSG00000260088	GTEx_colon_transverse_eQTL	eQTL	deLange_IBD	1e-05	1972	5.75318288673832e-33	1.26833424767982e-17	4.53601477470283e-16	0.999999999999815	1.8304864464959e-13	ok	
block154__QTD000231__ENSG00000260088__ENSG00000260088	block154	RP11-92G12.3	ENSG00000260088	GTEx_colon_transverse_eQTL	eQTL	deLange_IBD	1e-06	1972	5.7531828867393e-33	1.26833424768003e-17	4.53601477470361e-16	0.999999999999986	1.83048644649622e-14	ok	
block154__QTD000231__ENSG00000260088__ENSG00000260088	block154	RP11-92G12.3	ENSG00000260088	GTEx_colon_transverse_eQTL	eQTL	FinnGen_IBD	1e-05	1972	6.98802495222807e-30	1.26833424767909e-17	5.50960834260375e-13	0.999999999999233	2.17620736940698e-13	ok	
block154__QTD000231__ENSG00000260088__ENSG00000260088	block154	RP11-92G12.3	ENSG00000260088	GTEx_colon_transverse_eQTL	eQTL	FinnGen_IBD	1e-06	1972	6.98802495222946e-30	1.26833424767934e-17	5.50960834260484e-13	0.999999999999432	2.17620736940742e-14	ok	
block154__QTD000321__ENSG00000118197__ENSG00000118197	block154	DDX59	ENSG00000118197	GTEx_small_intestine_eQTL	eQTL	Howard_DEP	1e-05	1892	7.71586952484372e-06	1.38256069640863e-07	0.979128746001205	0.0175411024311832	0.00332229744201635	ok	
block154__QTD000321__ENSG00000118197__ENSG00000118197	block154	DDX59	ENSG00000118197	GTEx_small_intestine_eQTL	eQTL	Howard_DEP	1e-06	1892	7.73900968772407e-06	1.38670704434827e-07	0.982065187395185	0.0175937088115855	0.0003332261128377	ok	
block154__QTD000321__ENSG00000118197__ENSG00000118197	block154	DDX59	ENSG00000118197	GTEx_small_intestine_eQTL	eQTL	FinnGen_DEP	1e-05	1892	7.28843923626515e-06	5.37416617599509e-07	0.924888678681334	0.0681902039843054	0.00691329147850666	ok	
block154__QTD000321__ENSG00000118197__ENSG00000118197	block154	DDX59	ENSG00000118197	GTEx_small_intestine_eQTL	eQTL	FinnGen_DEP	1e-06	1892	7.3340715531995e-06	5.40781338718135e-07	0.930679330417109	0.0686171372273716	0.000695657502627051	ok	
block154__QTD000321__ENSG00000118197__ENSG00000118197	block154	DDX59	ENSG00000118197	GTEx_small_intestine_eQTL	eQTL	deLange_IBD	1e-05	1892	3.57450475209195e-21	7.88027581397256e-06	4.53597659242693e-16	0.999991581880058	5.37844126917654e-07	ok	
block154__QTD000321__ENSG00000118197__ENSG00000118197	block154	DDX59	ENSG00000118197	GTEx_small_intestine_eQTL	eQTL	deLange_IBD	1e-06	1892	3.57450648236654e-21	7.88027962849847e-06	4.53597878811152e-16	0.999992065935933	5.37844387266456e-08	ok	
block154__QTD000321__ENSG00000118197__ENSG00000118197	block154	DDX59	ENSG00000118197	GTEx_small_intestine_eQTL	eQTL	FinnGen_IBD	1e-05	1892	4.34172324760095e-18	7.88027565230851e-06	5.50956185199865e-13	0.999991561344672	5.58379124172271e-07	ok	
block154__QTD000321__ENSG00000118197__ENSG00000118197	block154	DDX59	ENSG00000118197	GTEx_small_intestine_eQTL	eQTL	FinnGen_IBD	1e-06	1892	4.34172542949692e-18	7.88027961247379e-06	5.50956462078194e-13	0.999992063881898	5.58379404780936e-08	ok	
block154__QTD000321__ENSG00000260088__ENSG00000260088	block154	RP11-92G12.3	ENSG00000260088	GTEx_small_intestine_eQTL	eQTL	Howard_DEP	1e-05	1892	7.55157033601441e-12	1.35312090349925e-13	0.97998300230717	0.0175572719127154	0.00245972577242563	ok	
block154__QTD000321__ENSG00000260088__ENSG00000260088	block154	RP11-92G12.3	ENSG00000260088	GTEx_small_intestine_eQTL	eQTL	Howard_DEP	1e-06	1892	7.56832473908776e-12	1.3561230251793e-13	0.982157256070971	0.0175962256133902	0.000246518307934424	ok	
block154__QTD000321__ENSG00000260088__ENSG00000260088	block154	RP11-92G12.3	ENSG00000260088	GTEx_small_intestine_eQTL	eQTL	FinnGen_DEP	1e-05	1892	7.12899149470591e-12	5.25659660701758e-13	0.925144066405058	0.0682093017821981	0.00664663180508803	ok	
block154__QTD000321__ENSG00000260088__ENSG00000260088	block154	RP11-92G12.3	ENSG00000260088	GTEx_small_intestine_eQTL	eQTL	FinnGen_DEP	1e-06	1892	7.17189353682202e-12	5.28823063676627e-13	0.930711553717934	0.0686197831721596	0.00066866310220662	ok	
block154__QTD000321__ENSG00000260088__ENSG00000260088	block154	RP11-92G12.3	ENSG00000260088	GTEx_small_intestine_eQTL	eQTL	deLange_IBD	1e-05	1892	3.49537028044803e-27	7.70581767048229e-12	4.53601477466551e-16	0.99999999999158	7.1318907499265e-13	ok	
block154__QTD000321__ENSG00000260088__ENSG00000260088	block154	RP11-92G12.3	ENSG00000260088	GTEx_small_intestine_eQTL	eQTL	deLange_IBD	1e-06	1892	3.49537028045027e-27	7.70581767048722e-12	4.53601477466841e-16	0.99999999999222	7.13189074993107e-14	ok	
block154__QTD000321__ENSG00000260088__ENSG00000260088	block154	RP11-92G12.3	ENSG00000260088	GTEx_small_intestine_eQTL	eQTL	FinnGen_IBD	1e-05	1892	4.24560373238796e-24	7.70581767047764e-12	5.5096083425583e-13	0.99999999999099	7.49979927308457e-13	ok	
block154__QTD000321__ENSG00000260088__ENSG00000260088	block154	RP11-92G12.3	ENSG00000260088	GTEx_small_intestine_eQTL	eQTL	FinnGen_IBD	1e-06	1892	4.24560373239082e-24	7.70581767048284e-12	5.50960834256202e-13	0.999999999991665	7.49979927308965e-14	ok	
block154__QTD000356__ENSG00000118197__ENSG00000118197	block154	DDX59	ENSG00000118197	GTEx_blood_eQTL	eQTL	Howard_DEP	1e-05	1959	1.24977074584647e-05	2.3678881499194e-07	0.978240537692583	0.0185310970395427	0.00321563077160144	ok	
block154__QTD000356__ENSG00000118197__ENSG00000118197	block154	DDX59	ENSG00000118197	GTEx_blood_eQTL	eQTL	Howard_DEP	1e-06	1959	1.25339816498403e-05	2.37476086863133e-07	0.981079849189791	0.0185848829488901	0.000322496403583328	ok	
block154__QTD000356__ENSG00000118197__ENSG00000118197	block154	DDX59	ENSG00000118197	GTEx_blood_eQTL	eQTL	FinnGen_DEP	1e-05	1959	1.17392344640455e-05	9.51943722278652e-07	0.9188721269379	0.0745054511275913	0.0066097307563224	ok	
block154__QTD000356__ENSG00000118197__ENSG00000118197	block154	DDX59	ENSG00000118197	GTEx_blood_eQTL	eQTL	FinnGen_DEP	1e-06	1959	1.18094862359969e-05	9.57640493519818e-07	0.92437098594032	0.0749513183583535	0.000664928574597488	ok	
block154__QTD000356__ENSG00000118197__ENSG00000118197	block154	DDX59	ENSG00000118197	GTEx_blood_eQTL	eQTL	deLange_IBD	1e-05	1959	5.79499914820926e-21	1.27755297018137e-05	4.53595437524243e-16	0.99998668392495	5.40545350347527e-07	ok	
block154__QTD000356__ENSG00000118197__ENSG00000118197	block154	DDX59	ENSG00000118197	GTEx_blood_eQTL	eQTL	deLange_IBD	1e-06	1959	5.79500196742449e-21	1.27755359169946e-05	4.53595658194364e-16	0.999987170409523	5.40545613318004e-08	ok	
block154__QTD000356__ENSG00000118197__ENSG00000118197	block154	DDX59	ENSG00000118197	GTEx_blood_eQTL	eQTL	FinnGen_IBD	1e-05	1959	7.03881664885534e-18	1.27755299672055e-05	5.50953509367999e-13	0.99998670471892	5.19750562111131e-07	ok	
block154__QTD000356__ENSG00000118197__ENSG00000118197	block154	DDX59	ENSG00000118197	GTEx_blood_eQTL	eQTL	FinnGen_IBD	1e-06	1959	7.03881994144288e-18	1.27755359432883e-05	5.50953767090675e-13	0.999987172488424	5.19750805237827e-08	ok	
block154__QTD000356__ENSG00000170128__ENSG00000170128	block154	GPR25	ENSG00000170128	GTEx_blood_eQTL	eQTL	Howard_DEP	1e-05	1959	0.00272345841471208	5.16002229082997e-05	0.968459413227585	0.018338566851228	0.010426961283567	ok	
block154__QTD000356__ENSG00000170128__ENSG00000170128	block154	GPR25	ENSG00000170128	GTEx_blood_eQTL	eQTL	Howard_DEP	1e-06	1959	0.00274925818247657	5.20890402739105e-05	0.9776337879181	0.0185122910995364	0.00105257375961232	ok	
block154__QTD000356__ENSG00000170128__ENSG00000170128	block154	GPR25	ENSG00000170128	GTEx_blood_eQTL	eQTL	FinnGen_DEP	1e-05	1959	0.00245395769183683	0.000198993352303865	0.872625193571337	0.070707846781096	0.0540140086034265	ok	
block154__QTD000356__ENSG00000170128__ENSG00000170128	block154	GPR25	ENSG00000170128	GTEx_blood_eQTL	eQTL	FinnGen_DEP	1e-06	1959	0.00257934644899535	0.000209161224884225	0.917213325164277	0.0743207733848146	0.00567739377702835	ok	
block154__QTD000356__ENSG00000170128__ENSG00000170128	block154	GPR25	ENSG00000170128	GTEx_blood_eQTL	eQTL	deLange_IBD	1e-05	1959	2.00499438364942e-20	4.42016722439006e-05	7.12974236663349e-18	0.0147328527679375	0.985222945559822	ok	
block154__QTD000356__ENSG00000170128__ENSG00000170128	block154	GPR25	ENSG00000170128	GTEx_blood_eQTL	eQTL	deLange_IBD	1e-06	1959	1.76964333989007e-19	0.000390131740698679	6.29283612818894e-17	0.130034752171756	0.869575116087543	ok	
block154__QTD000356__ENSG00000170128__ENSG00000170128	block154	GPR25	ENSG00000170128	GTEx_blood_eQTL	eQTL	FinnGen_IBD	1e-05	1959	7.07098837162244e-17	0.00012833921999391	2.51443723624636e-14	0.0446821240414561	0.955189536738524	ok	
block154__QTD000356__ENSG00000170128__ENSG00000170128	block154	GPR25	ENSG00000170128	GTEx_blood_eQTL	eQTL	FinnGen_IBD	1e-06	1959	5.03884967674396e-16	0.000914556782153928	1.79181050642088e-13	0.318408819884489	0.680676623333179	ok	
block154__QTD000021__ENSG00000118197__ENSG00000118197	block154	DDX59	ENSG00000118197	BLUEPRINT_monocyte_eQTL	eQTL	Howard_DEP	1e-05	1891	7.32141981500715e-32	1.31188316881534e-33	0.979111219540241	0.0175407836302114	0.00334799682954102	ok	
block154__QTD000021__ENSG00000118197__ENSG00000118197	block154	DDX59	ENSG00000118197	BLUEPRINT_monocyte_eQTL	eQTL	Howard_DEP	1e-06	1891	7.34354737099127e-32	1.31584807849079e-33	0.982070391240877	0.0175937972097616	0.000335811549356413	ok	
block154__QTD000021__ENSG00000118197__ENSG00000118197	block154	DDX59	ENSG00000118197	BLUEPRINT_monocyte_eQTL	eQTL	FinnGen_DEP	1e-05	1891	6.89012968890809e-32	5.36479436077497e-33	0.921433745496893	0.0717378670662268	0.0068283874368863	ok	
block154__QTD000021__ENSG00000118197__ENSG00000118197	block154	DDX59	ENSG00000118197	BLUEPRINT_monocyte_eQTL	eQTL	FinnGen_DEP	1e-06	1891	6.93273515035162e-32	5.39796783494897e-33	0.927131477134621	0.0721814617541834	0.000687061111202726	ok	
block154__QTD000021__ENSG00000118197__ENSG00000118197	block154	DDX59	ENSG00000118197	BLUEPRINT_monocyte_eQTL	eQTL	deLange_IBD	1e-05	1891	3.19154252751188e-47	7.47761813866759e-32	4.26812718746363e-16	1	8.64055373811427e-17	ok	
block154__QTD000021__ENSG00000118197__ENSG00000118197	block154	DDX59	ENSG00000118197	BLUEPRINT_monocyte_eQTL	eQTL	deLange_IBD	1e-06	1891	3.19154252751188e-47	7.47761813866759e-32	4.26812718746363e-16	1	8.64055373811423e-18	ok	
block154__QTD000021__ENSG00000118197__ENSG00000118197	block154	DDX59	ENSG00000118197	BLUEPRINT_monocyte_eQTL	eQTL	FinnGen_IBD	1e-05	1891	4.05565574827972e-44	7.47761813865771e-32	5.42372674435917e-13	0.999999999998678	7.83060257992763e-13	ok	
block154__QTD000021__ENSG00000118197__ENSG00000118197	block154	DDX59	ENSG00000118197	BLUEPRINT_monocyte_eQTL	eQTL	FinnGen_IBD	1e-06	1891	4.05565574828255e-44	7.47761813866302e-32	5.42372674436295e-13	0.999999999999375	7.83060257993304e-14	ok	
block154__QTD000021__ENSG00000118200__ENSG00000118200	block154	CAMSAP2	ENSG00000118200	BLUEPRINT_monocyte_eQTL	eQTL	Howard_DEP	1e-05	1891	1.10411265652384e-15	1.97839605864509e-17	0.979833222240863	0.0175544564574763	0.00261232130165883	ok	
block154__QTD000021__ENSG00000118200__ENSG00000118200	block154	CAMSAP2	ENSG00000118200	BLUEPRINT_monocyte_eQTL	eQTL	Howard_DEP	1e-06	1891	1.10671464133301e-15	1.98305840578938e-17	0.982142326429396	0.0175958258130088	0.000261847757593341	ok	
block154__QTD000021__ENSG00000118200__ENSG00000118200	block154	CAMSAP2	ENSG00000118200	BLUEPRINT_monocyte_eQTL	eQTL	FinnGen_DEP	1e-05	1891	1.04174500421148e-15	8.11123734427842e-17	0.924485701887993	0.0719787914456115	0.00353550666639162	ok	
block154__QTD000021__ENSG00000118200__ENSG00000118200	block154	CAMSAP2	ENSG00000118200	BLUEPRINT_monocyte_eQTL	eQTL	FinnGen_DEP	1e-06	1891	1.04507037215232e-15	8.13712933177645e-17	0.927436764866354	0.0722085558932698	0.000354679240376067	ok	
block154__QTD000021__ENSG00000118200__ENSG00000118200	block154	CAMSAP2	ENSG00000118200	BLUEPRINT_monocyte_eQTL	eQTL	deLange_IBD	1e-05	1891	4.80948506374868e-31	1.12683733462186e-15	4.2681271874637e-16	1	5.0011288974382e-16	ok	
block154__QTD000021__ENSG00000118200__ENSG00000118200	block154	CAMSAP2	ENSG00000118200	BLUEPRINT_monocyte_eQTL	eQTL	deLange_IBD	1e-06	1891	4.80948506374868e-31	1.12683733462186e-15	4.2681271874637e-16	1	5.00112889743822e-17	ok	
block154__QTD000021__ENSG00000118200__ENSG00000118200	block154	CAMSAP2	ENSG00000118200	BLUEPRINT_monocyte_eQTL	eQTL	FinnGen_IBD	1e-05	1891	6.11165778833484e-28	1.12683733462107e-15	5.4237267443626e-13	0.999999999999311	1.44157072376901e-13	ok	
block154__QTD000021__ENSG00000118200__ENSG00000118200	block154	CAMSAP2	ENSG00000118200	BLUEPRINT_monocyte_eQTL	eQTL	FinnGen_IBD	1e-06	1891	6.11165778833562e-28	1.12683733462122e-15	5.42372674436329e-13	0.999999999999439	1.4415707237692e-14	ok	
block154__QTD000031__ENSG00000118197__ENSG00000118197	block154	DDX59	ENSG00000118197	BLUEPRINT_CD4_T_eQTL	eQTL	Howard_DEP	1e-05	1884	8.36430295764335e-59	1.49803605889383e-60	0.979129239085624	0.0175327425599699	0.00333801835441582	ok	
block154__QTD000031__ENSG00000118197__ENSG00000118197	block154	DDX59	ENSG00000118197	BLUEPRINT_CD4_T_eQTL	eQTL	Howard_DEP	1e-06	1884	8.3895068527162e-59	1.50255004455826e-60	0.982079618899655	0.0175855734301641	0.000334807670174999	ok	
block154__QTD000031__ENSG00000118197__ENSG00000118197	block154	DDX59	ENSG00000118197	BLUEPRINT_CD4_T_eQTL	eQTL	FinnGen_DEP	1e-05	1884	7.872552097827e-59	6.11747199632636e-60	0.921564652098527	0.071604584212823	0.00683076368865211	ok	
block154__QTD000031__ENSG00000118197__ENSG00000118197	block154	DDX59	ENSG00000118197	BLUEPRINT_CD4_T_eQTL	eQTL	FinnGen_DEP	1e-06	1884	7.92124946270575e-59	6.15531293560994e-60	0.927265188540196	0.0720475097750896	0.000687301684717223	ok	
block154__QTD000031__ENSG00000118197__ENSG00000118197	block154	DDX59	ENSG00000118197	BLUEPRINT_CD4_T_eQTL	eQTL	deLange_IBD	1e-05	1884	3.6460875063889e-74	8.54259338170182e-59	4.26812718746382e-16	1	8.70933112326044e-17	ok	
block154__QTD000031__ENSG00000118197__ENSG00000118197	block154	DDX59	ENSG00000118197	BLUEPRINT_CD4_T_eQTL	eQTL	deLange_IBD	1e-06	1884	3.6460875063889e-74	8.54259338170182e-59	4.26812718746382e-16	1	8.70933112326052e-18	ok	
block154__QTD000031__ENSG00000118197__ENSG00000118197	block154	DDX59	ENSG00000118197	BLUEPRINT_CD4_T_eQTL	eQTL	FinnGen_IBD	1e-05	1884	4.63326921905251e-71	8.54259338169041e-59	5.42372674435971e-13	0.999999999998664	8.01238395324771e-13	ok	
block154__QTD000031__ENSG00000118197__ENSG00000118197	block154	DDX59	ENSG00000118197	BLUEPRINT_CD4_T_eQTL	eQTL	FinnGen_IBD	1e-06	1884	4.6332692190558e-71	8.54259338169648e-59	5.42372674436356e-13	0.999999999999375	8.01238395325348e-14	ok	
block154__QTD000031__ENSG00000260088__ENSG00000260088	block154	RP11-92G12.3	ENSG00000260088	BLUEPRINT_CD4_T_eQTL	eQTL	Howard_DEP	1e-05	1884	6.96770175494422e-05	1.2479065535265e-06	0.979450493057322	0.0175388945087327	0.00293968750984196	ok	
block154__QTD000031__ENSG00000260088__ENSG00000260088	block154	RP11-92G12.3	ENSG00000260088	BLUEPRINT_CD4_T_eQTL	eQTL	Howard_DEP	1e-06	1884	6.98618523627669e-05	1.2512169216074e-06	0.982048717772044	0.0175854205858591	0.000294748572812433	ok	
block154__QTD000031__ENSG00000260088__ENSG00000260088	block154	RP11-92G12.3	ENSG00000260088	BLUEPRINT_CD4_T_eQTL	eQTL	FinnGen_DEP	1e-05	1884	6.55840208065708e-05	5.09629413314937e-06	0.921915199227577	0.0716322728628533	0.00638184759462944	ok	
block154__QTD000031__ENSG00000260088__ENSG00000260088	block154	RP11-92G12.3	ENSG00000260088	BLUEPRINT_CD4_T_eQTL	eQTL	FinnGen_DEP	1e-06	1884	6.59628894029346e-05	5.12573462461571e-06	0.927240958661084	0.0720460812622185	0.000641871452670604	ok	
block154__QTD000031__ENSG00000260088__ENSG00000260088	block154	RP11-92G12.3	ENSG00000260088	BLUEPRINT_CD4_T_eQTL	eQTL	deLange_IBD	1e-05	1884	3.03606361006391e-20	7.11333912208944e-05	4.26779748102793e-16	0.999922745375782	6.12123299956054e-06	ok	
block154__QTD000031__ENSG00000260088__ENSG00000260088	block154	RP11-92G12.3	ENSG00000260088	BLUEPRINT_CD4_T_eQTL	eQTL	deLange_IBD	1e-06	1884	3.03608033616352e-20	7.11337831047084e-05	4.26782099292193e-16	0.99992825409022	6.12126672229039e-07	ok	
block154__QTD000031__ENSG00000260088__ENSG00000260088	block154	RP11-92G12.3	ENSG00000260088	BLUEPRINT_CD4_T_eQTL	eQTL	FinnGen_IBD	1e-05	1884	3.85808009160457e-17	7.11333788268681e-05	5.42330682465754e-13	0.999922570978436	6.29564219331214e-06	ok	
block154__QTD000031__ENSG00000260088__ENSG00000260088	block154	RP11-92G12.3	ENSG00000260088	BLUEPRINT_CD4_T_eQTL	eQTL	FinnGen_IBD	1e-06	1884	3.85810195191106e-17	7.11337818764228e-05	5.42333755371099e-13	0.999928236649793	6.29567786511384e-07	ok	
block464__QTD000146__ENSG00000173531__ENSG00000173531	block464	MST1	ENSG00000173531	GTEx_amygdala_eQTL	eQTL	Howard_DEP	1e-05	1401	0.000500921373781296	0.232565949918874	0.00160671352625395	0.745939713945763	0.0193867012353277	ok	
block464__QTD000146__ENSG00000173531__ENSG00000173531	block464	MST1	ENSG00000173531	GTEx_amygdala_eQTL	eQTL	Howard_DEP	1e-06	1401	0.000509816670916763	0.23669582605593	0.001635245337783	0.759186015157877	0.00197309677749306	ok	
block464__QTD000146__ENSG00000173531__ENSG00000173531	block464	MST1	ENSG00000173531	GTEx_amygdala_eQTL	eQTL	FinnGen_DEP	1e-05	1401	0.000405443909976049	0.0437549964876371	0.00130046799436477	0.139529859998455	0.815009231609567	ok	
block464__QTD000146__ENSG00000173531__ENSG00000173531	block464	MST1	ENSG00000173531	GTEx_amygdala_eQTL	eQTL	FinnGen_DEP	1e-06	1401	0.00152141294768233	0.164188970518803	0.0048799569952596	0.523580525854963	0.305829133683292	ok	
block464__QTD000146__ENSG00000173531__ENSG00000173531	block464	MST1	ENSG00000173531	GTEx_amygdala_eQTL	eQTL	deLange_IBD	1e-05	1401	5.23555215437018e-32	0.0117979467145167	1.67931194477385e-31	0.0368907964279181	0.951311256857564	ok	
block464__QTD000146__ENSG00000173531__ENSG00000173531	block464	MST1	ENSG00000173531	GTEx_amygdala_eQTL	eQTL	deLange_IBD	1e-06	1401	3.64035386558769e-31	0.0820328012439696	1.16764947601223e-30	0.256506953653173	0.66146024510286	ok	
block464__QTD000146__ENSG00000173531__ENSG00000173531	block464	MST1	ENSG00000173531	GTEx_amygdala_eQTL	eQTL	FinnGen_IBD	1e-05	1401	6.68453858949068e-33	0.0120706349651974	2.14407672154758e-32	0.0377665969554219	0.950162768079377	ok	
block464__QTD000146__ENSG00000173531__ENSG00000173531	block464	MST1	ENSG00000173531	GTEx_amygdala_eQTL	eQTL	FinnGen_IBD	1e-06	1401	4.6146887625739e-32	0.0833299453437251	1.48016899305174e-31	0.26072269347782	0.65594736117846	ok	
block464__QTD000146__ENSG00000173540__ENSG00000173540	block464	GMPPB	ENSG00000173540	GTEx_amygdala_eQTL	eQTL	Howard_DEP	1e-05	1362	8.64671776277797e-06	0.00401283278581283	0.000194708738035807	0.0894555441920367	0.906328267566352	ok	
block464__QTD000146__ENSG00000173540__ENSG00000173540	block464	GMPPB	ENSG00000173540	GTEx_amygdala_eQTL	eQTL	Howard_DEP	1e-06	1362	4.69153763790007e-05	0.0217728351563448	0.00105645101179934	0.485368048327438	0.491755750128038	ok	
block464__QTD000146__ENSG00000173540__ENSG00000173540	block464	GMPPB	ENSG00000173540	GTEx_amygdala_eQTL	eQTL	FinnGen_DEP	1e-05	1362	0.000318676106426986	0.0341557601318621	0.00717602033822231	0.76893768751086	0.189411855912629	ok	
block464__QTD000146__ENSG00000173540__ENSG00000173540	block464	GMPPB	ENSG00000173540	GTEx_amygdala_eQTL	eQTL	FinnGen_DEP	1e-06	1362	0.00038416496563231	0.0411748673733987	0.00865071321951009	0.926956600568604	0.0228336538728545	ok	
block464__QTD000146__ENSG00000173540__ENSG00000173540	block464	GMPPB	ENSG00000173540	GTEx_amygdala_eQTL	eQTL	deLange_IBD	1e-05	1362	1.88142231996221e-31	0.0423965221316506	4.23662915435036e-30	0.954691522144646	0.00291195572370816	ok	
block464__QTD000146__ENSG00000173540__ENSG00000173540	block464	GMPPB	ENSG00000173540	GTEx_amygdala_eQTL	eQTL	deLange_IBD	1e-06	1362	1.88636603289206e-31	0.0425079252081522	4.24776151847036e-30	0.957200114060432	0.00029196073142148	ok	
block464__QTD000146__ENSG00000173540__ENSG00000173540	block464	GMPPB	ENSG00000173540	GTEx_amygdala_eQTL	eQTL	FinnGen_IBD	1e-05	1362	2.34785334719995e-32	0.0423964651059434	5.28694904665857e-31	0.954690236684432	0.00291329820961785	ok	
block464__QTD000146__ENSG00000173540__ENSG00000173540	block464	GMPPB	ENSG00000173540	GTEx_amygdala_eQTL	eQTL	FinnGen_IBD	1e-06	1362	2.35402552771974e-32	0.0425079195272116	5.30084770176572e-31	0.957199984786171	0.000292095686618562	ok	
block464__QTD000150__ENSG00000173531__3:49684189:49684314:clu_44352_-	block464	MST1	ENSG00000173531	GTEx_amygdala_sQTL	sQTL	Howard_DEP	1e-05	1403	2.08613968438801e-07	9.68545354656682e-05	0.00214877454886297	0.997625112961373	0.000129049340330646	ok	
block464__QTD000150__ENSG00000173531__3:49684189:49684314:clu_44352_-	block464	MST1	ENSG00000173531	GTEx_amygdala_sQTL	sQTL	Howard_DEP	1e-06	1403	2.0863820059874e-07	9.68657858848603e-05	0.00214902414599652	0.997740994996874	1.29064330430678e-05	ok	
block464__QTD000150__ENSG00000173531__3:49684189:49684314:clu_44352_-	block464	MST1	ENSG00000173531	GTEx_amygdala_sQTL	sQTL	FinnGen_DEP	1e-05	1403	5.40576921536206e-08	5.83390210703054e-06	0.000556807360213013	0.0591503218194104	0.940286982860576	ok	
block464__QTD000150__ENSG00000173531__3:49684189:49684314:clu_44352_-	block464	MST1	ENSG00000173531	GTEx_amygdala_sQTL	sQTL	FinnGen_DEP	1e-06	1403	3.51613691859858e-07	3.79461234114971e-05	0.00362170643583655	0.384738271299445	0.611601724527616	ok	
block464__QTD000150__ENSG00000173531__3:49684189:49684314:clu_44352_-	block464	MST1	ENSG00000173531	GTEx_amygdala_sQTL	sQTL	deLange_IBD	1e-05	1403	1.05832332634444e-35	2.38485681028305e-06	1.09009873362534e-31	0.0235881950259275	0.976409420117269	ok	
block464__QTD000150__ENSG00000173531__3:49684189:49684314:clu_44352_-	block464	MST1	ENSG00000173531	GTEx_amygdala_sQTL	sQTL	deLange_IBD	1e-06	1403	8.72977019347947e-35	1.96719200832862e-05	8.99187535214075e-31	0.19457146670535	0.805408861374574	ok	
block464__QTD000150__ENSG00000173531__3:49684189:49684314:clu_44352_-	block464	MST1	ENSG00000173531	GTEx_amygdala_sQTL	sQTL	FinnGen_IBD	1e-05	1403	1.39281908164141e-36	2.51508918408921e-06	1.43463748674133e-32	0.0249309630087949	0.975066521902025	ok	
block464__QTD000150__ENSG00000173531__3:49684189:49684314:clu_44352_-	block464	MST1	ENSG00000173531	GTEx_amygdala_sQTL	sQTL	FinnGen_IBD	1e-06	1403	1.13755112671246e-35	2.05413795147846e-05	1.17170529250883e-31	0.203617579874476	0.796361878746009	ok	
block464__QTD000226__ENSG00000145020__ENSG00000145020	block464	AMT	ENSG00000145020	GTEx_colon_sigmoid_eQTL	eQTL	Howard_DEP	1e-05	1753	6.13177283402289e-08	2.84799314300504e-05	0.00214826277924888	0.997792586678482	3.06092931093056e-05	ok	
block464__QTD000226__ENSG00000145020__ENSG00000145020	block464	AMT	ENSG00000145020	GTEx_colon_sigmoid_eQTL	eQTL	Howard_DEP	1e-06	1753	6.13194175898526e-08	2.84807160271768e-05	0.00214832196200384	0.997820074988913	3.06101363684782e-06	ok	
block464__QTD000226__ENSG00000145020__ENSG00000145020	block464	AMT	ENSG00000145020	GTEx_colon_sigmoid_eQTL	eQTL	FinnGen_DEP	1e-05	1753	2.59210755263492e-07	2.82662448988433e-05	0.00908143260663186	0.990305538521686	0.000584503416028536	ok	
block464__QTD000226__ENSG00000145020__ENSG00000145020	block464	AMT	ENSG00000145020	GTEx_colon_sigmoid_eQTL	eQTL	FinnGen_DEP	1e-06	1753	2.59347185647845e-07	2.82811222701617e-05	0.00908621243661902	0.990826765988157	5.84811057683388e-05	ok	
block464__QTD000226__ENSG00000145020__ENSG00000145020	block464	AMT	ENSG00000145020	GTEx_colon_sigmoid_eQTL	eQTL	deLange_IBD	1e-05	1753	1.2663390177982e-34	2.85360546776825e-05	4.43661083259935e-30	0.99975867897517	0.000212784970151724	ok	
block464__QTD000226__ENSG00000145020__ENSG00000145020	block464	AMT	ENSG00000145020	GTEx_colon_sigmoid_eQTL	eQTL	deLange_IBD	1e-06	1753	1.26658157636884e-34	2.85415205636238e-05	4.43746063503528e-30	0.999950175906676	2.1282572765622e-05	ok	
block464__QTD000226__ENSG00000145020__ENSG00000145020	block464	AMT	ENSG00000145020	GTEx_colon_sigmoid_eQTL	eQTL	FinnGen_IBD	1e-05	1753	1.58030445134547e-35	2.85364171523485e-05	5.53658676634221e-31	0.999771390964784	0.000200072618060602	ok	
block464__QTD000226__ENSG00000145020__ENSG00000145020	block464	AMT	ENSG00000145020	GTEx_colon_sigmoid_eQTL	eQTL	FinnGen_IBD	1e-06	1753	1.58058906067777e-35	2.85415564978873e-05	5.53758389335875e-31	0.999951447578427	2.00108650696078e-05	ok	
block464__QTD000226__ENSG00000164068__ENSG00000164068	block464	RNF123	ENSG00000164068	GTEx_colon_sigmoid_eQTL	eQTL	Howard_DEP	1e-05	1539	5.44491027491504e-08	2.52803992771246e-05	0.00203091844460395	0.942888475228956	0.0550552714780604	ok	
block464__QTD000226__ENSG00000164068__ENSG00000164068	block464	RNF123	ENSG00000164068	GTEx_colon_sigmoid_eQTL	eQTL	Howard_DEP	1e-06	1539	5.72876933057188e-08	2.65983402353977e-05	0.00213679614739315	0.992044001886809	0.00579254633786857	ok	
block464__QTD000226__ENSG00000164068__ENSG00000164068	block464	RNF123	ENSG00000164068	GTEx_colon_sigmoid_eQTL	eQTL	FinnGen_DEP	1e-05	1539	2.03902466212754e-07	2.20088618197063e-05	0.00760543808112937	0.820745544600598	0.171626804553986	ok	
block464__QTD000226__ENSG00000164068__ENSG00000164068	block464	RNF123	ENSG00000164068	GTEx_colon_sigmoid_eQTL	eQTL	FinnGen_DEP	1e-06	1539	2.41151761887545e-07	2.60294831325081e-05	0.00899481417393596	0.970680923178588	0.0202979920125823	ok	
block464__QTD000226__ENSG00000164068__ENSG00000164068	block464	RNF123	ENSG00000164068	GTEx_colon_sigmoid_eQTL	eQTL	deLange_IBD	1e-05	1539	1.18671965336796e-34	2.67418885777277e-05	4.42639219180997e-30	0.99745367370243	0.00251958440898974	ok	
block464__QTD000226__ENSG00000164068__ENSG00000164068	block464	RNF123	ENSG00000164068	GTEx_colon_sigmoid_eQTL	eQTL	deLange_IBD	1e-06	1539	1.1894168058037e-34	2.68026670014345e-05	4.43645240649317e-30	0.999720666246056	0.000252531086949492	ok	
block464__QTD000226__ENSG00000164068__ENSG00000164068	block464	RNF123	ENSG00000164068	GTEx_colon_sigmoid_eQTL	eQTL	FinnGen_IBD	1e-05	1539	1.48068986155323e-35	2.67376223148403e-05	5.52288320419279e-31	0.997294385396699	0.00267887698098104	ok	
block464__QTD000226__ENSG00000164068__ENSG00000164068	block464	RNF123	ENSG00000164068	GTEx_colon_sigmoid_eQTL	eQTL	FinnGen_IBD	1e-06	1539	1.48426841679906e-35	2.68022422336228e-05	5.53623099779606e-31	0.999704662624337	0.000268535133426873	ok	
block464__QTD000226__ENSG00000173421__ENSG00000173421	block464	CCDC36	ENSG00000173421	GTEx_colon_sigmoid_eQTL	eQTL	Howard_DEP	1e-05	1927	5.21541276400086e-12	2.42232219487183e-09	0.00198087679478113	0.919949172847705	0.0780699479299763	ok	
block464__QTD000226__ENSG00000173421__ENSG00000173421	block464	CCDC36	ENSG00000173421	GTEx_colon_sigmoid_eQTL	eQTL	Howard_DEP	1e-06	1927	5.60955678984496e-12	2.60538418152193e-09	0.00213057745893283	0.989472427662917	0.00839699226715644	ok	
block464__QTD000226__ENSG00000173421__ENSG00000173421	block464	CCDC36	ENSG00000173421	GTEx_colon_sigmoid_eQTL	eQTL	FinnGen_DEP	1e-05	1927	2.2397928406227e-11	2.4706416069589e-09	0.00850700388228307	0.938326372814015	0.0531666208106634	ok	
block464__QTD000226__ENSG00000173421__ENSG00000173421	block464	CCDC36	ENSG00000173421	GTEx_colon_sigmoid_eQTL	eQTL	FinnGen_DEP	1e-06	1927	2.35235282627753e-11	2.59480281454639e-09	0.00893452031040468	0.985481628044731	0.00558384902653851	ok	
block464__QTD000226__ENSG00000173421__ENSG00000173421	block464	CCDC36	ENSG00000173421	GTEx_colon_sigmoid_eQTL	eQTL	deLange_IBD	1e-05	1927	1.16838851602121e-38	2.63288093546453e-09	4.43768078080115e-30	0.999999997024332	3.42783014646615e-10	ok	
block464__QTD000226__ENSG00000173421__ENSG00000173421	block464	CCDC36	ENSG00000173421	GTEx_colon_sigmoid_eQTL	eQTL	deLange_IBD	1e-06	1927	1.16838851638166e-38	2.63288093627678e-09	4.43768078217019e-30	0.999999997332836	3.42783014752363e-11	ok	
block464__QTD000226__ENSG00000173421__ENSG00000173421	block464	CCDC36	ENSG00000173421	GTEx_colon_sigmoid_eQTL	eQTL	FinnGen_IBD	1e-05	1927	1.45805040624159e-39	2.63288093545749e-09	5.53785164480354e-31	0.999999997021675	3.45448620496362e-10	ok	
block464__QTD000226__ENSG00000173421__ENSG00000173421	block464	CCDC36	ENSG00000173421	GTEx_colon_sigmoid_eQTL	eQTL	FinnGen_IBD	1e-06	1927	1.4580504066949e-39	2.63288093627607e-09	5.53785164652529e-31	0.99999999733258	3.45448620603762e-11	ok	
block464__QTD000226__ENSG00000173540__ENSG00000173540	block464	GMPPB	ENSG00000173540	GTEx_colon_sigmoid_eQTL	eQTL	Howard_DEP	1e-05	1495	2.83641822553954e-15	1.3163957772029e-12	0.000236134630658908	0.10870019048215	0.891063674885871	ok	
block464__QTD000226__ENSG00000173540__ENSG00000173540	block464	GMPPB	ENSG00000173540	GTEx_colon_sigmoid_eQTL	eQTL	Howard_DEP	1e-06	1495	1.43222564198799e-14	6.647030293835e-12	0.00119234205289567	0.548872513565591	0.449935144374852	ok	
block464__QTD000226__ENSG00000173540__ENSG00000173540	block464	GMPPB	ENSG00000173540	GTEx_colon_sigmoid_eQTL	eQTL	FinnGen_DEP	1e-05	1495	9.5442094264535e-14	1.02313312157777e-11	0.00794564901450022	0.851628045647379	0.140426305327792	ok	
block464__QTD000226__ENSG00000173540__ENSG00000173540	block464	GMPPB	ENSG00000173540	GTEx_colon_sigmoid_eQTL	eQTL	FinnGen_DEP	1e-06	1495	1.09249439955395e-13	1.17114698072716e-11	0.00909512423847604	0.974830736419164	0.01607413933054	ok	
block464__QTD000226__ENSG00000173540__ENSG00000173540	block464	GMPPB	ENSG00000173540	GTEx_colon_sigmoid_eQTL	eQTL	deLange_IBD	1e-05	1495	5.33048399028714e-41	1.20118688966737e-11	4.43768079384787e-30	0.999999999964629	2.33661346741013e-11	ok	
block464__QTD000226__ENSG00000173540__ENSG00000173540	block464	GMPPB	ENSG00000173540	GTEx_colon_sigmoid_eQTL	eQTL	deLange_IBD	1e-06	1495	5.33048399039917e-41	1.20118688969262e-11	4.43768079394107e-30	0.999999999985647	2.33661346745923e-12	ok	
block464__QTD000226__ENSG00000173540__ENSG00000173540	block464	GMPPB	ENSG00000173540	GTEx_colon_sigmoid_eQTL	eQTL	FinnGen_IBD	1e-05	1495	6.65199481247184e-42	1.20118688966761e-11	5.53785166110055e-31	0.999999999964828	2.31632934604216e-11	ok	
block464__QTD000226__ENSG00000173540__ENSG00000173540	block464	GMPPB	ENSG00000173540	GTEx_colon_sigmoid_eQTL	eQTL	FinnGen_IBD	1e-06	1495	6.65199481261052e-42	1.20118688969265e-11	5.53785166121608e-31	0.999999999985675	2.31632934609044e-12	ok	
block464__QTD000226__ENSG00000188315__ENSG00000188315	block464	C3orf62	ENSG00000188315	GTEx_colon_sigmoid_eQTL	eQTL	Howard_DEP	1e-05	1931	0.000545293865467977	0.253268306326279	0.00156883707787134	0.728649316248044	0.0159682464823381	ok	
block464__QTD000226__ENSG00000188315__ENSG00000188315	block464	C3orf62	ENSG00000188315	GTEx_colon_sigmoid_eQTL	eQTL	Howard_DEP	1e-06	1931	0.000553244779572732	0.256961204186644	0.00159171224599708	0.739273730885471	0.00162010790231474	ok	
block464__QTD000226__ENSG00000188315__ENSG00000188315	block464	C3orf62	ENSG00000188315	GTEx_colon_sigmoid_eQTL	eQTL	FinnGen_DEP	1e-05	1931	0.00228474085399609	0.251490497156754	0.00657331100176664	0.723534323575252	0.0161171274122313	ok	
block464__QTD000226__ENSG00000188315__ENSG00000188315	block464	C3orf62	ENSG00000188315	GTEx_colon_sigmoid_eQTL	eQTL	FinnGen_DEP	1e-06	1931	0.00231836976885405	0.255192165335742	0.0066700630319265	0.734183966453465	0.00163543541001302	ok	
block464__QTD000226__ENSG00000188315__ENSG00000188315	block464	C3orf62	ENSG00000188315	GTEx_colon_sigmoid_eQTL	eQTL	deLange_IBD	1e-05	1931	1.12690412977374e-30	0.253939880330325	3.24215820854344e-30	0.730581957535264	0.0154781621344068	ok	
block464__QTD000226__ENSG00000188315__ENSG00000188315	block464	C3orf62	ENSG00000188315	GTEx_colon_sigmoid_eQTL	eQTL	deLange_IBD	1e-06	1931	1.14282406431648e-30	0.257527325052408	3.28796063759974e-30	0.740902992514879	0.00156968243271445	ok	
block464__QTD000226__ENSG00000188315__ENSG00000188315	block464	C3orf62	ENSG00000188315	GTEx_colon_sigmoid_eQTL	eQTL	FinnGen_IBD	1e-05	1931	1.40613997840221e-31	0.25391434520175	4.04553338024697e-31	0.730508392623437	0.0155772621748069	ok	
block464__QTD000226__ENSG00000188315__ENSG00000188315	block464	C3orf62	ENSG00000188315	GTEx_colon_sigmoid_eQTL	eQTL	FinnGen_IBD	1e-06	1931	1.42613371124701e-31	0.257524722306023	4.10305632594351e-31	0.740895402357412	0.00157987533656984	ok	
block464__QTD000226__ENSG00000225399__ENSG00000225399	block464	RP11-3B7.1	ENSG00000225399	GTEx_colon_sigmoid_eQTL	eQTL	Howard_DEP	1e-05	1938	2.95143061076495e-10	1.37082335076266e-07	0.00203586932496104	0.945528734625144	0.0524352586724177	ok	
block464__QTD000226__ENSG00000225399__ENSG00000225399	block464	RP11-3B7.1	ENSG00000225399	GTEx_colon_sigmoid_eQTL	eQTL	Howard_DEP	1e-06	1938	3.09761230289729e-10	1.43871899306512e-07	0.00213670409363141	0.992359918757722	0.00550323296698431	ok	
block464__QTD000226__ENSG00000225399__ENSG00000225399	block464	RP11-3B7.1	ENSG00000225399	GTEx_colon_sigmoid_eQTL	eQTL	FinnGen_DEP	1e-05	1938	1.26467570746436e-09	1.39337980875053e-07	0.0087236151494098	0.961110238348737	0.0301660058991955	ok	
block464__QTD000226__ENSG00000225399__ENSG00000225399	block464	RP11-3B7.1	ENSG00000225399	GTEx_colon_sigmoid_eQTL	eQTL	FinnGen_DEP	1e-06	1938	1.29996909532282e-09	1.43226495039919e-07	0.00896706564915357	0.987932004764084	0.00310078506029855	ok	
block464__QTD000226__ENSG00000225399__ENSG00000225399	block464	RP11-3B7.1	ENSG00000225399	GTEx_colon_sigmoid_eQTL	eQTL	deLange_IBD	1e-05	1938	6.43337187262142e-37	1.44971487839163e-07	4.43767995214444e-30	0.999999810247975	4.47805321989587e-08	ok	
block464__QTD000226__ENSG00000225399__ENSG00000225399	block464	RP11-3B7.1	ENSG00000225399	GTEx_colon_sigmoid_eQTL	eQTL	deLange_IBD	1e-06	1938	6.43337213190227e-37	1.44971493681874e-07	4.43768013099395e-30	0.999999850550449	4.47805340037251e-09	ok	
block464__QTD000226__ENSG00000225399__ENSG00000225399	block464	RP11-3B7.1	ENSG00000225399	GTEx_colon_sigmoid_eQTL	eQTL	FinnGen_IBD	1e-05	1938	8.02830593875401e-38	1.4497148767752e-07	5.53785060454989e-31	0.999999809131854	4.5896659396083e-08	ok	
block464__QTD000226__ENSG00000225399__ENSG00000225399	block464	RP11-3B7.1	ENSG00000225399	GTEx_colon_sigmoid_eQTL	eQTL	FinnGen_IBD	1e-06	1938	8.02830627037917e-38	1.44971493665856e-07	5.53785083330183e-31	0.999999850438837	4.58966612919357e-09	ok	
block464__QTD000226__ENSG00000228008__ENSG00000228008	block464	CTD-2330K9.3	ENSG00000228008	GTEx_colon_sigmoid_eQTL	eQTL	Howard_DEP	1e-05	1380	0.000198153348711007	0.0908539857293025	0.00194498923003877	0.891768956961136	0.0152339147308117	ok	
block464__QTD000226__ENSG00000228008__ENSG00000228008	block464	CTD-2330K9.3	ENSG00000228008	GTEx_colon_sigmoid_eQTL	eQTL	Howard_DEP	1e-06	1380	0.000200907901162558	0.0921169574163914	0.00197202674864088	0.904165539620948	0.00154456831285777	ok	
block464__QTD000226__ENSG00000228008__ENSG00000228008	block464	CTD-2330K9.3	ENSG00000228008	GTEx_colon_sigmoid_eQTL	eQTL	FinnGen_DEP	1e-05	1380	0.000847035504179535	0.0905389094991969	0.00831414126385713	0.888679916233961	0.0116199974988063	ok	
block464__QTD000226__ENSG00000228008__ENSG00000228008	block464	CTD-2330K9.3	ENSG00000228008	GTEx_colon_sigmoid_eQTL	eQTL	FinnGen_DEP	1e-06	1380	0.000855987418677169	0.0914957720776209	0.00840200945987495	0.898071950672466	0.00117428037136093	ok	
block464__QTD000226__ENSG00000228008__ENSG00000228008	block464	CTD-2330K9.3	ENSG00000228008	GTEx_colon_sigmoid_eQTL	eQTL	deLange_IBD	1e-05	1380	4.06058187726704e-31	0.0915023424567372	3.98569495310085e-30	0.898137825699115	0.0103598318441446	ok	
block464__QTD000226__ENSG00000228008__ENSG00000228008	block464	CTD-2330K9.3	ENSG00000228008	GTEx_colon_sigmoid_eQTL	eQTL	deLange_IBD	1e-06	1380	4.09879845373641e-31	0.0923635259947916	4.02320672371962e-30	0.906590740560412	0.00104573344479211	ok	
block464__QTD000226__ENSG00000228008__ENSG00000228008	block464	CTD-2330K9.3	ENSG00000228008	GTEx_colon_sigmoid_eQTL	eQTL	FinnGen_IBD	1e-05	1380	5.06877473697133e-32	0.0915296228029661	4.97529430465501e-31	0.898405893355546	0.0100644838414808	ok	
block464__QTD000226__ENSG00000228008__ENSG00000228008	block464	CTD-2330K9.3	ENSG00000228008	GTEx_colon_sigmoid_eQTL	eQTL	FinnGen_IBD	1e-06	1380	5.11510756264183e-32	0.0923662798408265	5.02077264126279e-31	0.906618071997965	0.00101564816120445	ok	
block464__QTD000230__ENSG00000114316__3:49292598:49294407:clu_43107_-	block464	USP4	ENSG00000114316	GTEx_colon_sigmoid_sQTL	sQTL	Howard_DEP	1e-05	1915	1.51294504608569e-05	0.00702707474418092	0.00213159406668395	0.990046470801669	0.000779730937004692	ok	
block464__QTD000230__ENSG00000114316__3:49292598:49294407:clu_43107_-	block464	USP4	ENSG00000114316	GTEx_colon_sigmoid_sQTL	sQTL	Howard_DEP	1e-06	1915	1.51400751273258e-05	0.00703200951201017	0.00213309098000965	0.990741731582497	7.80278503564532e-05	ok	
block464__QTD000230__ENSG00000114316__3:49292598:49294407:clu_43107_-	block464	USP4	ENSG00000114316	GTEx_colon_sigmoid_sQTL	sQTL	FinnGen_DEP	1e-05	1915	6.14569776419569e-05	0.00676073245594656	0.00865869710448846	0.952490154633886	0.0320289588280367	ok	
block464__QTD000230__ENSG00000114316__3:49292598:49294407:clu_43107_-	block464	USP4	ENSG00000114316	GTEx_colon_sigmoid_sQTL	sQTL	FinnGen_DEP	1e-06	1915	6.32811232850159e-05	0.00696140227614583	0.00891570168238584	0.98076165174125	0.003297963176933	ok	
block464__QTD000230__ENSG00000114316__3:49292598:49294407:clu_43107_-	block464	USP4	ENSG00000114316	GTEx_colon_sigmoid_sQTL	sQTL	deLange_IBD	1e-05	1915	3.05614578705056e-32	0.00688680851308504	4.30581549769599e-30	0.970262236587478	0.0228509548994321	ok	
block464__QTD000230__ENSG00000114316__3:49292598:49294407:clu_43107_-	block464	USP4	ENSG00000114316	GTEx_colon_sigmoid_sQTL	sQTL	deLange_IBD	1e-06	1915	3.12031780432731e-32	0.00703141561813741	4.39622769847497e-30	0.990635507153657	0.00233307722821007	ok	
block464__QTD000230__ENSG00000114316__3:49292598:49294407:clu_43107_-	block464	USP4	ENSG00000114316	GTEx_colon_sigmoid_sQTL	sQTL	FinnGen_IBD	1e-05	1915	3.81000638898413e-33	0.00687993579823156	5.3679325853892e-31	0.969292961012742	0.023827103189022	ok	
block464__QTD000230__ENSG00000114316__3:49292598:49294407:clu_43107_-	block464	USP4	ENSG00000114316	GTEx_colon_sigmoid_sQTL	sQTL	FinnGen_IBD	1e-06	1915	3.89350013553035e-33	0.00703070499837061	5.48556724449569e-31	0.990534369176735	0.002434925824901	ok	
block464__QTD000230__ENSG00000164068__3:49700709:49701491:clu_29483_+	block464	RNF123	ENSG00000164068	GTEx_colon_sigmoid_sQTL	sQTL	Howard_DEP	1e-05	1519	2.00747274270788e-11	9.31678772779809e-09	0.00215003158343428	0.997841079807109	8.87927259266749e-06	ok	
block464__QTD000230__ENSG00000164068__3:49700709:49701491:clu_29483_+	block464	RNF123	ENSG00000164068	GTEx_colon_sigmoid_sQTL	sQTL	Howard_DEP	1e-06	1519	2.00748878524402e-11	9.31686218206123e-09	0.00215004876521645	0.997849053963493	8.87934355056817e-07	ok	
block464__QTD000230__ENSG00000164068__3:49700709:49701491:clu_29483_+	block464	RNF123	ENSG00000164068	GTEx_colon_sigmoid_sQTL	sQTL	FinnGen_DEP	1e-05	1519	8.60981627560578e-11	9.24921278338758e-09	0.0092212345036122	0.990603541743804	0.000175214417273285	ok	
block464__QTD000230__ENSG00000164068__3:49700709:49701491:clu_29483_+	block464	RNF123	ENSG00000164068	GTEx_colon_sigmoid_sQTL	sQTL	FinnGen_DEP	1e-06	1519	8.6111741972879e-11	9.25067154930996e-09	0.00922268885686058	0.990759777601186	1.75242051713861e-05	ok	
block464__QTD000230__ENSG00000164068__3:49700709:49701491:clu_29483_+	block464	RNF123	ENSG00000164068	GTEx_colon_sigmoid_sQTL	sQTL	deLange_IBD	1e-05	1519	4.1434382407588e-38	9.33694520425303e-09	4.43768071770885e-30	0.999999982799409	7.86364903464762e-09	ok	
block464__QTD000230__ENSG00000164068__3:49700709:49701491:clu_29483_+	block464	RNF123	ENSG00000164068	GTEx_colon_sigmoid_sQTL	sQTL	deLange_IBD	1e-06	1519	4.14343827008305e-38	9.33694527033316e-09	4.43768074911547e-30	0.999999989876684	7.8636490903008e-10	ok	
block464__QTD000230__ENSG00000164068__3:49700709:49701491:clu_29483_+	block464	RNF123	ENSG00000164068	GTEx_colon_sigmoid_sQTL	sQTL	FinnGen_IBD	1e-05	1519	5.1706617521469e-39	9.33694520618042e-09	5.53785156722753e-31	0.999999983006035	7.65701544009129e-09	ok	
block464__QTD000230__ENSG00000164068__3:49700709:49701491:clu_29483_+	block464	RNF123	ENSG00000164068	GTEx_colon_sigmoid_sQTL	sQTL	FinnGen_IBD	1e-06	1519	5.17066178777955e-39	9.33694527052423e-09	5.53785160539068e-31	0.999999989897347	7.65701549285814e-10	ok	
block464__QTD000230__ENSG00000173531__3:49684189:49684371:clu_43117_-	block464	MST1	ENSG00000173531	GTEx_colon_sigmoid_sQTL	sQTL	Howard_DEP	1e-05	1541	5.60241304697009e-51	2.60116760737836e-48	0.00214909620122494	0.997812757321995	3.81464767832412e-05	ok	
block464__QTD000230__ENSG00000173531__3:49684189:49684371:clu_43117_-	block464	MST1	ENSG00000173531	GTEx_colon_sigmoid_sQTL	sQTL	Howard_DEP	1e-06	1541	5.60260539466102e-51	2.60125691328616e-48	0.00214916998616161	0.997847015235191	3.81477864665265e-06	ok	
block464__QTD000230__ENSG00000173531__3:49684189:49684371:clu_43117_-	block464	MST1	ENSG00000173531	GTEx_colon_sigmoid_sQTL	sQTL	FinnGen_DEP	1e-05	1541	3.04743419854277e-51	3.28938120002373e-49	0.00116900150072176	0.125307759399014	0.873523239100269	ok	
block464__QTD000230__ENSG00000173531__3:49684189:49684371:clu_43117_-	block464	MST1	ENSG00000173531	GTEx_colon_sigmoid_sQTL	sQTL	FinnGen_DEP	1e-06	1541	1.42517291380355e-50	1.53832262947306e-48	0.00546699015132478	0.586018312291316	0.408514697557356	ok	
block464__QTD000230__ENSG00000173531__3:49684189:49684371:clu_43117_-	block464	MST1	ENSG00000173531	GTEx_colon_sigmoid_sQTL	sQTL	deLange_IBD	1e-05	1541	1.39112469222153e-79	3.13480116483578e-50	5.33638053177885e-32	0.0110361925286678	0.988963807471343	ok	
block464__QTD000230__ENSG00000173531__3:49684189:49684371:clu_43117_-	block464	MST1	ENSG00000173531	GTEx_colon_sigmoid_sQTL	sQTL	deLange_IBD	1e-06	1541	1.26543448476498e-78	2.85156716651315e-49	4.85423052764424e-31	0.100390559411176	0.899609440588835	ok	
block464__QTD000230__ENSG00000173531__3:49684189:49684371:clu_43117_-	block464	MST1	ENSG00000173531	GTEx_colon_sigmoid_sQTL	sQTL	FinnGen_IBD	1e-05	1541	2.29221092397342e-80	4.13916996006587e-50	8.7929642955936e-33	0.0148928267863552	0.985107173213634	ok	
block464__QTD000230__ENSG00000173531__3:49684189:49684371:clu_43117_-	block464	MST1	ENSG00000173531	GTEx_colon_sigmoid_sQTL	sQTL	FinnGen_IBD	1e-06	1541	2.02128684955041e-79	3.64994762080292e-49	7.75369444119086e-32	0.131325937857894	0.868674062142114	ok	
block464__QTD000230__ENSG00000233276__3:49357747:49358165:clu_43073_-	block464	GPX1	ENSG00000233276	GTEx_colon_sigmoid_sQTL	sQTL	Howard_DEP	1e-05	1831	4.86525404716253e-08	2.2597499823174e-05	0.00163467346126369	0.759012558757578	0.239330121628794	ok	
block464__QTD000230__ENSG00000233276__3:49357747:49358165:clu_43073_-	block464	GPX1	ENSG00000233276	GTEx_colon_sigmoid_sQTL	sQTL	Howard_DEP	1e-06	1831	6.20091272395227e-08	2.88011936940377e-05	0.00208344052894191	0.967384351899231	0.030503344369007	ok	
block464__QTD000230__ENSG00000233276__3:49357747:49358165:clu_43073_-	block464	GPX1	ENSG00000233276	GTEx_colon_sigmoid_sQTL	sQTL	FinnGen_DEP	1e-05	1831	1.80006222258242e-07	1.98020495888959e-05	0.00604801705184318	0.664998809775855	0.328933191116492	ok	
block464__QTD000230__ENSG00000233276__3:49357747:49358165:clu_43073_-	block464	GPX1	ENSG00000233276	GTEx_colon_sigmoid_sQTL	sQTL	FinnGen_DEP	1e-06	1831	2.55705138827806e-07	2.81295045009028e-05	0.0085914198991179	0.944654083846676	0.0467261110445668	ok	
block464__QTD000230__ENSG00000233276__3:49357747:49358165:clu_43073_-	block464	GPX1	ENSG00000233276	GTEx_colon_sigmoid_sQTL	sQTL	deLange_IBD	1e-05	1831	1.32073880700129e-34	2.97619154758855e-05	4.43754150582377e-30	0.999968610765639	1.62731889166082e-06	ok	
block464__QTD000230__ENSG00000233276__3:49357747:49358165:clu_43073_-	block464	GPX1	ENSG00000233276	GTEx_colon_sigmoid_sQTL	sQTL	deLange_IBD	1e-06	1831	1.320740741341e-34	2.97619590648637e-05	4.43754800499886e-30	0.999970075308806	1.62732127501439e-07	ok	
block464__QTD000230__ENSG00000233276__3:49357747:49358165:clu_43073_-	block464	GPX1	ENSG00000233276	GTEx_colon_sigmoid_sQTL	sQTL	FinnGen_IBD	1e-05	1831	1.64817075489544e-35	2.97619159143375e-05	5.53767792296442e-31	0.999968625511908	1.61257217873003e-06	ok	
block464__QTD000230__ENSG00000233276__3:49357747:49358165:clu_43073_-	block464	GPX1	ENSG00000233276	GTEx_colon_sigmoid_sQTL	sQTL	FinnGen_IBD	1e-06	1831	1.64817314691377e-35	2.97619591083139e-05	5.53768595989087e-31	0.999970076783437	1.61257451908354e-07	ok	
block464__QTD000231__ENSG00000145020__ENSG00000145020	block464	AMT	ENSG00000145020	GTEx_colon_transverse_eQTL	eQTL	Howard_DEP	1e-05	1734	3.16029009947087e-08	1.46784730690715e-05	0.00214604338840166	0.99676311608681	0.00107613044881976	ok	
block464__QTD000231__ENSG00000145020__ENSG00000145020	block464	AMT	ENSG00000145020	GTEx_colon_transverse_eQTL	eQTL	Howard_DEP	1e-06	1734	3.16335386274174e-08	1.46927032078392e-05	0.0021481238837689	0.997729434408454	0.000107717371030526	ok	
block464__QTD000231__ENSG00000145020__ENSG00000145020	block464	AMT	ENSG00000145020	GTEx_colon_transverse_eQTL	eQTL	FinnGen_DEP	1e-05	1734	1.33719969583947e-07	1.45813648242269e-05	0.00908045931197738	0.990169172487412	0.0007356531158156	ok	
block464__QTD000231__ENSG00000145020__ENSG00000145020	block464	AMT	ENSG00000145020	GTEx_colon_transverse_eQTL	eQTL	FinnGen_DEP	1e-06	1734	1.33808562601348e-07	1.45910253641718e-05	0.00908647535649439	0.990825185759032	7.36140505466473e-05	ok	
block464__QTD000231__ENSG00000145020__ENSG00000145020	block464	AMT	ENSG00000145020	GTEx_colon_transverse_eQTL	eQTL	deLange_IBD	1e-05	1734	6.53487370993237e-35	1.47258759998262e-05	4.43760606711023e-30	0.999983158707102	2.11541689965252e-06	ok	
block464__QTD000231__ENSG00000145020__ENSG00000145020	block464	AMT	ENSG00000145020	GTEx_colon_transverse_eQTL	eQTL	deLange_IBD	1e-06	1734	6.5348861515401e-35	1.47259040361098e-05	4.43761451577449e-30	0.999985062553871	2.11542092714997e-07	ok	
block464__QTD000231__ENSG00000145020__ENSG00000145020	block464	AMT	ENSG00000145020	GTEx_colon_transverse_eQTL	eQTL	FinnGen_IBD	1e-05	1734	8.15497185329028e-36	1.4725876300166e-05	5.53775852137295e-31	0.999983179122555	2.09500113949417e-06	ok	
block464__QTD000231__ENSG00000145020__ENSG00000145020	block464	AMT	ENSG00000145020	GTEx_colon_transverse_eQTL	eQTL	FinnGen_IBD	1e-06	1734	8.15498722952713e-36	1.47259040658734e-05	5.53776896284206e-31	0.999985064595429	2.09500508962842e-07	ok	
block464__QTD000231__ENSG00000164068__ENSG00000164068	block464	RNF123	ENSG00000164068	GTEx_colon_transverse_eQTL	eQTL	Howard_DEP	1e-05	1526	1.45204746523695e-06	0.000674178223820883	0.000279742849232055	0.129013145023731	0.870031481855752	ok	
block464__QTD000231__ENSG00000164068__ENSG00000164068	block464	RNF123	ENSG00000164068	GTEx_colon_transverse_eQTL	eQTL	Howard_DEP	1e-06	1526	6.69233679124561e-06	0.00310721780048482	0.00128930589861817	0.594608260175384	0.400988523788722	ok	
block464__QTD000231__ENSG00000164068__ENSG00000164068	block464	RNF123	ENSG00000164068	GTEx_colon_transverse_eQTL	eQTL	FinnGen_DEP	1e-05	1526	3.78584822391905e-05	0.004086259031506	0.00729359056280167	0.787032870623759	0.201549421299695	ok	
block464__QTD000231__ENSG00000164068__ENSG00000164068	block464	RNF123	ENSG00000164068	GTEx_colon_transverse_eQTL	eQTL	FinnGen_DEP	1e-06	1526	4.62475286030227e-05	0.00499173158197307	0.00890977446060234	0.961431178506475	0.0246210679223458	ok	
block464__QTD000231__ENSG00000164068__ENSG00000164068	block464	RNF123	ENSG00000164068	GTEx_colon_transverse_eQTL	eQTL	deLange_IBD	1e-05	1526	2.28710986620748e-32	0.00515384042335213	4.40621016734618e-30	0.992906376944197	0.00193978263245791	ok	
block464__QTD000231__ENSG00000164068__ENSG00000164068	block464	RNF123	ENSG00000164068	GTEx_colon_transverse_eQTL	eQTL	deLange_IBD	1e-06	1526	2.29110969552426e-32	0.00516285375599692	4.41391600118635e-30	0.994642828740411	0.000194317503592575	ok	
block464__QTD000231__ENSG00000164068__ENSG00000164068	block464	RNF123	ENSG00000164068	GTEx_colon_transverse_eQTL	eQTL	FinnGen_IBD	1e-05	1526	2.85381747418289e-33	0.00515329345877677	5.49799542045878e-31	0.99280089596646	0.00204581057475706	ok	
block464__QTD000231__ENSG00000164068__ENSG00000164068	block464	RNF123	ENSG00000164068	GTEx_colon_transverse_eQTL	eQTL	FinnGen_IBD	1e-06	1526	2.85908169980089e-33	0.00516279935734534	5.50813716519259e-31	0.99463224220966	0.000204958432992347	ok	
block464__QTD000231__ENSG00000173421__ENSG00000173421	block464	CCDC36	ENSG00000173421	GTEx_colon_transverse_eQTL	eQTL	Howard_DEP	1e-05	1906	3.36917829298193e-11	1.56483381137328e-08	0.00201984099680104	0.938066599967677	0.0599135433534923	ok	
block464__QTD000231__ENSG00000173421__ENSG00000173421	block464	CCDC36	ENSG00000173421	GTEx_colon_transverse_eQTL	eQTL	Howard_DEP	1e-06	1906	3.56120633405971e-11	1.65402231529906e-08	0.00213496286812267	0.991532185914111	0.00633283464193216	ok	
block464__QTD000231__ENSG00000173421__ENSG00000173421	block464	CCDC36	ENSG00000173421	GTEx_colon_transverse_eQTL	eQTL	FinnGen_DEP	1e-05	1906	1.42719612220241e-10	1.57424326275651e-08	0.00855611958590806	0.943719807532787	0.0477240569961538	ok	
block464__QTD000231__ENSG00000173421__ENSG00000173421	block464	CCDC36	ENSG00000173421	GTEx_colon_transverse_eQTL	eQTL	FinnGen_DEP	1e-06	1906	1.49124767221621e-10	1.64489418417489e-08	0.00894011216622364	0.986073283352162	0.00498658788354913	ok	
block464__QTD000231__ENSG00000173421__ENSG00000173421	block464	CCDC36	ENSG00000173421	GTEx_colon_transverse_eQTL	eQTL	deLange_IBD	1e-05	1906	7.40223491084535e-38	1.66804131582554e-08	4.4376807163994e-30	0.999999982511398	8.08189138794741e-10	ok	
block464__QTD000231__ENSG00000173421__ENSG00000173421	block464	CCDC36	ENSG00000173421	GTEx_colon_transverse_eQTL	eQTL	deLange_IBD	1e-06	1906	7.4022349162295e-38	1.66804131703882e-08	4.43768071962723e-30	0.999999983238766	8.08189139382588e-11	ok	
block464__QTD000231__ENSG00000173421__ENSG00000173421	block464	CCDC36	ENSG00000173421	GTEx_colon_transverse_eQTL	eQTL	FinnGen_IBD	1e-05	1906	9.23736537193811e-39	1.66804131582275e-08	5.53785156444109e-31	0.999999982509721	8.09863613917944e-10	ok	
block464__QTD000231__ENSG00000173421__ENSG00000173421	block464	CCDC36	ENSG00000173421	GTEx_colon_transverse_eQTL	eQTL	FinnGen_IBD	1e-06	1906	9.237365378671e-39	1.66804131703854e-08	5.53785156847749e-31	0.999999983238595	8.09863614508229e-11	ok	
block464__QTD000231__ENSG00000173540__ENSG00000173540	block464	GMPPB	ENSG00000173540	GTEx_colon_transverse_eQTL	eQTL	Howard_DEP	1e-05	1482	6.57749992925825e-16	3.05265533076003e-13	0.000167058847955769	0.0766097434686218	0.923223197683114	ok	
block464__QTD000231__ENSG00000173540__ENSG00000173540	block464	GMPPB	ENSG00000173540	GTEx_colon_transverse_eQTL	eQTL	Howard_DEP	1e-06	1482	3.88973038307342e-15	1.80524611430096e-12	0.000987934448717016	0.453046370223167	0.545965695326307	ok	
block464__QTD000231__ENSG00000173540__ENSG00000173540	block464	GMPPB	ENSG00000173540	GTEx_colon_transverse_eQTL	eQTL	FinnGen_DEP	1e-05	1482	3.12546713884148e-14	3.35038429886396e-12	0.00793822797649731	0.850807201829754	0.141254570190369	ok	
block464__QTD000231__ENSG00000173540__ENSG00000173540	block464	GMPPB	ENSG00000173540	GTEx_colon_transverse_eQTL	eQTL	FinnGen_DEP	1e-06	1482	3.58067520180101e-14	3.83835037852693e-12	0.00909438967009041	0.97472285382426	0.0161827565017751	ok	
block464__QTD000231__ENSG00000173540__ENSG00000173540	block464	GMPPB	ENSG00000173540	GTEx_colon_transverse_eQTL	eQTL	deLange_IBD	1e-05	1482	1.74721934608446e-41	3.93723529742145e-12	4.43768079395205e-30	0.99999999998812	7.93843934712736e-12	ok	
block464__QTD000231__ENSG00000173540__ENSG00000173540	block464	GMPPB	ENSG00000173540	GTEx_colon_transverse_eQTL	eQTL	deLange_IBD	1e-06	1482	1.74721934609695e-41	3.93723529744959e-12	4.43768079398371e-30	0.999999999995268	7.93843934718407e-13	ok	
block464__QTD000231__ENSG00000173540__ENSG00000173540	block464	GMPPB	ENSG00000173540	GTEx_colon_transverse_eQTL	eQTL	FinnGen_IBD	1e-05	1482	2.18038250327406e-42	3.93723529742235e-12	5.53785166123072e-31	0.999999999988347	7.71368100584708e-12	ok	
block464__QTD000231__ENSG00000173540__ENSG00000173540	block464	GMPPB	ENSG00000173540	GTEx_colon_transverse_eQTL	eQTL	FinnGen_IBD	1e-06	1482	2.18038250328922e-42	3.93723529744971e-12	5.53785166126928e-31	0.999999999995296	7.71368100590065e-13	ok	
block464__QTD000231__ENSG00000182179__ENSG00000182179	block464	UBA7	ENSG00000182179	GTEx_colon_transverse_eQTL	eQTL	Howard_DEP	1e-05	1426	1.78311546600168e-14	8.18886167434854e-12	0.00217187965313003	0.997423620580015	0.000404499758646915	ok	
block464__QTD000231__ENSG00000182179__ENSG00000182179	block464	UBA7	ENSG00000182179	GTEx_colon_transverse_eQTL	eQTL	Howard_DEP	1e-06	1426	1.78376484520611e-14	8.1918439133458e-12	0.0021726706133949	0.997786864671363	4.04647070324972e-05	ok	
block464__QTD000231__ENSG00000182179__ENSG00000182179	block464	UBA7	ENSG00000182179	GTEx_colon_transverse_eQTL	eQTL	FinnGen_DEP	1e-05	1426	6.17115840746456e-14	6.60123153133115e-12	0.0075166267339201	0.803858040284641	0.188625332974775	ok	
block464__QTD000231__ENSG00000182179__ENSG00000182179	block464	UBA7	ENSG00000182179	GTEx_colon_transverse_eQTL	eQTL	FinnGen_DEP	1e-06	1426	7.43300638066557e-14	7.95101873147258e-12	0.00905358942119011	0.968226959683562	0.0227194508872235	ok	
block464__QTD000231__ENSG00000182179__ENSG00000182179	block464	UBA7	ENSG00000182179	GTEx_colon_transverse_eQTL	eQTL	deLange_IBD	1e-05	1426	3.64334056389353e-41	8.2100104379199e-12	4.43768078456912e-30	0.999999997871655	2.12013623072793e-09	ok	
block464__QTD000231__ENSG00000182179__ENSG00000182179	block464	UBA7	ENSG00000182179	GTEx_colon_transverse_eQTL	eQTL	deLange_IBD	1e-06	1426	3.64334057084546e-41	8.21001045358558e-12	4.43768079303675e-30	0.999999999779774	2.1201362347734e-10	ok	
block464__QTD000231__ENSG00000182179__ENSG00000182179	block464	UBA7	ENSG00000182179	GTEx_colon_transverse_eQTL	eQTL	FinnGen_IBD	1e-05	1426	4.54658199419518e-42	8.21001043775119e-12	5.53785164940664e-31	0.999999997851063	2.14072640402844e-09	ok	
block464__QTD000231__ENSG00000182179__ENSG00000182179	block464	UBA7	ENSG00000182179	GTEx_colon_transverse_eQTL	eQTL	FinnGen_IBD	1e-06	1426	4.54658200295486e-42	8.21001045356902e-12	5.53785166007615e-31	0.999999999777714	2.14072640815286e-10	ok	
block464__QTD000231__ENSG00000225399__ENSG00000225399	block464	RP11-3B7.1	ENSG00000225399	GTEx_colon_transverse_eQTL	eQTL	Howard_DEP	1e-05	1918	7.3724991940328e-06	0.00342424375161118	0.00205717981282881	0.955442231822227	0.039068972114139	ok	
block464__QTD000231__ENSG00000225399__ENSG00000225399	block464	RP11-3B7.1	ENSG00000225399	GTEx_colon_transverse_eQTL	eQTL	Howard_DEP	1e-06	1918	7.64117889881817e-06	0.0035490351928962	0.0021321506538224	0.990261894738331	0.00404927823605194	ok	
block464__QTD000231__ENSG00000225399__ENSG00000225399	block464	RP11-3B7.1	ENSG00000225399	GTEx_colon_transverse_eQTL	eQTL	FinnGen_DEP	1e-05	1918	3.13587657308591e-05	0.0034549033839973	0.00875016980252302	0.964012637515027	0.0237509305327217	ok	
block464__QTD000231__ENSG00000225399__ENSG00000225399	block464	RP11-3B7.1	ENSG00000225399	GTEx_colon_transverse_eQTL	eQTL	FinnGen_DEP	1e-06	1918	3.20437272365024e-05	0.00353036795566015	0.00894129752527878	0.985069319187981	0.00242697160384316	ok	
block464__QTD000231__ENSG00000225399__ENSG00000225399	block464	RP11-3B7.1	ENSG00000225399	GTEx_colon_transverse_eQTL	eQTL	deLange_IBD	1e-05	1918	1.58442008490166e-32	0.0035703786695118	4.42107476435988e-30	0.996257776751633	0.00017184457884902	ok	
block464__QTD000231__ENSG00000225399__ENSG00000225399	block464	RP11-3B7.1	ENSG00000225399	GTEx_colon_transverse_eQTL	eQTL	deLange_IBD	1e-06	1918	1.58466516940845e-32	0.00357093095012451	4.42175863408511e-30	0.996411881933824	1.71871160463487e-05	ok	
block464__QTD000231__ENSG00000225399__ENSG00000225399	block464	RP11-3B7.1	ENSG00000225399	GTEx_colon_transverse_eQTL	eQTL	FinnGen_IBD	1e-05	1918	1.97722165237502e-33	0.00357037669714787	5.51712568791608e-31	0.996257225841657	0.000172397461197877	ok	
block464__QTD000231__ENSG00000225399__ENSG00000225399	block464	RP11-3B7.1	ENSG00000225399	GTEx_colon_transverse_eQTL	eQTL	FinnGen_IBD	1e-06	1918	1.97752848117566e-33	0.00357093075460446	5.51798184537106e-31	0.996411826823987	1.72424214144968e-05	ok	
block464__QTD000235__ENSG00000047849__3:47877523:47909038:clu_42992_-	block464	MAP4	ENSG00000047849	GTEx_colon_transverse_sQTL	sQTL	Howard_DEP	1e-05	963	0.000552893040789602	0.00330080755208092	0.142770681866661	0.852349265936751	0.00102635160371764	ok	
block464__QTD000235__ENSG00000047849__3:47877523:47909038:clu_42992_-	block464	MAP4	ENSG00000047849	GTEx_colon_transverse_sQTL	sQTL	Howard_DEP	1e-06	963	0.000553404229376094	0.00330385938131795	0.142902683425139	0.853137322910355	0.000102730053811696	ok	
block464__QTD000235__ENSG00000047849__3:47877523:47909038:clu_42992_-	block464	MAP4	ENSG00000047849	GTEx_colon_transverse_sQTL	sQTL	FinnGen_DEP	1e-05	963	0.00086122315319508	0.00299042680929802	0.222389156219833	0.772200735906456	0.0015584579112181	ok	
block464__QTD000235__ENSG00000047849__3:47877523:47909038:clu_42992_-	block464	MAP4	ENSG00000047849	GTEx_colon_transverse_sQTL	sQTL	FinnGen_DEP	1e-06	963	0.000862432811909834	0.00299462710957709	0.222701520071048	0.773285355318118	0.000156064689346607	ok	
block464__QTD000235__ENSG00000047849__3:47877523:47909038:clu_42992_-	block464	MAP4	ENSG00000047849	GTEx_colon_transverse_sQTL	sQTL	deLange_IBD	1e-05	963	4.60992566380132e-12	0.00385657193164725	1.19039702405296e-09	0.995862143685604	0.000281283187742742	ok	
block464__QTD000235__ENSG00000047849__3:47877523:47909038:clu_42992_-	block464	MAP4	ENSG00000047849	GTEx_colon_transverse_sQTL	sQTL	deLange_IBD	1e-06	963	4.61109298444159e-12	0.00385754848882947	1.19069845516435e-09	0.996114314874461	2.81354413982547e-05	ok	
block464__QTD000235__ENSG00000047849__3:47877523:47909038:clu_42992_-	block464	MAP4	ENSG00000047849	GTEx_colon_transverse_sQTL	sQTL	FinnGen_IBD	1e-05	963	2.21491652499193e-08	0.00385614501369542	5.7194632455352e-06	0.995751797860595	0.000386315513298592	ok	
block464__QTD000235__ENSG00000047849__3:47877523:47909038:clu_42992_-	block464	MAP4	ENSG00000047849	GTEx_colon_transverse_sQTL	sQTL	FinnGen_IBD	1e-06	963	2.21568688378617e-08	0.0038574861997806	5.72145250280959e-06	0.996098125203275	3.86449875722486e-05	ok	
block464__QTD000235__ENSG00000164068__3:49700709:49701491:clu_29483_+	block464	RNF123	ENSG00000164068	GTEx_colon_transverse_sQTL	sQTL	Howard_DEP	1e-05	1506	8.41738395597685e-16	3.90655900049058e-13	0.00215002759934616	0.997840853726251	9.11867401123458e-06	ok	
block464__QTD000235__ENSG00000164068__3:49700709:49701491:clu_29483_+	block464	RNF123	ENSG00000164068	GTEx_colon_transverse_sQTL	sQTL	Howard_DEP	1e-06	1506	8.41745303638605e-16	3.90659106112792e-13	0.00215004524435168	0.997849042880371	9.1187488470429e-07	ok	
block464__QTD000235__ENSG00000164068__3:49700709:49701491:clu_29483_+	block464	RNF123	ENSG00000164068	GTEx_colon_transverse_sQTL	sQTL	FinnGen_DEP	1e-05	1506	3.61026954108901e-15	3.87827003039114e-13	0.00922160518638164	0.990614931043972	0.000163463769251808	ok	
block464__QTD000235__ENSG00000164068__3:49700709:49701491:clu_29483_+	block464	RNF123	ENSG00000164068	GTEx_colon_transverse_sQTL	sQTL	FinnGen_DEP	1e-06	1506	3.61080075267997e-15	3.87884067531655e-13	0.00922296204450718	0.990760689172985	1.63487821153734e-05	ok	
block464__QTD000235__ENSG00000164068__3:49700709:49701491:clu_29483_+	block464	RNF123	ENSG00000164068	GTEx_colon_transverse_sQTL	sQTL	deLange_IBD	1e-05	1506	1.73735737757388e-42	3.91501204845793e-13	4.43768079399443e-30	0.999999999997684	1.92772806107733e-12	ok	
block464__QTD000235__ENSG00000164068__3:49700709:49701491:clu_29483_+	block464	RNF123	ENSG00000164068	GTEx_colon_transverse_sQTL	sQTL	deLange_IBD	1e-06	1506	1.73735737757689e-42	3.91501204846472e-13	4.43768079400212e-30	0.999999999999417	1.92772806108066e-13	ok	
block464__QTD000235__ENSG00000164068__3:49700709:49701491:clu_29483_+	block464	RNF123	ENSG00000164068	GTEx_colon_transverse_sQTL	sQTL	FinnGen_IBD	1e-05	1506	2.16807559765455e-43	3.91501204845826e-13	5.53785166128282e-31	0.999999999997769	1.8369075751803e-12	ok	
block464__QTD000235__ENSG00000164068__3:49700709:49701491:clu_29483_+	block464	RNF123	ENSG00000164068	GTEx_colon_transverse_sQTL	sQTL	FinnGen_IBD	1e-06	1506	2.16807559765816e-43	3.91501204846477e-13	5.5378516612921e-31	0.999999999999432	1.83690757518335e-13	ok	
block464__QTD000235__ENSG00000173531__3:49684189:49684314:clu_43117_-	block464	MST1	ENSG00000173531	GTEx_colon_transverse_sQTL	sQTL	Howard_DEP	1e-05	1528	1.96234478223445e-63	9.11106685501845e-61	0.00214909451787508	0.997813599083125	3.73063990076396e-05	ok	
block464__QTD000235__ENSG00000173531__3:49684189:49684314:clu_43117_-	block464	MST1	ENSG00000173531	GTEx_colon_transverse_sQTL	sQTL	Howard_DEP	1e-06	1528	1.96241067166242e-63	9.11137277627585e-61	0.00214916667777772	0.997847102557059	3.7307651640364e-06	ok	
block464__QTD000235__ENSG00000173531__3:49684189:49684314:clu_43117_-	block464	MST1	ENSG00000173531	GTEx_colon_transverse_sQTL	sQTL	FinnGen_DEP	1e-05	1528	1.20099039637683e-63	1.29630439411973e-61	0.00131528460250248	0.141109355840368	0.857575359557142	ok	
block464__QTD000235__ENSG00000173531__3:49684189:49684314:clu_43117_-	block464	MST1	ENSG00000173531	GTEx_colon_transverse_sQTL	sQTL	FinnGen_DEP	1e-06	1528	5.26329626324075e-63	5.68100635456884e-61	0.00576418642008632	0.618406564734832	0.375829248845072	ok	
block464__QTD000235__ENSG00000173531__3:49684189:49684314:clu_43117_-	block464	MST1	ENSG00000173531	GTEx_colon_transverse_sQTL	sQTL	deLange_IBD	1e-05	1528	7.01945596609956e-92	1.58178478622954e-62	7.68747391986478e-32	0.0163395186221088	0.983660481377901	ok	
block464__QTD000235__ENSG00000173531__3:49684189:49684314:clu_43117_-	block464	MST1	ENSG00000173531	GTEx_colon_transverse_sQTL	sQTL	deLange_IBD	1e-06	1528	6.11954255087957e-91	1.37899565898186e-61	6.70191877954466e-31	0.14244747734267	0.857552522657341	ok	
block464__QTD000235__ENSG00000173531__3:49684189:49684314:clu_43117_-	block464	MST1	ENSG00000173531	GTEx_colon_transverse_sQTL	sQTL	FinnGen_IBD	1e-05	1528	6.81344619678053e-93	1.2303410444163e-62	7.46185889549169e-33	0.012486771298715	0.98751322870128	ok	
block464__QTD000235__ENSG00000173531__3:49684189:49684314:clu_43117_-	block464	MST1	ENSG00000173531	GTEx_colon_transverse_sQTL	sQTL	FinnGen_IBD	1e-06	1528	6.12510152002308e-92	1.10604290158803e-61	6.70800677703599e-32	0.11225265402122	0.887747345978786	ok	
block464__QTD000235__ENSG00000233276__3:49357747:49358027:clu_43073_-	block464	GPX1	ENSG00000233276	GTEx_colon_transverse_sQTL	sQTL	Howard_DEP	1e-05	1810	1.85450066461774e-10	8.61356376693852e-08	0.00150360099080055	0.698074254284027	0.300422058404084	ok	
block464__QTD000235__ENSG00000233276__3:49357747:49358027:clu_43073_-	block464	GPX1	ENSG00000233276	GTEx_colon_transverse_sQTL	sQTL	Howard_DEP	1e-06	1810	2.54173445063699e-10	1.18055453885205e-07	0.00206079971349992	0.956763950031891	0.0411751319449829	ok	
block464__QTD000235__ENSG00000233276__3:49357747:49358027:clu_43073_-	block464	GPX1	ENSG00000233276	GTEx_colon_transverse_sQTL	sQTL	FinnGen_DEP	1e-05	1810	6.99415713122178e-10	7.69386889818507e-08	0.00567075644294118	0.623436319473163	0.370892846445789	ok	
block464__QTD000235__ENSG00000233276__3:49357747:49358027:clu_43073_-	block464	GPX1	ENSG00000233276	GTEx_colon_transverse_sQTL	sQTL	FinnGen_DEP	1e-06	1810	1.04986408365257e-09	1.15489493143902e-07	0.00851213863927785	0.93581454917226	0.0556731956491066	ok	
block464__QTD000235__ENSG00000233276__3:49357747:49358027:clu_43073_-	block464	GPX1	ENSG00000233276	GTEx_colon_transverse_sQTL	sQTL	deLange_IBD	1e-05	1810	5.47331437019568e-37	1.23337270620954e-07	4.43768021603024e-30	0.999999869750633	6.9120958753201e-09	ok	
block464__QTD000235__ENSG00000233276__3:49357747:49358027:clu_43073_-	block464	GPX1	ENSG00000233276	GTEx_colon_transverse_sQTL	sQTL	deLange_IBD	1e-06	1810	5.47331440424455e-37	1.23337271388221e-07	4.43768024363655e-30	0.999999875971519	6.91209591831943e-10	ok	
block464__QTD000235__ENSG00000233276__3:49357747:49358027:clu_43073_-	block464	GPX1	ENSG00000233276	GTEx_colon_transverse_sQTL	sQTL	FinnGen_IBD	1e-05	1810	6.83023508968502e-38	1.23337270613845e-07	5.53785093971263e-31	0.999999869692951	6.9697853439967e-09	ok	
block464__QTD000235__ENSG00000233276__3:49357747:49358027:clu_43073_-	block464	GPX1	ENSG00000233276	GTEx_colon_transverse_sQTL	sQTL	FinnGen_IBD	1e-06	1810	6.83023513252972e-38	1.23337271387515e-07	5.53785097445045e-31	0.999999875965749	6.96978538771673e-10	ok	
block464__QTD000321__ENSG00000164076__ENSG00000164076	block464	CAMKV	ENSG00000164076	GTEx_small_intestine_eQTL	eQTL	Howard_DEP	1e-05	1340	0.000835037333305307	0.383481703074334	0.00120654940638342	0.554034090341681	0.0604426198442964	ok	
block464__QTD000321__ENSG00000164076__ENSG00000164076	block464	CAMKV	ENSG00000164076	GTEx_small_intestine_eQTL	eQTL	Howard_DEP	1e-06	1340	0.000883075172559355	0.405542551942295	0.00127595950833239	0.58590643845305	0.00639197492376385	ok	
block464__QTD000321__ENSG00000164076__ENSG00000164076	block464	CAMKV	ENSG00000164076	GTEx_small_intestine_eQTL	eQTL	FinnGen_DEP	1e-05	1340	0.00362247708631271	0.387331340592141	0.00523413433603947	0.559612693128387	0.0441993548571196	ok	
block464__QTD000321__ENSG00000164076__ENSG00000164076	block464	CAMKV	ENSG00000164076	GTEx_small_intestine_eQTL	eQTL	FinnGen_DEP	1e-06	1340	0.0037725468078817	0.403377461810474	0.00545097078903791	0.582795978776091	0.00460304181651525	ok	
block464__QTD000321__ENSG00000164076__ENSG00000164076	block464	CAMKV	ENSG00000164076	GTEx_small_intestine_eQTL	eQTL	deLange_IBD	1e-05	1340	1.71438561455147e-30	0.386324680420368	2.47712391176774e-30	0.558146835939319	0.0555284836403068	ok	
block464__QTD000321__ENSG00000164076__ENSG00000164076	block464	CAMKV	ENSG00000164076	GTEx_small_intestine_eQTL	eQTL	deLange_IBD	1e-06	1340	1.8045701544192e-30	0.406647129026758	2.60743198148201e-30	0.587507917338141	0.00584495363510549	ok	
block464__QTD000321__ENSG00000164076__ENSG00000164076	block464	CAMKV	ENSG00000164076	GTEx_small_intestine_eQTL	eQTL	FinnGen_IBD	1e-05	1340	2.14049538571512e-31	0.386520895941529	3.09281194264492e-31	0.558430828885648	0.055048275172828	ok	
block464__QTD000321__ENSG00000164076__ENSG00000164076	block464	CAMKV	ENSG00000164076	GTEx_small_intestine_eQTL	eQTL	FinnGen_IBD	1e-06	1340	2.25207073425422e-31	0.406668663589209	3.25402769333957e-31	0.587539564547358	0.00579177186343152	ok	
block464__QTD000321__ENSG00000173540__ENSG00000173540	block464	GMPPB	ENSG00000173540	GTEx_small_intestine_eQTL	eQTL	Howard_DEP	1e-05	1424	0.000147106908540131	0.068272396439599	0.00030600910507081	0.141228946924452	0.790045540622338	ok	
block464__QTD000321__ENSG00000173540__ENSG00000173540	block464	GMPPB	ENSG00000173540	GTEx_small_intestine_eQTL	eQTL	Howard_DEP	1e-06	1424	0.000509092645316393	0.23627017419133	0.00105900522509384	0.488750792865743	0.273410935072517	ok	
block464__QTD000321__ENSG00000173540__ENSG00000173540	block464	GMPPB	ENSG00000173540	GTEx_small_intestine_eQTL	eQTL	FinnGen_DEP	1e-05	1424	0.00235854047553677	0.252818797181517	0.00490619283183018	0.525694823948235	0.214221645562881	ok	
block464__QTD000321__ENSG00000173540__ENSG00000173540	block464	GMPPB	ENSG00000173540	GTEx_small_intestine_eQTL	eQTL	FinnGen_DEP	1e-06	1424	0.00292187680760899	0.313204453209205	0.00607803478365982	0.651256796271372	0.0265388389281538	ok	
block464__QTD000321__ENSG00000173540__ENSG00000173540	block464	GMPPB	ENSG00000173540	GTEx_small_intestine_eQTL	eQTL	deLange_IBD	1e-05	1424	1.33449552788029e-30	0.300719134572091	2.77599323009523e-30	0.625476648588515	0.0738042168393929	ok	
block464__QTD000321__ENSG00000173540__ENSG00000173540	block464	GMPPB	ENSG00000173540	GTEx_small_intestine_eQTL	eQTL	deLange_IBD	1e-06	1424	1.42944466767178e-30	0.322115252093607	2.97350469698131e-30	0.669979210419862	0.00790553748653893	ok	
block464__QTD000321__ENSG00000173540__ENSG00000173540	block464	GMPPB	ENSG00000173540	GTEx_small_intestine_eQTL	eQTL	FinnGen_IBD	1e-05	1424	1.66324967653132e-31	0.30034204205143	3.45986160728686e-31	0.624691064936321	0.0749668930122517	ok	
block464__QTD000321__ENSG00000173540__ENSG00000173540	block464	GMPPB	ENSG00000173540	GTEx_small_intestine_eQTL	eQTL	FinnGen_IBD	1e-06	1424	1.78358877448234e-31	0.322072327604596	3.71018880153263e-31	0.669888584174248	0.00803908822115755	ok	
block464__QTD000321__ENSG00000182179__ENSG00000182179	block464	UBA7	ENSG00000182179	GTEx_small_intestine_eQTL	eQTL	Howard_DEP	1e-05	1369	2.59627210607368e-05	0.011923105697953	0.00213978386101067	0.982669918719052	0.00324122900092428	ok	
block464__QTD000321__ENSG00000182179__ENSG00000182179	block464	UBA7	ENSG00000182179	GTEx_small_intestine_eQTL	eQTL	Howard_DEP	1e-06	1369	2.60386786490816e-05	0.0119579884189235	0.00214604409934552	0.985544857635904	0.000325071167177406	ok	
block464__QTD000321__ENSG00000182179__ENSG00000182179	block464	UBA7	ENSG00000182179	GTEx_small_intestine_eQTL	eQTL	FinnGen_DEP	1e-05	1369	9.38354593555635e-05	0.0100371781299098	0.00773368866267282	0.827084579605129	0.155050718142933	ok	
block464__QTD000321__ENSG00000182179__ENSG00000182179	block464	UBA7	ENSG00000182179	GTEx_small_intestine_eQTL	eQTL	FinnGen_DEP	1e-06	1369	0.000109053384360471	0.0116649745417447	0.00898791275757389	0.961218426144454	0.0180196331718664	ok	
block464__QTD000321__ENSG00000182179__ENSG00000182179	block464	UBA7	ENSG00000182179	GTEx_small_intestine_eQTL	eQTL	deLange_IBD	1e-05	1369	5.15186341834907e-32	0.0116093600632772	4.24603960845454e-30	0.956783406182934	0.0316072337537827	ok	
block464__QTD000321__ENSG00000182179__ENSG00000182179	block464	UBA7	ENSG00000182179	GTEx_small_intestine_eQTL	eQTL	deLange_IBD	1e-06	1369	5.30270692595184e-32	0.0119492752455647	4.37036113174618e-30	0.984797457271854	0.00325326748258538	ok	
block464__QTD000321__ENSG00000182179__ENSG00000182179	block464	UBA7	ENSG00000182179	GTEx_small_intestine_eQTL	eQTL	FinnGen_IBD	1e-05	1369	6.43382579754383e-33	0.011617909238181	5.30260159323517e-31	0.957488722098065	0.0308933686637548	ok	
block464__QTD000321__ENSG00000182179__ENSG00000182179	block464	UBA7	ENSG00000182179	GTEx_small_intestine_eQTL	eQTL	FinnGen_IBD	1e-06	1369	6.61782810047912e-33	0.0119501722061859	5.45425178324748e-31	0.984872138349072	0.00317768944473917	ok	
block464__QTD000325__ENSG00000164068__3:49700709:49701533:clu_48627_+	block464	RNF123	ENSG00000164068	GTEx_small_intestine_sQTL	sQTL	Howard_DEP	1e-05	1448	2.59537708650959e-17	1.20451683677792e-14	0.00215005193757274	0.997841026284489	8.92177792493251e-06	ok	
block464__QTD000325__ENSG00000164068__3:49700709:49701533:clu_48627_+	block464	RNF123	ENSG00000164068	GTEx_small_intestine_sQTL	sQTL	Howard_DEP	1e-06	1448	2.59539792651713e-17	1.20452650864413e-14	0.00215006920176869	0.99784903861326	8.92184956381696e-07	ok	
block464__QTD000325__ENSG00000164068__3:49700709:49701533:clu_48627_+	block464	RNF123	ENSG00000164068	GTEx_small_intestine_sQTL	sQTL	FinnGen_DEP	1e-05	1448	1.11319439811149e-16	1.19579242332937e-14	0.00922188064692192	0.990613426711053	0.000164692642009776	ok	
block464__QTD000325__ENSG00000164068__3:49700709:49701533:clu_48627_+	block464	RNF123	ENSG00000164068	GTEx_small_intestine_sQTL	sQTL	FinnGen_DEP	1e-06	1448	1.11335942400604e-16	1.19596969399717e-14	0.00922324774785751	0.990760280546439	1.64717056928338e-05	ok	
block464__QTD000325__ENSG00000164068__3:49700709:49701533:clu_48627_+	block464	RNF123	ENSG00000164068	GTEx_small_intestine_sQTL	sQTL	deLange_IBD	1e-05	1448	5.35682643229514e-44	1.20712297277718e-14	4.43768079400225e-30	0.999999999999446	5.46395051936217e-13	ok	
block464__QTD000325__ENSG00000164068__3:49700709:49701533:clu_48627_+	block464	RNF123	ENSG00000164068	GTEx_small_intestine_sQTL	sQTL	deLange_IBD	1e-06	1448	5.35682643229773e-44	1.20712297277776e-14	4.43768079400439e-30	0.999999999999929	5.46395051936478e-14	ok	
block464__QTD000325__ENSG00000164068__3:49700709:49701533:clu_48627_+	block464	RNF123	ENSG00000164068	GTEx_small_intestine_sQTL	sQTL	FinnGen_IBD	1e-05	1448	6.68486796018185e-45	1.20712297277719e-14	5.53785166129226e-31	0.99999999999946	5.22052096543052e-13	ok	
block464__QTD000325__ENSG00000164068__3:49700709:49701533:clu_48627_+	block464	RNF123	ENSG00000164068	GTEx_small_intestine_sQTL	sQTL	FinnGen_IBD	1e-06	1448	6.68486796018498e-45	1.20712297277776e-14	5.53785166129478e-31	0.999999999999929	5.22052096543295e-14	ok	
block464__QTD000325__ENSG00000173531__3:49684189:49684371:clu_72047_-	block464	MST1	ENSG00000173531	GTEx_small_intestine_sQTL	sQTL	Howard_DEP	1e-05	1470	8.47820713584907e-51	3.93634452067337e-48	0.00214910664230294	0.997808104643948	4.27887137548007e-05	ok	
block464__QTD000325__ENSG00000173531__3:49684189:49684371:clu_72047_-	block464	MST1	ENSG00000173531	GTEx_small_intestine_sQTL	sQTL	Howard_DEP	1e-06	1470	8.47853364284317e-51	3.93649611451823e-48	0.00214918940724823	0.997846531556587	4.27903616048808e-06	ok	
block464__QTD000325__ENSG00000173531__3:49684189:49684371:clu_72047_-	block464	MST1	ENSG00000173531	GTEx_small_intestine_sQTL	sQTL	FinnGen_DEP	1e-05	1470	4.4998854481016e-51	4.85685737060726e-49	0.00114065787154762	0.12223790346785	0.876621438660605	ok	
block464__QTD000325__ENSG00000173531__3:49684189:49684371:clu_72047_-	block464	MST1	ENSG00000173531	GTEx_small_intestine_sQTL	sQTL	FinnGen_DEP	1e-06	1470	2.13223579011489e-50	2.30138416467047e-48	0.00540491878302409	0.579214817107658	0.415380264109321	ok	
block464__QTD000325__ENSG00000173531__3:49684189:49684371:clu_72047_-	block464	MST1	ENSG00000173531	GTEx_small_intestine_sQTL	sQTL	deLange_IBD	1e-05	1470	3.41328948989137e-79	7.69160660339228e-50	8.65221030494876e-32	0.0185156600166768	0.981484339983309	ok	
block464__QTD000325__ENSG00000173531__3:49684189:49684371:clu_72047_-	block464	MST1	ENSG00000173531	GTEx_small_intestine_sQTL	sQTL	deLange_IBD	1e-06	1470	2.92574122201838e-78	6.59295104319141e-49	7.41634380140621e-31	0.158709157029025	0.841290842970981	ok	
block464__QTD000325__ENSG00000173531__3:49684189:49684371:clu_72047_-	block464	MST1	ENSG00000173531	GTEx_small_intestine_sQTL	sQTL	FinnGen_IBD	1e-05	1470	3.23235799993361e-80	5.83684467846072e-50	8.19357434496398e-33	0.013809392311641	0.986190607688349	ok	
block464__QTD000325__ENSG00000173531__3:49684189:49684371:clu_72047_-	block464	MST1	ENSG00000173531	GTEx_small_intestine_sQTL	sQTL	FinnGen_IBD	1e-06	1470	2.87503555494078e-79	5.19160810144983e-49	7.28781204442884e-32	0.122828269297241	0.877171730702764	ok	
block464__QTD000356__ENSG00000173540__ENSG00000173540	block464	GMPPB	ENSG00000173540	GTEx_blood_eQTL	eQTL	Howard_DEP	1e-05	1496	2.82739657160511e-06	0.00131221214351609	0.000185991741637408	0.0854068193980583	0.913092149320216	ok	
block464__QTD000356__ENSG00000173540__ENSG00000173540	block464	GMPPB	ENSG00000173540	GTEx_blood_eQTL	eQTL	Howard_DEP	1e-06	1496	1.58649036325387e-05	0.00736299937950034	0.00104362475613047	0.479229186637449	0.512348324323287	ok	
block464__QTD000356__ENSG00000173540__ENSG00000173540	block464	GMPPB	ENSG00000173540	GTEx_blood_eQTL	eQTL	FinnGen_DEP	1e-05	1496	0.000110844387063296	0.0118824693793182	0.00729156313184946	0.78145308804823	0.199262035053539	ok	
block464__QTD000356__ENSG00000173540__ENSG00000173540	block464	GMPPB	ENSG00000173540	GTEx_blood_eQTL	eQTL	FinnGen_DEP	1e-06	1496	0.000135066682967778	0.0144790888113642	0.00888495369013736	0.952220308975404	0.0242805818401269	ok	
block464__QTD000356__ENSG00000173540__ENSG00000173540	block464	GMPPB	ENSG00000173540	GTEx_blood_eQTL	eQTL	deLange_IBD	1e-05	1496	6.53909344433351e-32	0.0147353848730351	4.30154507031498e-30	0.969306819120812	0.0159577960061525	ok	
block464__QTD000356__ENSG00000173540__ENSG00000173540	block464	GMPPB	ENSG00000173540	GTEx_blood_eQTL	eQTL	deLange_IBD	1e-06	1496	6.63437646800755e-32	0.0149500984319796	4.36422412885099e-30	0.98343086940086	0.0016190321671611	ok	
block464__QTD000356__ENSG00000173540__ENSG00000173540	block464	GMPPB	ENSG00000173540	GTEx_blood_eQTL	eQTL	FinnGen_IBD	1e-05	1496	8.16260901167485e-33	0.014739667132517	5.36952573838885e-31	0.969588800887748	0.0156715319797293	ok	
block464__QTD000356__ENSG00000173540__ENSG00000173540	block464	GMPPB	ENSG00000173540	GTEx_blood_eQTL	eQTL	FinnGen_IBD	1e-06	1496	8.27938458798371e-33	0.0149505351431664	5.44634302336585e-31	0.983459891717205	0.00158957313963567	ok	
block464__QTD000356__ENSG00000182179__ENSG00000182179	block464	UBA7	ENSG00000182179	GTEx_blood_eQTL	eQTL	Howard_DEP	1e-05	1438	9.47579740757642e-11	4.35171278347031e-08	0.0021718627727348	0.997416754259444	0.000411339355936252	ok	
block464__QTD000356__ENSG00000182179__ENSG00000182179	block464	UBA7	ENSG00000182179	GTEx_blood_eQTL	eQTL	Howard_DEP	1e-06	1438	9.4793066982972e-11	4.35332440776257e-08	0.00217266710587399	0.997786140096849	4.114916923912e-05	ok	
block464__QTD000356__ENSG00000182179__ENSG00000182179	block464	UBA7	ENSG00000182179	GTEx_blood_eQTL	eQTL	FinnGen_DEP	1e-05	1438	3.35482221085441e-10	3.58873032812548e-08	0.00768928793588686	0.822370841251358	0.16993983458997	ok	
block464__QTD000356__ENSG00000182179__ENSG00000182179	block464	UBA7	ENSG00000182179	GTEx_blood_eQTL	eQTL	FinnGen_DEP	1e-06	1438	3.96057585614062e-10	4.23671890742416e-08	0.00907768168794577	0.970859823246689	0.0200624523021192	ok	
block464__QTD000356__ENSG00000182179__ENSG00000182179	block464	UBA7	ENSG00000182179	GTEx_blood_eQTL	eQTL	deLange_IBD	1e-05	1438	1.93615184498638e-37	4.3629813293514e-08	4.43768047544532e-30	0.999999928186727	2.81834657292944e-08	ok	
block464__QTD000356__ENSG00000182179__ENSG00000182179	block464	UBA7	ENSG00000182179	GTEx_blood_eQTL	eQTL	deLange_IBD	1e-06	1438	1.93615189409709e-37	4.36298144001891e-08	4.43768058800757e-30	0.999999953551837	2.8183466444171e-09	ok	
block464__QTD000356__ENSG00000182179__ENSG00000182179	block464	UBA7	ENSG00000182179	GTEx_blood_eQTL	eQTL	FinnGen_IBD	1e-05	1438	2.41615434382792e-38	4.36298133573119e-08	5.53785127185773e-31	0.999999929650445	2.67197344867346e-08	ok	
block464__QTD000356__ENSG00000182179__ENSG00000182179	block464	UBA7	ENSG00000182179	GTEx_blood_eQTL	eQTL	FinnGen_IBD	1e-06	1438	2.41615440193103e-38	4.36298144065114e-08	5.53785140503067e-31	0.999999953698208	2.67197351292843e-09	ok	
block464__QTD000360__ENSG00000067560__3:49360382:49360928:clu_31498_-	block464	RHOA	ENSG00000067560	GTEx_blood_sQTL	sQTL	Howard_DEP	1e-05	1816	1.94248653879455e-06	0.000902223479248064	0.000207172115274941	0.0953213191176899	0.903567342801249	ok	
block464__QTD000360__ENSG00000067560__3:49360382:49360928:clu_31498_-	block464	RHOA	ENSG00000067560	GTEx_blood_sQTL	sQTL	Howard_DEP	1e-06	1816	1.03993407945452e-05	0.00483016445476291	0.00110912142084027	0.510314415411913	0.483735899371689	ok	
block464__QTD000360__ENSG00000067560__3:49360382:49360928:clu_31498_-	block464	RHOA	ENSG00000067560	GTEx_blood_sQTL	sQTL	FinnGen_DEP	1e-05	1816	4.32047992912246e-05	0.00474712328923915	0.00460792364859675	0.505810389411318	0.484791358851556	ok	
block464__QTD000360__ENSG00000067560__3:49360382:49360928:clu_31498_-	block464	RHOA	ENSG00000067560	GTEx_blood_sQTL	sQTL	FinnGen_DEP	1e-06	1816	7.66466846568667e-05	0.0084215473222088	0.00817460274346533	0.897323678141716	0.0860035251079531	ok	
block464__QTD000360__ENSG00000067560__3:49360382:49360928:clu_31498_-	block464	RHOA	ENSG00000067560	GTEx_blood_sQTL	sQTL	deLange_IBD	1e-05	1816	4.07157756847841e-32	0.00917501225860837	4.34246168774552e-30	0.978530753208664	0.0122942345327253	ok	
block464__QTD000360__ENSG00000067560__3:49360382:49360928:clu_31498_-	block464	RHOA	ENSG00000067560	GTEx_blood_sQTL	sQTL	deLange_IBD	1e-06	1816	4.11713286582781e-32	0.009277667901193	4.3910478021168e-30	0.989479153104829	0.00124317899397885	ok	
block464__QTD000360__ENSG00000067560__3:49360382:49360928:clu_31498_-	block464	RHOA	ENSG00000067560	GTEx_blood_sQTL	sQTL	FinnGen_IBD	1e-05	1816	5.08119721012478e-33	0.0091753942158435	5.4192518358657e-31	0.978571531273053	0.012253074511104	ok	
block464__QTD000360__ENSG00000067560__3:49360382:49360928:clu_31498_-	block464	RHOA	ENSG00000067560	GTEx_blood_sQTL	sQTL	FinnGen_IBD	1e-06	1816	5.13785629250625e-33	0.00927770660311358	5.47968047571508e-31	0.989483322867382	0.00123897052950396	ok	
block464__QTD000360__ENSG00000114316__3:49292598:49294407:clu_31495_-	block464	USP4	ENSG00000114316	GTEx_blood_sQTL	sQTL	Howard_DEP	1e-05	1923	7.14740452309747e-05	0.033197195776025	0.00206404600669654	0.958671229413554	0.005996054758493	ok	
block464__QTD000360__ENSG00000114316__3:49292598:49294407:clu_31495_-	block464	USP4	ENSG00000114316	GTEx_blood_sQTL	sQTL	Howard_DEP	1e-06	1923	7.1861844027627e-05	0.0333773147623307	0.00207524496087697	0.963872719660123	0.000602858772640452	ok	
block464__QTD000360__ENSG00000114316__3:49292598:49294407:clu_31495_-	block464	USP4	ENSG00000114316	GTEx_blood_sQTL	sQTL	FinnGen_DEP	1e-05	1923	0.000291378658445255	0.0320540150991352	0.00841450843389352	0.925630547979741	0.0336095498287851	ok	
block464__QTD000360__ENSG00000114316__3:49292598:49294407:clu_31495_-	block464	USP4	ENSG00000114316	GTEx_blood_sQTL	sQTL	FinnGen_DEP	1e-06	1923	0.000300467374315333	0.0330538475415169	0.00867697472689555	0.95450292008874	0.00346579026853223	ok	
block464__QTD000360__ENSG00000114316__3:49292598:49294407:clu_31495_-	block464	USP4	ENSG00000114316	GTEx_blood_sQTL	sQTL	deLange_IBD	1e-05	1923	1.42223483496422e-31	0.0320490567254332	4.10716662559967e-30	0.925478495881042	0.042472447393528	ok	
block464__QTD000360__ENSG00000114316__3:49292598:49294407:clu_31495_-	block464	USP4	ENSG00000114316	GTEx_blood_sQTL	sQTL	deLange_IBD	1e-06	1923	1.47876076487875e-31	0.0333228286017452	4.27040367135224e-30	0.962261122286683	0.00441604911157346	ok	
block464__QTD000360__ENSG00000114316__3:49292598:49294407:clu_31495_-	block464	USP4	ENSG00000114316	GTEx_blood_sQTL	sQTL	FinnGen_IBD	1e-05	1923	1.77139886439265e-32	0.0319871129227455	5.11549156130862e-31	0.923687814063455	0.0443250730137942	ok	
block464__QTD000360__ENSG00000114316__3:49292598:49294407:clu_31495_-	block464	USP4	ENSG00000114316	GTEx_blood_sQTL	sQTL	FinnGen_IBD	1e-06	1923	1.84500067506201e-32	0.0333161808568647	5.32804077817021e-31	0.96206714069332	0.0046166784498116	ok	
block464__QTD000360__ENSG00000164068__3:49700709:49701533:clu_21929_+	block464	RNF123	ENSG00000164068	GTEx_blood_sQTL	sQTL	Howard_DEP	1e-05	1520	5.38972268996022e-30	2.5014053616023e-27	0.00215002779616205	0.997841878452993	8.09375084547232e-06	ok	
block464__QTD000360__ENSG00000164068__3:49700709:49701533:clu_21929_+	block464	RNF123	ENSG00000164068	GTEx_blood_sQTL	sQTL	Howard_DEP	1e-06	1520	5.38976195101151e-30	2.50142358291161e-27	0.00215004345788649	0.997849147161128	8.09380980382424e-07	ok	
block464__QTD000360__ENSG00000164068__3:49700709:49701533:clu_21929_+	block464	RNF123	ENSG00000164068	GTEx_blood_sQTL	sQTL	FinnGen_DEP	1e-05	1520	2.31160618842892e-29	2.48327917852083e-27	0.00922128622342734	0.990610957635481	0.000167756141095858	ok	
block464__QTD000360__ENSG00000164068__3:49700709:49701533:clu_21929_+	block464	RNF123	ENSG00000164068	GTEx_blood_sQTL	sQTL	FinnGen_DEP	1e-06	1520	2.31195524865073e-29	2.48365416193505e-27	0.0092226786683129	0.990760543184408	1.67781472831045e-05	ok	
block464__QTD000360__ENSG00000164068__3:49700709:49701533:clu_21929_+	block464	RNF123	ENSG00000164068	GTEx_blood_sQTL	sQTL	deLange_IBD	1e-05	1520	1.11244463485279e-56	2.50681535354164e-27	4.43768079400477e-30	1	6.72527750999553e-23	ok	
block464__QTD000360__ENSG00000164068__3:49700709:49701533:clu_21929_+	block464	RNF123	ENSG00000164068	GTEx_blood_sQTL	sQTL	deLange_IBD	1e-06	1520	1.11244463485279e-56	2.50681535354164e-27	4.43768079400477e-30	1	6.7252775099955e-24	ok	
block464__QTD000360__ENSG00000164068__3:49700709:49701533:clu_21929_+	block464	RNF123	ENSG00000164068	GTEx_blood_sQTL	sQTL	FinnGen_IBD	1e-05	1520	1.38823715701708e-57	2.50681535354161e-27	5.53785166129525e-31	1	1.38925563524696e-23	ok	
block464__QTD000360__ENSG00000164068__3:49700709:49701533:clu_21929_+	block464	RNF123	ENSG00000164068	GTEx_blood_sQTL	sQTL	FinnGen_IBD	1e-06	1520	1.38823715701708e-57	2.50681535354161e-27	5.53785166129525e-31	1	1.38925563524695e-24	ok	
block464__QTD000360__ENSG00000173531__3:49684189:49684314:clu_31528_-	block464	MST1	ENSG00000173531	GTEx_blood_sQTL	sQTL	Howard_DEP	1e-05	1542	1.73429747344692e-25	8.05226233863911e-23	0.00214908275877559	0.997809066797658	4.18504435638449e-05	ok	
block464__QTD000360__ENSG00000173531__3:49684189:49684314:clu_31528_-	block464	MST1	ENSG00000173531	GTEx_blood_sQTL	sQTL	Howard_DEP	1e-06	1542	1.73436279891412e-25	8.05256564173867e-23	0.00214916370788461	0.997846651090121	4.18520199368836e-06	ok	
block464__QTD000360__ENSG00000173531__3:49684189:49684314:clu_31528_-	block464	MST1	ENSG00000173531	GTEx_blood_sQTL	sQTL	FinnGen_DEP	1e-05	1542	8.32392008857137e-26	8.98480341891452e-24	0.00103147201801663	0.110448124054189	0.888520403927791	ok	
block464__QTD000360__ENSG00000173531__3:49684189:49684314:clu_31528_-	block464	MST1	ENSG00000173531	GTEx_blood_sQTL	sQTL	FinnGen_DEP	1e-06	1542	4.15507018035381e-25	4.48496482006473e-23	0.00514882240377906	0.551326420545135	0.443524757051089	ok	
block464__QTD000360__ENSG00000173531__3:49684189:49684314:clu_31528_-	block464	MST1	ENSG00000173531	GTEx_blood_sQTL	sQTL	deLange_IBD	1e-05	1542	7.10500589443672e-54	1.60106285788639e-24	8.80428294598451e-32	0.0188586879922522	0.981141312007748	ok	
block464__QTD000360__ENSG00000173531__3:49684189:49684314:clu_31528_-	block464	MST1	ENSG00000173531	GTEx_blood_sQTL	sQTL	deLange_IBD	1e-06	1542	6.07406570471059e-53	1.36874777314237e-23	7.52677673900976e-31	0.161222821868831	0.838777178131173	ok	
block464__QTD000360__ENSG00000173531__3:49684189:49684314:clu_31528_-	block464	MST1	ENSG00000173531	GTEx_blood_sQTL	sQTL	FinnGen_IBD	1e-05	1542	6.91324897687901e-55	1.24836297533872e-24	8.56666426077708e-33	0.0144837754515915	0.985516224548402	ok	
block464__QTD000360__ENSG00000173531__3:49684189:49684314:clu_31528_-	block464	MST1	ENSG00000173531	GTEx_blood_sQTL	sQTL	FinnGen_IBD	1e-06	1542	6.116003574917e-54	1.10440003614805e-23	7.57874472903459e-32	0.12813486500557	0.871865134994427	ok	
block464__QTD000360__ENSG00000233276__3:49357747:49358027:clu_31497_-	block464	GPX1	ENSG00000233276	GTEx_blood_sQTL	sQTL	Howard_DEP	1e-05	1837	5.31307624119886e-26	2.46775759352368e-23	0.00214830551151336	0.997820628486525	3.10660019600373e-05	ok	
block464__QTD000360__ENSG00000233276__3:49357747:49358027:clu_31497_-	block464	GPX1	ENSG00000233276	GTEx_blood_sQTL	sQTL	Howard_DEP	1e-06	1837	5.31322479578561e-26	2.46782659247887e-23	0.00214836557852971	0.997848527734415	3.10668705711533e-06	ok	
block464__QTD000360__ENSG00000233276__3:49357747:49358027:clu_31497_-	block464	GPX1	ENSG00000233276	GTEx_blood_sQTL	sQTL	FinnGen_DEP	1e-05	1837	2.22764920675164e-25	2.45059466859637e-23	0.00900734499436254	0.990880838132167	0.000111816873469549	ok	
block464__QTD000360__ENSG00000233276__3:49357747:49358027:clu_31497_-	block464	GPX1	ENSG00000233276	GTEx_blood_sQTL	sQTL	FinnGen_DEP	1e-06	1837	2.22787340920683e-25	2.4508413094677e-23	0.00900825154143304	0.990980565645833	1.11828127313955e-05	ok	
block464__QTD000360__ENSG00000233276__3:49357747:49358027:clu_31497_-	block464	GPX1	ENSG00000233276	GTEx_blood_sQTL	sQTL	deLange_IBD	1e-05	1837	1.09750388230589e-52	2.47314742373678e-23	4.43768079400464e-30	1	3.06303628058012e-18	ok	
block464__QTD000360__ENSG00000233276__3:49357747:49358027:clu_31497_-	block464	GPX1	ENSG00000233276	GTEx_blood_sQTL	sQTL	deLange_IBD	1e-06	1837	1.09750388230589e-52	2.47314742373678e-23	4.43768079400464e-30	1	3.0630362805801e-19	ok	
block464__QTD000360__ENSG00000233276__3:49357747:49358027:clu_31497_-	block464	GPX1	ENSG00000233276	GTEx_blood_sQTL	sQTL	FinnGen_IBD	1e-05	1837	1.3695923569169e-53	2.47314742373681e-23	5.53785166129525e-31	1	1.78143020318868e-20	ok	
block464__QTD000360__ENSG00000233276__3:49357747:49358027:clu_31497_-	block464	GPX1	ENSG00000233276	GTEx_blood_sQTL	sQTL	FinnGen_IBD	1e-06	1837	1.3695923569169e-53	2.47314742373681e-23	5.53785166129525e-31	1	1.78143020318867e-21	ok	
block464__QTD000021__ENSG00000164068__ENSG00000164068	block464	RNF123	ENSG00000164068	BLUEPRINT_monocyte_eQTL	eQTL	Howard_DEP	1e-05	1571	4.85621037258007e-06	0.0022741817339722	0.00212453174431179	0.994925602019936	0.000670828291407149	ok	
block464__QTD000021__ENSG00000164068__ENSG00000164068	block464	RNF123	ENSG00000164068	BLUEPRINT_monocyte_eQTL	eQTL	Howard_DEP	1e-06	1571	4.85914405875604e-06	0.002275555590334	0.00212581519558975	0.995526646715456	6.71233545614435e-05	ok	
block464__QTD000021__ENSG00000164068__ENSG00000164068	block464	RNF123	ENSG00000164068	BLUEPRINT_monocyte_eQTL	eQTL	FinnGen_DEP	1e-05	1571	1.60736640133227e-05	0.00171382941942913	0.00703202843857916	0.749537391776033	0.241700676701946	ok	
block464__QTD000021__ENSG00000164068__ENSG00000164068	block464	RNF123	ENSG00000164068	BLUEPRINT_monocyte_eQTL	eQTL	FinnGen_DEP	1e-06	1571	2.05422272089553e-05	0.00219028301836624	0.00898696935592271	0.957912731702559	0.0308894736959434	ok	
block464__QTD000021__ENSG00000164068__ENSG00000164068	block464	RNF123	ENSG00000164068	BLUEPRINT_monocyte_eQTL	eQTL	deLange_IBD	1e-05	1571	9.02219066390497e-33	0.00203246426670809	3.94709639782673e-30	0.889068983481437	0.108898552251856	ok	
block464__QTD000021__ENSG00000164068__ENSG00000164068	block464	RNF123	ENSG00000164068	BLUEPRINT_monocyte_eQTL	eQTL	deLange_IBD	1e-06	1571	1.00025251176637e-32	0.00225330805298039	4.3759805497187e-30	0.98567356531122	0.0120731266357981	ok	
block464__QTD000021__ENSG00000164068__ENSG00000164068	block464	RNF123	ENSG00000164068	BLUEPRINT_monocyte_eQTL	eQTL	FinnGen_IBD	1e-05	1571	1.12468911556974e-33	0.00203088452496675	4.92037524157005e-31	0.888377172692817	0.109591942782213	ok	
block464__QTD000021__ENSG00000164068__ENSG00000164068	block464	RNF123	ENSG00000164068	BLUEPRINT_monocyte_eQTL	eQTL	FinnGen_IBD	1e-06	1571	1.24775901687473e-33	0.00225311549936619	5.45879077967794e-31	0.985588472643498	0.0121584118571339	ok	
block464__QTD000021__ENSG00000173540__ENSG00000173540	block464	GMPPB	ENSG00000173540	BLUEPRINT_monocyte_eQTL	eQTL	Howard_DEP	1e-05	1528	8.97896831469199e-06	0.0042031867613256	0.000215475041763042	0.0999714264575099	0.895600932771087	ok	
block464__QTD000021__ENSG00000173540__ENSG00000173540	block464	GMPPB	ENSG00000173540	BLUEPRINT_monocyte_eQTL	eQTL	Howard_DEP	1e-06	1528	4.6293087118271e-05	0.0216704730540174	0.00111092995659956	0.515425134841239	0.461747169061025	ok	
block464__QTD000021__ENSG00000173540__ENSG00000173540	block464	GMPPB	ENSG00000173540	BLUEPRINT_monocyte_eQTL	eQTL	FinnGen_DEP	1e-05	1528	0.000308856058523816	0.032702894613358	0.00741185064661526	0.784620951567666	0.174955447113836	ok	
block464__QTD000021__ENSG00000173540__ENSG00000173540	block464	GMPPB	ENSG00000173540	BLUEPRINT_monocyte_eQTL	eQTL	FinnGen_DEP	1e-06	1528	0.000366577281490223	0.0388146447944833	0.00879703015648717	0.931256510882944	0.0207652368845959	ok	
block464__QTD000021__ENSG00000173540__ENSG00000173540	block464	GMPPB	ENSG00000173540	BLUEPRINT_monocyte_eQTL	eQTL	deLange_IBD	1e-05	1528	1.74422245316313e-31	0.0392927831089485	4.18574153251427e-30	0.942920620651875	0.017786596239178	ok	
block464__QTD000021__ENSG00000173540__ENSG00000173540	block464	GMPPB	ENSG00000173540	BLUEPRINT_monocyte_eQTL	eQTL	deLange_IBD	1e-06	1528	1.77259809104897e-31	0.0399320122296404	4.25383668046685e-30	0.958260392272282	0.00180759549807703	ok	
block464__QTD000021__ENSG00000173540__ENSG00000173540	block464	GMPPB	ENSG00000173540	BLUEPRINT_monocyte_eQTL	eQTL	FinnGen_IBD	1e-05	1528	2.17589750736072e-32	0.0392908272556195	5.2216645592065e-31	0.9428736356307	0.0178355371136734	ok	
block464__QTD000021__ENSG00000173540__ENSG00000173540	block464	GMPPB	ENSG00000173540	BLUEPRINT_monocyte_eQTL	eQTL	FinnGen_IBD	1e-06	1528	2.21139477965976e-32	0.0399318120397049	5.30685002777074e-31	0.958255537615676	0.00181265034461325	ok	
block464__QTD000025__ENSG00000233276__3:49357747:49358027:clu_18347_-	block464	GPX1	ENSG00000233276	BLUEPRINT_monocyte_sQTL	sQTL	Howard_DEP	1e-05	1870	7.6505307654905e-05	0.0358410159451782	0.00195329422456103	0.915027310530231	0.047101873992376	ok	
block464__QTD000025__ENSG00000233276__3:49357747:49358027:clu_18347_-	block464	GPX1	ENSG00000233276	BLUEPRINT_monocyte_sQTL	sQTL	Howard_DEP	1e-06	1870	7.9892067125779e-05	0.0374276365852207	0.00203976322804868	0.95553400875861	0.00491869936099476	ok	
block464__QTD000025__ENSG00000233276__3:49357747:49358027:clu_18347_-	block464	GPX1	ENSG00000233276	BLUEPRINT_monocyte_sQTL	sQTL	FinnGen_DEP	1e-05	1870	0.000304727205378244	0.033121750687437	0.007780138510348	0.845534269249955	0.113259114346882	ok	
block464__QTD000025__ENSG00000233276__3:49357747:49358027:clu_18347_-	block464	GPX1	ENSG00000233276	BLUEPRINT_monocyte_sQTL	sQTL	FinnGen_DEP	1e-06	1870	0.000339314632682551	0.0368811660723257	0.00866320694137334	0.941504876910938	0.012611435442681	ok	
block464__QTD000025__ENSG00000233276__3:49357747:49358027:clu_18347_-	block464	GPX1	ENSG00000233276	BLUEPRINT_monocyte_sQTL	sQTL	deLange_IBD	1e-05	1870	1.65602894475199e-31	0.0373060133644519	4.22808805381304e-30	0.95246774790231	0.0102262387332392	ok	
block464__QTD000025__ENSG00000233276__3:49357747:49358027:clu_18347_-	block464	GPX1	ENSG00000233276	BLUEPRINT_monocyte_sQTL	sQTL	deLange_IBD	1e-06	1870	1.67141197685925e-31	0.0376525529603919	4.2673632213699e-30	0.961315323902443	0.0010321231371664	ok	
block464__QTD000025__ENSG00000233276__3:49357747:49358027:clu_18347_-	block464	GPX1	ENSG00000233276	BLUEPRINT_monocyte_sQTL	sQTL	FinnGen_IBD	1e-05	1870	2.06588818193448e-32	0.0373043562076002	5.27451960923234e-31	0.952425394213781	0.0102702495786172	ok	
block464__QTD000025__ENSG00000233276__3:49357747:49358027:clu_18347_-	block464	GPX1	ENSG00000233276	BLUEPRINT_monocyte_sQTL	sQTL	FinnGen_IBD	1e-06	1870	2.08516180083019e-32	0.0376523856658169	5.32372802317034e-31	0.961311007789187	0.00103660654500051	ok	
block464__QTD000031__ENSG00000047849__ENSG00000047849	block464	MAP4	ENSG00000047849	BLUEPRINT_CD4_T_eQTL	eQTL	Howard_DEP	1e-05	1146	1.59017219904444e-07	6.71196757295673e-06	0.0231408804740476	0.976754743541838	9.75049993227909e-05	ok	
block464__QTD000031__ENSG00000047849__ENSG00000047849	block464	MAP4	ENSG00000047849	BLUEPRINT_CD4_T_eQTL	eQTL	Howard_DEP	1e-06	1146	1.59031175605647e-07	6.71255663000342e-06	0.0231429113686492	0.976840465687888	9.75135565761321e-06	ok	
block464__QTD000031__ENSG00000047849__ENSG00000047849	block464	MAP4	ENSG00000047849	BLUEPRINT_CD4_T_eQTL	eQTL	FinnGen_DEP	1e-05	1146	1.4132625511916e-06	5.44887586687445e-06	0.205664139992039	0.792942832259507	0.00138616561003612	ok	
block464__QTD000031__ENSG00000047849__ENSG00000047849	block464	MAP4	ENSG00000047849	BLUEPRINT_CD4_T_eQTL	eQTL	FinnGen_DEP	1e-06	1146	1.41502786786251e-06	5.4556820978875e-06	0.205921036585407	0.793933302996656	0.000138789707971808	ok	
block464__QTD000031__ENSG00000047849__ENSG00000047849	block464	MAP4	ENSG00000047849	BLUEPRINT_CD4_T_eQTL	eQTL	deLange_IBD	1e-05	1146	8.12568073729377e-15	6.87164938013549e-06	1.18248455623221e-09	0.999992434471457	6.92696673758732e-07	ok	
block464__QTD000031__ENSG00000047849__ENSG00000047849	block464	MAP4	ENSG00000047849	BLUEPRINT_CD4_T_eQTL	eQTL	deLange_IBD	1e-06	1146	8.12568580306572e-15	6.87165366410994e-06	1.18248529342547e-09	0.999993057894132	6.92697105604814e-08	ok	
block464__QTD000031__ENSG00000047849__ENSG00000047849	block464	MAP4	ENSG00000047849	BLUEPRINT_CD4_T_eQTL	eQTL	FinnGen_IBD	1e-05	1146	1.76469697350092e-11	6.87163187007333e-06	2.56806412294453e-06	0.999989886349484	6.73936875704864e-07	ok	
block464__QTD000031__ENSG00000047849__ENSG00000047849	block464	MAP4	ENSG00000047849	BLUEPRINT_CD4_T_eQTL	eQTL	FinnGen_IBD	1e-06	1146	1.7646980438665e-11	6.87163603801737e-06	2.56806568058728e-06	0.999990492886907	6.73937284476935e-08	ok	
block464__QTD000031__ENSG00000164068__ENSG00000164068	block464	RNF123	ENSG00000164068	BLUEPRINT_CD4_T_eQTL	eQTL	Howard_DEP	1e-05	1562	0.00031849478922377	0.149152164015842	0.0017659441147715	0.826975686537466	0.0217877105426963	ok	
block464__QTD000031__ENSG00000164068__ENSG00000164068	block464	RNF123	ENSG00000164068	BLUEPRINT_CD4_T_eQTL	eQTL	Howard_DEP	1e-06	1562	0.000324865048297745	0.152135377425835	0.00180126501138231	0.843516143553926	0.00222234896055941	ok	
block464__QTD000031__ENSG00000164068__ENSG00000164068	block464	RNF123	ENSG00000164068	BLUEPRINT_CD4_T_eQTL	eQTL	FinnGen_DEP	1e-05	1562	0.00102318802557786	0.109091971017744	0.00567322585238402	0.604597862130167	0.279613752974128	ok	
block464__QTD000031__ENSG00000164068__ENSG00000164068	block464	RNF123	ENSG00000164068	BLUEPRINT_CD4_T_eQTL	eQTL	FinnGen_DEP	1e-06	1562	0.00136726301394707	0.145777133197887	0.00758100337750949	0.807910447090298	0.0373641533203583	ok	
block464__QTD000031__ENSG00000164068__ENSG00000164068	block464	RNF123	ENSG00000164068	BLUEPRINT_CD4_T_eQTL	eQTL	deLange_IBD	1e-05	1562	5.90670670966067e-31	0.133062698057792	3.27506581097564e-30	0.737657637048777	0.129279664893425	ok	
block464__QTD000031__ENSG00000164068__ENSG00000164068	block464	RNF123	ENSG00000164068	BLUEPRINT_CD4_T_eQTL	eQTL	deLange_IBD	1e-06	1562	6.68445432305238e-31	0.150583323498133	3.70630012535611e-30	0.834786459405323	0.0146302170965461	ok	
block464__QTD000031__ENSG00000164068__ENSG00000164068	block464	RNF123	ENSG00000164068	BLUEPRINT_CD4_T_eQTL	eQTL	FinnGen_IBD	1e-05	1562	7.37222466261524e-32	0.133122449347249	4.08764513461844e-31	0.737989328850733	0.128888221802024	ok	
block464__QTD000031__ENSG00000164068__ENSG00000164068	block464	RNF123	ENSG00000164068	BLUEPRINT_CD4_T_eQTL	eQTL	FinnGen_IBD	1e-06	1562	8.33961499512711e-32	0.150590903773481	4.62402981725321e-31	0.834828990540298	0.0145801056862274	ok	
block464__QTD000031__ENSG00000173540__ENSG00000173540	block464	GMPPB	ENSG00000173540	BLUEPRINT_CD4_T_eQTL	eQTL	Howard_DEP	1e-05	1519	1.81036966736848e-23	8.47459720501066e-21	0.000179716515650182	0.0832112411241276	0.91660904236022	ok	
block464__QTD000031__ENSG00000173540__ENSG00000173540	block464	GMPPB	ENSG00000173540	BLUEPRINT_CD4_T_eQTL	eQTL	Howard_DEP	1e-06	1519	1.03419046673891e-22	4.84119226965059e-20	0.00102664726741205	0.475351934178034	0.523621418554554	ok	
block464__QTD000031__ENSG00000173540__ENSG00000173540	block464	GMPPB	ENSG00000173540	BLUEPRINT_CD4_T_eQTL	eQTL	FinnGen_DEP	1e-05	1519	8.06015905133108e-22	8.53410941085404e-20	0.00800136970035005	0.847041357843772	0.144957272455875	ok	
block464__QTD000031__ENSG00000173540__ENSG00000173540	block464	GMPPB	ENSG00000173540	BLUEPRINT_CD4_T_eQTL	eQTL	FinnGen_DEP	1e-06	1519	9.26946819537769e-22	9.81452788412668e-20	0.00920185836092218	0.97412754223575	0.0166705994033274	ok	
block464__QTD000031__ENSG00000173540__ENSG00000173540	block464	GMPPB	ENSG00000173540	BLUEPRINT_CD4_T_eQTL	eQTL	deLange_IBD	1e-05	1519	4.47165569148461e-49	1.00734741090371e-19	4.43904023883174e-30	1	4.64466699966657e-20	ok	
block464__QTD000031__ENSG00000173540__ENSG00000173540	block464	GMPPB	ENSG00000173540	BLUEPRINT_CD4_T_eQTL	eQTL	deLange_IBD	1e-06	1519	4.47165569148461e-49	1.00734741090371e-19	4.43904023883174e-30	1	4.64466699966655e-21	ok	
block464__QTD000031__ENSG00000173540__ENSG00000173540	block464	GMPPB	ENSG00000173540	BLUEPRINT_CD4_T_eQTL	eQTL	FinnGen_IBD	1e-05	1519	5.57861687709345e-50	1.0073474109037e-19	5.53792744857376e-31	1	4.86640379996407e-20	ok	
block464__QTD000031__ENSG00000173540__ENSG00000173540	block464	GMPPB	ENSG00000173540	BLUEPRINT_CD4_T_eQTL	eQTL	FinnGen_IBD	1e-06	1519	5.57861687709345e-50	1.0073474109037e-19	5.53792744857376e-31	1	4.86640379996404e-21	ok	
block464__QTD000031__ENSG00000182179__ENSG00000182179	block464	UBA7	ENSG00000182179	BLUEPRINT_CD4_T_eQTL	eQTL	Howard_DEP	1e-05	1460	9.96872921938033e-23	4.61804415734469e-20	0.00215336482805874	0.997552517680757	0.000294117491182031	ok	
block464__QTD000031__ENSG00000182179__ENSG00000182179	block464	UBA7	ENSG00000182179	BLUEPRINT_CD4_T_eQTL	eQTL	Howard_DEP	1e-06	1460	9.97136869793096e-23	4.61926690381825e-20	0.00215393498701785	0.997816645476347	2.94195366384804e-05	ok	
block464__QTD000031__ENSG00000182179__ENSG00000182179	block464	UBA7	ENSG00000182179	BLUEPRINT_CD4_T_eQTL	eQTL	FinnGen_DEP	1e-05	1460	3.33372369324317e-22	3.52214189330675e-20	0.00720124219397964	0.760592599648989	0.232206158157031	ok	
block464__QTD000031__ENSG00000182179__ENSG00000182179	block464	UBA7	ENSG00000182179	BLUEPRINT_CD4_T_eQTL	eQTL	FinnGen_DEP	1e-06	1460	4.21449148111741e-22	4.45268965592862e-20	0.00910380603572612	0.961540705463554	0.029355488500721	ok	
block464__QTD000031__ENSG00000182179__ENSG00000182179	block464	UBA7	ENSG00000182179	BLUEPRINT_CD4_T_eQTL	eQTL	deLange_IBD	1e-05	1460	2.05499734918304e-49	4.62937310458768e-20	4.43904023883174e-30	1	3.58158327265008e-18	ok	
block464__QTD000031__ENSG00000182179__ENSG00000182179	block464	UBA7	ENSG00000182179	BLUEPRINT_CD4_T_eQTL	eQTL	deLange_IBD	1e-06	1460	2.05499734918304e-49	4.62937310458768e-20	4.43904023883174e-30	1	3.58158327265006e-19	ok	
block464__QTD000031__ENSG00000182179__ENSG00000182179	block464	UBA7	ENSG00000182179	BLUEPRINT_CD4_T_eQTL	eQTL	FinnGen_IBD	1e-05	1460	2.56371323855863e-50	4.62937310458774e-20	5.53792744857392e-31	1	3.61046730115228e-18	ok	
block464__QTD000031__ENSG00000182179__ENSG00000182179	block464	UBA7	ENSG00000182179	BLUEPRINT_CD4_T_eQTL	eQTL	FinnGen_IBD	1e-06	1460	2.56371323855863e-50	4.62937310458774e-20	5.53792744857392e-31	1	3.61046730115226e-19	ok	
block464__QTD000035__ENSG00000145022__3:49423154:49424603:clu_51417_-	block464	TCTA	ENSG00000145022	BLUEPRINT_CD4_T_sQTL	sQTL	Howard_DEP	1e-05	1790	4.6994481225937e-08	2.20157605298551e-05	0.000360501029910989	0.16805431748348	0.831563118731598	ok	
block464__QTD000035__ENSG00000145022__3:49423154:49424603:clu_51417_-	block464	TCTA	ENSG00000145022	BLUEPRINT_CD4_T_sQTL	sQTL	Howard_DEP	1e-06	1790	1.86787570200657e-07	8.7505390169549e-05	0.00143287274750772	0.667960509523492	0.330518925551261	ok	
block464__QTD000035__ENSG00000145022__3:49423154:49424603:clu_51417_-	block464	TCTA	ENSG00000145022	BLUEPRINT_CD4_T_sQTL	sQTL	FinnGen_DEP	1e-05	1790	6.94839238612621e-07	7.48548715117249e-05	0.00533020590094668	0.573801063724057	0.420793180664247	ok	
block464__QTD000035__ENSG00000145022__3:49423154:49424603:clu_51417_-	block464	TCTA	ENSG00000145022	BLUEPRINT_CD4_T_sQTL	sQTL	FinnGen_DEP	1e-06	1790	1.11838844741973e-06	0.000120483730451029	0.00857930924265297	0.923569719619571	0.0677293690188767	ok	
block464__QTD000035__ENSG00000145022__3:49423154:49424603:clu_51417_-	block464	TCTA	ENSG00000145022	BLUEPRINT_CD4_T_sQTL	sQTL	deLange_IBD	1e-05	1790	5.78579553834782e-34	0.000130338884692571	4.43836211405524e-30	0.999847213725292	2.24473900222104e-05	ok	
block464__QTD000035__ENSG00000145022__3:49423154:49424603:clu_51417_-	block464	TCTA	ENSG00000145022	BLUEPRINT_CD4_T_sQTL	sQTL	deLange_IBD	1e-06	1790	5.78591242911738e-34	0.00013034151793677	4.43845178254761e-30	0.999867413697704	2.2447843528159e-06	ok	
block464__QTD000035__ENSG00000145022__3:49423154:49424603:clu_51417_-	block464	TCTA	ENSG00000145022	BLUEPRINT_CD4_T_sQTL	sQTL	FinnGen_IBD	1e-05	1790	7.21807281255274e-35	0.00013033888362715	5.53708140831995e-31	0.999847205544116	2.2455572257314e-05	ok	
block464__QTD000035__ENSG00000145022__3:49423154:49424603:clu_51417_-	block464	TCTA	ENSG00000145022	BLUEPRINT_CD4_T_sQTL	sQTL	FinnGen_IBD	1e-06	1790	7.21821869286106e-35	0.000130341517831185	5.53719331508011e-31	0.999867412879565	2.24560260939389e-06	ok	
block464__QTD000035__ENSG00000164068__3:49700709:49701533:clu_51437_-	block464	RNF123	ENSG00000164068	BLUEPRINT_CD4_T_sQTL	sQTL	Howard_DEP	1e-05	1544	7.5214232722626e-17	3.52088767193475e-14	0.00213165578641487	0.997859080368091	9.26384546091106e-06	ok	
block464__QTD000035__ENSG00000164068__3:49700709:49701533:clu_51437_-	block464	RNF123	ENSG00000164068	BLUEPRINT_CD4_T_sQTL	sQTL	Howard_DEP	1e-06	1544	7.52148598235799e-17	3.52091702744285e-14	0.00213167355915985	0.997867400048537	9.2639226985045e-07	ok	
block464__QTD000035__ENSG00000164068__3:49700709:49701533:clu_51437_-	block464	RNF123	ENSG00000164068	BLUEPRINT_CD4_T_sQTL	sQTL	FinnGen_DEP	1e-05	1544	3.29372456588883e-16	3.4949105134591e-14	0.00933478515379662	0.990496702803664	0.000168512042504467	ok	
block464__QTD000035__ENSG00000164068__3:49700709:49701533:clu_51437_-	block464	RNF123	ENSG00000164068	BLUEPRINT_CD4_T_sQTL	sQTL	FinnGen_DEP	1e-06	1544	3.29422417068796e-16	3.49544063491587e-14	0.00933620108988004	0.990646945149782	1.68537603058625e-05	ok	
block464__QTD000035__ENSG00000164068__3:49700709:49701533:clu_51437_-	block464	RNF123	ENSG00000164068	BLUEPRINT_CD4_T_sQTL	sQTL	deLange_IBD	1e-05	1544	1.566289490622e-43	3.52844174945841e-14	4.43904023883074e-30	0.999999999999773	1.92033450032317e-13	ok	
block464__QTD000035__ENSG00000164068__3:49700709:49701533:clu_51437_-	block464	RNF123	ENSG00000164068	BLUEPRINT_CD4_T_sQTL	sQTL	deLange_IBD	1e-06	1544	1.56628949062227e-43	3.52844174945901e-14	4.43904023883149e-30	0.999999999999943	1.92033450032349e-14	ok	
block464__QTD000035__ENSG00000164068__3:49700709:49701533:clu_51437_-	block464	RNF123	ENSG00000164068	BLUEPRINT_CD4_T_sQTL	sQTL	FinnGen_IBD	1e-05	1544	1.95402544150199e-44	3.52844174945841e-14	5.53792744857266e-31	0.999999999999773	1.95685442488173e-13	ok	
block464__QTD000035__ENSG00000164068__3:49700709:49701533:clu_51437_-	block464	RNF123	ENSG00000164068	BLUEPRINT_CD4_T_sQTL	sQTL	FinnGen_IBD	1e-06	1544	1.95402544150233e-44	3.52844174945901e-14	5.5379274485736e-31	0.999999999999943	1.95685442488205e-14	ok	
block1671__QTD000226__ENSG00000134824__ENSG00000134824	block1671	FADS2	ENSG00000134824	GTEx_colon_sigmoid_eQTL	eQTL	Howard_DEP	1e-05	1739	1.46854427730362e-05	0.000309949266644118	0.0449581419701296	0.948875533470949	0.00584168984950353	ok	
block1671__QTD000226__ENSG00000134824__ENSG00000134824	block1671	FADS2	ENSG00000134824	GTEx_colon_sigmoid_eQTL	eQTL	Howard_DEP	1e-06	1739	1.47630598683185e-05	0.000311587444132779	0.0451957596193175	0.953890633378439	0.000587256498242709	ok	
block1671__QTD000226__ENSG00000134824__ENSG00000134824	block1671	FADS2	ENSG00000134824	GTEx_colon_sigmoid_eQTL	eQTL	FinnGen_DEP	1e-05	1739	4.22891396719571e-05	0.000283471157498334	0.12946433924739	0.867818670771037	0.00239122968440256	ok	
block1671__QTD000226__ENSG00000134824__ENSG00000134824	block1671	FADS2	ENSG00000134824	GTEx_colon_sigmoid_eQTL	eQTL	FinnGen_DEP	1e-06	1739	4.23803467007166e-05	0.000284082533426409	0.129743561236881	0.869690337186505	0.000239638696488373	ok	
block1671__QTD000226__ENSG00000134824__ENSG00000134824	block1671	FADS2	ENSG00000134824	GTEx_colon_sigmoid_eQTL	eQTL	deLange_IBD	1e-05	1739	9.11019790845604e-05	0.000233610031019567	0.278900389504337	0.715170171894048	0.00560472659151092	ok	
block1671__QTD000226__ENSG00000134824__ENSG00000134824	block1671	FADS2	ENSG00000134824	GTEx_colon_sigmoid_eQTL	eQTL	deLange_IBD	1e-06	1739	9.15638503969875e-05	0.000234794393562592	0.28031436634909	0.718795961248138	0.000563314158811833	ok	
block1671__QTD000226__ENSG00000134824__ENSG00000134824	block1671	FADS2	ENSG00000134824	GTEx_colon_sigmoid_eQTL	eQTL	FinnGen_IBD	1e-05	1739	1.52184307698334e-06	0.000324645109394948	0.00465898360496831	0.993870211074851	0.00114463836770893	ok	
block1671__QTD000226__ENSG00000134824__ENSG00000134824	block1671	FADS2	ENSG00000134824	GTEx_colon_sigmoid_eQTL	eQTL	FinnGen_IBD	1e-06	1739	1.52341245769738e-06	0.000324979895406263	0.00466378812070796	0.994895126695327	0.00011458187610136	ok	
block1671__QTD000226__ENSG00000149485__ENSG00000149485	block1671	FADS1	ENSG00000149485	GTEx_colon_sigmoid_eQTL	eQTL	Howard_DEP	1e-05	1641	9.31180363425424e-05	0.00196525991169197	0.0439568133151035	0.927684016639003	0.0263007920978587	ok	
block1671__QTD000226__ENSG00000149485__ENSG00000149485	block1671	FADS1	ENSG00000149485	GTEx_colon_sigmoid_eQTL	eQTL	Howard_DEP	1e-06	1641	9.53756458725049e-05	0.00201290685185261	0.0450225286646187	0.950175344409854	0.00269384442780149	ok	
block1671__QTD000226__ENSG00000149485__ENSG00000149485	block1671	FADS1	ENSG00000149485	GTEx_colon_sigmoid_eQTL	eQTL	FinnGen_DEP	1e-05	1641	1.54734949172862e-05	0.000103699828313251	0.0073043370986616	0.0480074296399239	0.944569059938184	ok	
block1671__QTD000226__ENSG00000149485__ENSG00000149485	block1671	FADS1	ENSG00000149485	GTEx_colon_sigmoid_eQTL	eQTL	FinnGen_DEP	1e-06	1641	0.000103233819982594	0.000691849479742074	0.0487320172440827	0.320289008770629	0.630183890685563	ok	
block1671__QTD000226__ENSG00000149485__ENSG00000149485	block1671	FADS1	ENSG00000149485	GTEx_colon_sigmoid_eQTL	eQTL	deLange_IBD	1e-05	1641	0.000128682940622554	0.000279689502268996	0.0607453960581414	0.13122113883237	0.807625092666598	ok	
block1671__QTD000226__ENSG00000149485__ENSG00000149485	block1671	FADS1	ENSG00000149485	GTEx_colon_sigmoid_eQTL	eQTL	deLange_IBD	1e-06	1641	0.000471128936578381	0.00102398823914531	0.222398662234867	0.480421688341983	0.295684532247426	ok	
block1671__QTD000226__ENSG00000149485__ENSG00000149485	block1671	FADS1	ENSG00000149485	GTEx_colon_sigmoid_eQTL	eQTL	FinnGen_IBD	1e-05	1641	6.3044019517932e-07	0.000134479569843596	0.000297602301920257	0.0625446999495062	0.937022587738535	ok	
block1671__QTD000226__ENSG00000149485__ENSG00000149485	block1671	FADS1	ENSG00000149485	GTEx_colon_sigmoid_eQTL	eQTL	FinnGen_IBD	1e-06	1641	4.02375235417239e-06	0.000858308987726185	0.00189943149582674	0.399188353768035	0.598049881996058	ok	
block1671__QTD000230__ENSG00000134780__11:61729008:61731317:clu_61952_+	block1671	DAGLA	ENSG00000134780	GTEx_colon_sigmoid_sQTL	sQTL	Howard_DEP	1e-05	1808	5.96916785757703e-06	0.000125989937551338	0.0451773043059988	0.953546466394753	0.00114427019383889	ok	
block1671__QTD000230__ENSG00000134780__11:61729008:61731317:clu_61952_+	block1671	DAGLA	ENSG00000134780	GTEx_colon_sigmoid_sQTL	sQTL	Howard_DEP	1e-06	1808	5.97532150164067e-06	0.000126119821188352	0.0452238778078816	0.954529482066675	0.000114544982752545	ok	
block1671__QTD000230__ENSG00000134780__11:61729008:61731317:clu_61952_+	block1671	DAGLA	ENSG00000134780	GTEx_colon_sigmoid_sQTL	sQTL	FinnGen_DEP	1e-05	1808	1.71375097715492e-05	0.000114900002329739	0.1297042590306	0.869613522309957	0.000550181147341961	ok	
block1671__QTD000230__ENSG00000134780__11:61729008:61731317:clu_61952_+	block1671	DAGLA	ENSG00000134780	GTEx_colon_sigmoid_sQTL	sQTL	FinnGen_DEP	1e-06	1808	1.71459998368255e-05	0.000114956924749217	0.129768515602323	0.870044336101924	5.50453711671143e-05	ok	
block1671__QTD000230__ENSG00000134780__11:61729008:61731317:clu_61952_+	block1671	DAGLA	ENSG00000134780	GTEx_colon_sigmoid_sQTL	sQTL	deLange_IBD	1e-05	1808	2.16433074698456e-05	5.56953907793487e-05	0.16380613028202	0.421112364088635	0.415004166931096	ok	
block1671__QTD000230__ENSG00000134780__11:61729008:61731317:clu_61952_+	block1671	DAGLA	ENSG00000134780	GTEx_colon_sigmoid_sQTL	sQTL	deLange_IBD	1e-06	1808	3.45465874345892e-05	8.88997991616161e-05	0.261463864060232	0.672170606366123	0.0662420831870491	ok	
block1671__QTD000230__ENSG00000134780__11:61729008:61731317:clu_61952_+	block1671	DAGLA	ENSG00000134780	GTEx_colon_sigmoid_sQTL	sQTL	FinnGen_IBD	1e-05	1808	6.16339701965343e-07	0.000131486158304596	0.00466473165706206	0.995145384176917	5.77816680135147e-05	ok	
block1671__QTD000230__ENSG00000134780__11:61729008:61731317:clu_61952_+	block1671	DAGLA	ENSG00000134780	GTEx_colon_sigmoid_sQTL	sQTL	FinnGen_IBD	1e-06	1808	6.16371755454675e-07	0.000131492996400794	0.00466497425205623	0.995197137912486	5.77846730188282e-06	ok	
block1671__QTD000231__ENSG00000134824__ENSG00000134824	block1671	FADS2	ENSG00000134824	GTEx_colon_transverse_eQTL	eQTL	Howard_DEP	1e-05	1767	5.14749934818782e-15	1.08644014627105e-13	0.0449706485314027	0.949152435956564	0.00587691551191754	ok	
block1671__QTD000231__ENSG00000134824__ENSG00000134824	block1671	FADS2	ENSG00000134824	GTEx_colon_transverse_eQTL	eQTL	Howard_DEP	1e-06	1767	5.17487039668362e-15	1.09221712727093e-13	0.0452097731467898	0.954199410341052	0.00059081651204365	ok	
block1671__QTD000231__ENSG00000134824__ENSG00000134824	block1671	FADS2	ENSG00000134824	GTEx_colon_transverse_eQTL	eQTL	FinnGen_DEP	1e-05	1767	1.48349106522923e-14	9.94587975788554e-14	0.129603814942466	0.868911034644125	0.00148515041329597	ok	
block1671__QTD000231__ENSG00000134824__ENSG00000134824	block1671	FADS2	ENSG00000134824	GTEx_colon_transverse_eQTL	eQTL	FinnGen_DEP	1e-06	1767	1.48547660580477e-14	9.95919156560832e-14	0.129777279845184	0.870074006337224	0.00014871381747834	ok	
block1671__QTD000231__ENSG00000134824__ENSG00000134824	block1671	FADS2	ENSG00000134824	GTEx_colon_transverse_eQTL	eQTL	deLange_IBD	1e-05	1767	3.19269641652022e-14	8.18715219374339e-14	0.278926948218742	0.71525710858258	0.00581594319856409	ok	
block1671__QTD000231__ENSG00000134824__ENSG00000134824	block1671	FADS2	ENSG00000134824	GTEx_colon_transverse_eQTL	eQTL	deLange_IBD	1e-06	1767	3.20949603851061e-14	8.23023209990705e-14	0.28039463154396	0.719020713849888	0.000584654606037957	ok	
block1671__QTD000231__ENSG00000134824__ENSG00000134824	block1671	FADS2	ENSG00000134824	GTEx_colon_transverse_eQTL	eQTL	FinnGen_IBD	1e-05	1767	5.34024055810395e-16	1.13923566928451e-13	0.00466545141567003	0.995282577756308	5.19708279048008e-05	ok	
block1671__QTD000231__ENSG00000134824__ENSG00000134824	block1671	FADS2	ENSG00000134824	GTEx_colon_transverse_eQTL	eQTL	FinnGen_IBD	1e-06	1767	5.34049035283851e-16	1.13928895809585e-13	0.00466566964651288	0.995329133027484	5.19732588887651e-06	ok	
block1671__QTD000235__ENSG00000134780__11:61729008:61731317:clu_61952_+	block1671	DAGLA	ENSG00000134780	GTEx_colon_transverse_sQTL	sQTL	Howard_DEP	1e-05	1834	2.75468135945137e-40	5.81431582047801e-39	0.0451928224126082	0.953885601175596	0.000921576411794087	ok	
block1671__QTD000235__ENSG00000134780__11:61729008:61731317:clu_61952_+	block1671	DAGLA	ENSG00000134780	GTEx_colon_transverse_sQTL	sQTL	Howard_DEP	1e-06	1834	2.75696804049414e-40	5.81914232635235e-39	0.0452303373033687	0.954677428554719	9.2234141907998e-05	ok	
block1671__QTD000235__ENSG00000134780__11:61729008:61731317:clu_61952_+	block1671	DAGLA	ENSG00000134780	GTEx_colon_transverse_sQTL	sQTL	FinnGen_DEP	1e-05	1834	7.90601384887587e-40	5.30156710979778e-39	0.129704685675525	0.869765332699976	0.000529981624498049	ok	
block1671__QTD000235__ENSG00000134780__11:61729008:61731317:clu_61952_+	block1671	DAGLA	ENSG00000134780	GTEx_colon_transverse_sQTL	sQTL	FinnGen_DEP	1e-06	1834	7.90978668631356e-40	5.30409707638431e-39	0.129766582189155	0.870180394357081	5.30234537603489e-05	ok	
block1671__QTD000235__ENSG00000134780__11:61729008:61731317:clu_61952_+	block1671	DAGLA	ENSG00000134780	GTEx_colon_transverse_sQTL	sQTL	deLange_IBD	1e-05	1834	8.35484482061289e-40	2.14993616155061e-39	0.13706812839437	0.352204052836484	0.510727818769146	ok	
block1671__QTD000235__ENSG00000134780__11:61729008:61731317:clu_61952_+	block1671	DAGLA	ENSG00000134780	GTEx_colon_transverse_sQTL	sQTL	deLange_IBD	1e-06	1834	1.54620573726835e-39	3.9788215091066e-39	0.253667819176158	0.651813335708356	0.0945188451154824	ok	
block1671__QTD000235__ENSG00000134780__11:61729008:61731317:clu_61952_+	block1671	DAGLA	ENSG00000134780	GTEx_colon_transverse_sQTL	sQTL	FinnGen_IBD	1e-05	1834	2.84368332906516e-41	6.06673073183428e-39	0.00466529732185544	0.995297235839234	3.74668389113616e-05	ok	
block1671__QTD000235__ENSG00000134780__11:61729008:61731317:clu_61952_+	block1671	DAGLA	ENSG00000134780	GTEx_colon_transverse_sQTL	sQTL	FinnGen_IBD	1e-06	1834	2.84377922174134e-41	6.06693530983338e-39	0.00466545464170917	0.99533079854805	3.74681023415805e-06	ok	
block1671__QTD000321__ENSG00000134824__ENSG00000134824	block1671	FADS2	ENSG00000134824	GTEx_small_intestine_eQTL	eQTL	Howard_DEP	1e-05	1652	6.07760065444978e-21	1.28262171577369e-19	0.0450002573074868	0.949683722790627	0.00531601990188566	ok	
block1671__QTD000321__ENSG00000134824__ENSG00000134824	block1671	FADS2	ENSG00000134824	GTEx_small_intestine_eQTL	eQTL	Howard_DEP	1e-06	1652	6.10681822494871e-21	1.2887878152815e-19	0.0452165923819851	0.954249249994524	0.000534157623490062	ok	
block1671__QTD000321__ENSG00000134824__ENSG00000134824	block1671	FADS2	ENSG00000134824	GTEx_small_intestine_eQTL	eQTL	FinnGen_DEP	1e-05	1652	1.75115416285913e-20	1.1733671757173e-19	0.12966035841141	0.868792370354436	0.001547271234153	ok	
block1671__QTD000321__ENSG00000134824__ENSG00000134824	block1671	FADS2	ENSG00000134824	GTEx_small_intestine_eQTL	eQTL	FinnGen_DEP	1e-06	1652	1.75359612281257e-20	1.17500341980965e-19	0.129841167965191	0.870003889146587	0.000154942888221795	ok	
block1671__QTD000321__ENSG00000134824__ENSG00000134824	block1671	FADS2	ENSG00000134824	GTEx_small_intestine_eQTL	eQTL	deLange_IBD	1e-05	1652	3.77997242971858e-20	9.66156173847603e-20	0.279879744694976	0.715364332872937	0.00475592243208719	ok	
block1671__QTD000321__ENSG00000134824__ENSG00000134824	block1671	FADS2	ENSG00000134824	GTEx_small_intestine_eQTL	eQTL	deLange_IBD	1e-06	1652	3.7962215112569e-20	9.70309418544354e-20	0.281082872198424	0.718439491115644	0.000477636685934844	ok	
block1671__QTD000321__ENSG00000134824__ENSG00000134824	block1671	FADS2	ENSG00000134824	GTEx_small_intestine_eQTL	eQTL	FinnGen_IBD	1e-05	1652	6.3013746416109e-22	1.34419858133025e-19	0.00466571425774329	0.995282222495747	5.20632465121868e-05	ok	
block1671__QTD000321__ENSG00000134824__ENSG00000134824	block1671	FADS2	ENSG00000134824	GTEx_small_intestine_eQTL	eQTL	FinnGen_IBD	1e-06	1652	6.30166991846586e-22	1.34426156928956e-19	0.00466593288899607	0.99532886054239	5.20656861499744e-06	ok	
block1671__QTD000356__ENSG00000124920__ENSG00000124920	block1671	MYRF	ENSG00000124920	GTEx_blood_eQTL	eQTL	Howard_DEP	1e-05	1836	9.7953914576999e-19	2.067514992546e-17	0.0407247265896384	0.859477720660955	0.0997975527494064	ok	
block1671__QTD000356__ENSG00000124920__ENSG00000124920	block1671	MYRF	ENSG00000124920	GTEx_blood_eQTL	eQTL	Howard_DEP	1e-06	1836	1.07620116395597e-18	2.2715396838228e-17	0.0447434881462603	0.944291943169302	0.010964568684434	ok	
block1671__QTD000356__ENSG00000124920__ENSG00000124920	block1671	MYRF	ENSG00000124920	GTEx_blood_eQTL	eQTL	FinnGen_DEP	1e-05	1836	3.10514175726067e-18	2.08228963822216e-17	0.12909749409464	0.865714947908109	0.00518755799725308	ok	
block1671__QTD000356__ENSG00000124920__ENSG00000124920	block1671	MYRF	ENSG00000124920	GTEx_blood_eQTL	eQTL	FinnGen_DEP	1e-06	1836	3.11970705240256e-18	2.09205703872188e-17	0.129703051988791	0.869775758882534	0.000521189128674592	ok	
block1671__QTD000356__ENSG00000124920__ENSG00000124920	block1671	MYRF	ENSG00000124920	GTEx_blood_eQTL	eQTL	deLange_IBD	1e-05	1836	5.24513923685586e-18	1.35145016770044e-17	0.21806873392245	0.561650460315647	0.220280805761905	ok	
block1671__QTD000356__ENSG00000124920__ENSG00000124920	block1671	MYRF	ENSG00000124920	GTEx_blood_eQTL	eQTL	deLange_IBD	1e-06	1836	6.54213541052672e-18	1.68563113359316e-17	0.271991861740923	0.700533045710375	0.0274750925486999	ok	
block1671__QTD000356__ENSG00000124920__ENSG00000124920	block1671	MYRF	ENSG00000124920	GTEx_blood_eQTL	eQTL	FinnGen_IBD	1e-05	1836	1.12207914631015e-19	2.39385647581808e-17	0.00466508833697452	0.995255198174287	7.97134887382183e-05	ok	
block1671__QTD000356__ENSG00000124920__ENSG00000124920	block1671	MYRF	ENSG00000124920	GTEx_blood_eQTL	eQTL	FinnGen_IBD	1e-06	1836	1.12215965244488e-19	2.39402822852608e-17	0.00466542304440708	0.995326605034793	7.9719207964786e-06	ok	
block1671__QTD000356__ENSG00000134824__ENSG00000134824	block1671	FADS2	ENSG00000134824	GTEx_blood_eQTL	eQTL	Howard_DEP	1e-05	1777	3.66098087439906e-165	7.72698729445593e-164	0.0449821021138327	0.949401505458627	0.00561639242751909	ok	
block1671__QTD000356__ENSG00000134824__ENSG00000134824	block1671	FADS2	ENSG00000134824	GTEx_blood_eQTL	eQTL	Howard_DEP	1e-06	1777	3.67958024435794e-165	7.76624373973324e-164	0.0452106306933163	0.954224876693102	0.000564492613588243	ok	
block1671__QTD000356__ENSG00000134824__ENSG00000134824	block1671	FADS2	ENSG00000134824	GTEx_blood_eQTL	eQTL	FinnGen_DEP	1e-05	1777	1.05450400105382e-164	7.07012781384849e-164	0.129565841183572	0.868697724697593	0.00173643411884075	ok	
block1671__QTD000356__ENSG00000134824__ENSG00000134824	block1671	FADS2	ENSG00000134824	GTEx_blood_eQTL	eQTL	FinnGen_DEP	1e-06	1777	1.05615454956901e-164	7.08119423839851e-164	0.129768642411989	0.87005744238308	0.000173915204950174	ok	
block1671__QTD000356__ENSG00000134824__ENSG00000134824	block1671	FADS2	ENSG00000134824	GTEx_blood_eQTL	eQTL	deLange_IBD	1e-05	1777	2.27198195972073e-164	5.8338689228316e-164	0.279156127877121	0.716797533917558	0.00404633820532418	ok	
block1671__QTD000356__ENSG00000134824__ENSG00000134824	block1671	FADS2	ENSG00000134824	GTEx_blood_eQTL	eQTL	deLange_IBD	1e-06	1777	2.28028608756435e-164	5.85519180048511e-164	0.28017644767513	0.719417439561691	0.000406112763162744	ok	
block1671__QTD000356__ENSG00000134824__ENSG00000134824	block1671	FADS2	ENSG00000134824	GTEx_blood_eQTL	eQTL	FinnGen_IBD	1e-05	1777	3.7970801771178e-166	8.10035778146296e-164	0.00466543404954443	0.995282724510547	5.18414398897255e-05	ok	
block1671__QTD000356__ENSG00000134824__ENSG00000134824	block1671	FADS2	ENSG00000134824	GTEx_blood_eQTL	eQTL	FinnGen_IBD	1e-06	1777	3.79725734687752e-166	8.10073573988755e-164	0.00466565173623814	0.995329163877884	5.1843858783987e-06	ok	
block1671__QTD000356__ENSG00000167994__ENSG00000167994	block1671	RAB3IL1	ENSG00000167994	GTEx_blood_eQTL	eQTL	Howard_DEP	1e-05	1487	2.53782083668996e-24	5.35565308207169e-23	0.0452353738242357	0.954617948255904	0.000146677919859852	ok	
block1671__QTD000356__ENSG00000167994__ENSG00000167994	block1671	RAB3IL1	ENSG00000167994	GTEx_blood_eQTL	eQTL	Howard_DEP	1e-06	1487	2.53815589897475e-24	5.35636017586346e-23	0.045241346140125	0.954743984131339	1.46697285387255e-05	ok	
block1671__QTD000356__ENSG00000167994__ENSG00000167994	block1671	RAB3IL1	ENSG00000167994	GTEx_blood_eQTL	eQTL	FinnGen_DEP	1e-05	1487	6.53413672376393e-24	4.3776690160641e-23	0.116467684812471	0.780194039527868	0.10333827565966	ok	
block1671__QTD000356__ENSG00000167994__ENSG00000167994	block1671	RAB3IL1	ENSG00000167994	GTEx_blood_eQTL	eQTL	FinnGen_DEP	1e-06	1487	7.20415520233876e-24	4.82656062299667e-23	0.1284104255723	0.860196103374567	0.0113934710531343	ok	
block1671__QTD000356__ENSG00000167994__ENSG00000167994	block1671	RAB3IL1	ENSG00000167994	GTEx_blood_eQTL	eQTL	deLange_IBD	1e-05	1487	1.80584644254049e-23	3.78800768875536e-23	0.321883001812019	0.675190299602676	0.00292669858530309	ok	
block1671__QTD000356__ENSG00000167994__ENSG00000167994	block1671	RAB3IL1	ENSG00000167994	GTEx_blood_eQTL	eQTL	deLange_IBD	1e-06	1487	1.81061565619204e-23	3.798011760838e-23	0.32273309004227	0.676973467162445	0.000293442795282748	ok	
block1671__QTD000356__ENSG00000167994__ENSG00000167994	block1671	RAB3IL1	ENSG00000167994	GTEx_blood_eQTL	eQTL	FinnGen_IBD	1e-05	1487	2.61785736835353e-25	5.5838282135398e-23	0.00466619845514607	0.995289114255992	4.46872888627581e-05	ok	
block1671__QTD000356__ENSG00000167994__ENSG00000167994	block1671	RAB3IL1	ENSG00000167994	GTEx_blood_eQTL	eQTL	FinnGen_IBD	1e-06	1487	2.61796265904175e-25	5.58405279610208e-23	0.00466638613047653	0.995329144960904	4.46890861934515e-06	ok	
block1671__QTD000360__ENSG00000167994__11:61908306:61917357:clu_26097_-	block1671	RAB3IL1	ENSG00000167994	GTEx_blood_sQTL	sQTL	Howard_DEP	1e-05	1493	2.28593864758125e-09	4.82411194160916e-08	0.0452350335632968	0.954613682443514	0.00015123346613082	ok	
block1671__QTD000360__ENSG00000167994__11:61908306:61917357:clu_26097_-	block1671	RAB3IL1	ENSG00000167994	GTEx_blood_sQTL	sQTL	Howard_DEP	1e-06	1493	2.28624982931877e-09	4.8247686414456e-08	0.0452411913472582	0.954743632713473	1.51254053338097e-05	ok	
block1671__QTD000360__ENSG00000167994__11:61908306:61917357:clu_26097_-	block1671	RAB3IL1	ENSG00000167994	GTEx_blood_sQTL	sQTL	FinnGen_DEP	1e-05	1493	5.87902614454929e-09	3.93887331803273e-08	0.11633643153528	0.77933508009619	0.104328443100771	ok	
block1671__QTD000360__ENSG00000167994__11:61908306:61917357:clu_26097_-	block1671	RAB3IL1	ENSG00000167994	GTEx_blood_sQTL	sQTL	FinnGen_DEP	1e-06	1493	6.48824366894479e-09	4.34704137048205e-08	0.128391862328463	0.860094133806295	0.0115139539065843	ok	
block1671__QTD000360__ENSG00000167994__11:61908306:61917357:clu_26097_-	block1671	RAB3IL1	ENSG00000167994	GTEx_blood_sQTL	sQTL	deLange_IBD	1e-05	1493	1.62620623942601e-08	3.41252063002503e-08	0.321799948126839	0.675279793078582	0.00292020840731074	ok	
block1671__QTD000360__ENSG00000167994__11:61908306:61917357:clu_26097_-	block1671	RAB3IL1	ENSG00000167994	GTEx_blood_sQTL	sQTL	deLange_IBD	1e-06	1493	1.63049147685289e-08	3.42151300797148e-08	0.32264792739801	0.677059231733262	0.000292790348685103	ok	
block1671__QTD000360__ENSG00000167994__11:61908306:61917357:clu_26097_-	block1671	RAB3IL1	ENSG00000167994	GTEx_blood_sQTL	sQTL	FinnGen_IBD	1e-05	1493	2.35804796554029e-10	5.02966475824852e-08	0.00466619604939714	0.995289371597204	4.43818209475524e-05	ok	
block1671__QTD000360__ENSG00000167994__11:61908306:61917357:clu_26097_-	block1671	RAB3IL1	ENSG00000167994	GTEx_blood_sQTL	sQTL	FinnGen_IBD	1e-06	1493	2.35814215831902e-10	5.02986566938628e-08	0.00466638244169213	0.995329128664457	4.43835937897937e-06	ok	
block1671__QTD000021__ENSG00000134780__ENSG00000134780	block1671	DAGLA	ENSG00000134780	BLUEPRINT_monocyte_eQTL	eQTL	Howard_DEP	1e-05	1707	7.48721776567689e-08	1.58045161095871e-06	0.044940343434874	0.948624157673137	0.00643384356820097	ok	
block1671__QTD000021__ENSG00000134780__ENSG00000134780	block1671	DAGLA	ENSG00000134780	BLUEPRINT_monocyte_eQTL	eQTL	Howard_DEP	1e-06	1707	7.53082469892406e-08	1.58965645180298e-06	0.0452020842600511	0.954149119229609	0.00064713154563952	ok	
block1671__QTD000021__ENSG00000134780__ENSG00000134780	block1671	DAGLA	ENSG00000134780	BLUEPRINT_monocyte_eQTL	eQTL	FinnGen_DEP	1e-05	1707	2.07385575952936e-07	1.43112804815609e-06	0.124478535264314	0.858985942018815	0.0165338842032475	ok	
block1671__QTD000021__ENSG00000134780__ENSG00000134780	block1671	DAGLA	ENSG00000134780	BLUEPRINT_monocyte_eQTL	eQTL	FinnGen_DEP	1e-06	1707	2.10518191006435e-07	1.45274562327692e-06	0.126358817109446	0.871961156328432	0.00167836329830743	ok	
block1671__QTD000021__ENSG00000134780__ENSG00000134780	block1671	DAGLA	ENSG00000134780	BLUEPRINT_monocyte_eQTL	eQTL	deLange_IBD	1e-05	1707	4.50655831804066e-07	1.16637763697027e-06	0.270496043871546	0.70006254658585	0.0294397925091352	ok	
block1671__QTD000021__ENSG00000134780__ENSG00000134780	block1671	DAGLA	ENSG00000134780	BLUEPRINT_monocyte_eQTL	eQTL	deLange_IBD	1e-06	1707	4.62921308343179e-07	1.19812287697911e-06	0.277858120751252	0.719116112822165	0.00302410538239875	ok	
block1671__QTD000021__ENSG00000134780__ENSG00000134780	block1671	DAGLA	ENSG00000134780	BLUEPRINT_monocyte_eQTL	eQTL	FinnGen_IBD	1e-05	1707	7.64578016935067e-09	1.65832611883628e-06	0.00458920786588213	0.995372980105274	3.61460569434019e-05	ok	
block1671__QTD000021__ENSG00000134780__ENSG00000134780	block1671	DAGLA	ENSG00000134780	BLUEPRINT_monocyte_eQTL	eQTL	FinnGen_IBD	1e-06	1707	7.64602890576727e-09	1.65838006834662e-06	0.00458935716433099	0.995405362086285	3.61472328653457e-06	ok	
block1671__QTD000021__ENSG00000134824__ENSG00000134824	block1671	FADS2	ENSG00000134824	BLUEPRINT_monocyte_eQTL	eQTL	Howard_DEP	1e-05	1644	1.07166606360166e-64	2.26206800719908e-63	0.0449788126605274	0.949405180666634	0.00561600667285166	ok	
block1671__QTD000021__ENSG00000134824__ENSG00000134824	block1671	FADS2	ENSG00000134824	BLUEPRINT_monocyte_eQTL	eQTL	Howard_DEP	1e-06	1644	1.07711021594579e-64	2.27355949998984e-63	0.045207308753386	0.954228237601446	0.000564453645179228	ok	
block1671__QTD000021__ENSG00000134824__ENSG00000134824	block1671	FADS2	ENSG00000134824	BLUEPRINT_monocyte_eQTL	eQTL	FinnGen_DEP	1e-05	1644	3.01092354356214e-64	2.07747841467949e-63	0.126371236899961	0.871935149343784	0.00169361375624449	ok	
block1671__QTD000021__ENSG00000134824__ENSG00000134824	block1671	FADS2	ENSG00000134824	BLUEPRINT_monocyte_eQTL	eQTL	FinnGen_DEP	1e-06	1644	3.01551995703553e-64	2.08064985016689e-63	0.126564152610882	0.873266227469939	0.000169619919190081	ok	
block1671__QTD000021__ENSG00000134824__ENSG00000134824	block1671	FADS2	ENSG00000134824	BLUEPRINT_monocyte_eQTL	eQTL	deLange_IBD	1e-05	1644	6.62946961271823e-64	1.7100552048845e-63	0.278244951367565	0.717721901377137	0.00403314725528455	ok	
block1671__QTD000021__ENSG00000134824__ENSG00000134824	block1671	FADS2	ENSG00000134824	BLUEPRINT_monocyte_eQTL	eQTL	deLange_IBD	1e-06	1644	6.65362114318446e-64	1.71628503212445e-63	0.279258613366579	0.720336602609667	0.000404784023745377	ok	
block1671__QTD000021__ENSG00000134824__ENSG00000134824	block1671	FADS2	ENSG00000134824	BLUEPRINT_monocyte_eQTL	eQTL	FinnGen_IBD	1e-05	1644	1.09346090841623e-65	2.3715459503299e-63	0.00458935623901079	0.995359647688661	5.09960723276215e-05	ok	
block1671__QTD000021__ENSG00000134824__ENSG00000134824	block1671	FADS2	ENSG00000134824	BLUEPRINT_monocyte_eQTL	eQTL	FinnGen_IBD	1e-06	1644	1.09351109671011e-65	2.37165480090167e-63	0.00458956688390704	0.995405333274787	5.09984129745025e-06	ok	
block1671__QTD000021__ENSG00000134825__ENSG00000134825	block1671	TMEM258	ENSG00000134825	BLUEPRINT_monocyte_eQTL	eQTL	Howard_DEP	1e-05	1644	0.0241194557014447	0.509112408672617	0.0193295305063319	0.407967407415232	0.0394711977043739	ok	
block1671__QTD000021__ENSG00000134825__ENSG00000134825	block1671	TMEM258	ENSG00000134825	BLUEPRINT_monocyte_eQTL	eQTL	Howard_DEP	1e-06	1644	0.0250078360170744	0.52786430124872	0.020041485810164	0.422993874788808	0.00409250213523425	ok	
block1671__QTD000021__ENSG00000134825__ENSG00000134825	block1671	TMEM258	ENSG00000134825	BLUEPRINT_monocyte_eQTL	eQTL	FinnGen_DEP	1e-05	1644	0.0222309477576054	0.153389195826783	0.0178160646817401	0.12224304447923	0.684320747254641	ok	
block1671__QTD000021__ENSG00000134825__ENSG00000134825	block1671	TMEM258	ENSG00000134825	BLUEPRINT_monocyte_eQTL	eQTL	FinnGen_DEP	1e-06	1644	0.0578763138905192	0.399335257402516	0.0463825547636144	0.31824899641502	0.178156877528331	ok	
block1671__QTD000021__ENSG00000134825__ENSG00000134825	block1671	TMEM258	ENSG00000134825	BLUEPRINT_monocyte_eQTL	eQTL	deLange_IBD	1e-05	1644	0.107925336360528	0.278390721978974	0.0864922536979967	0.222800226643725	0.304391461318776	ok	
block1671__QTD000021__ENSG00000134825__ENSG00000134825	block1671	TMEM258	ENSG00000134825	BLUEPRINT_monocyte_eQTL	eQTL	deLange_IBD	1e-06	1644	0.148647724685342	0.383433110251756	0.119127511191309	0.306867209005808	0.0419244448657849	ok	
block1671__QTD000021__ENSG00000134825__ENSG00000134825	block1671	TMEM258	ENSG00000134825	BLUEPRINT_monocyte_eQTL	eQTL	FinnGen_IBD	1e-05	1644	0.000872485417789665	0.18922846197382	0.000699217001753687	0.15099103958109	0.658208796025547	ok	
block1671__QTD000021__ENSG00000134825__ENSG00000134825	block1671	TMEM258	ENSG00000134825	BLUEPRINT_monocyte_eQTL	eQTL	FinnGen_IBD	1e-06	1644	0.00214047976726586	0.464236634775991	0.00171539811974585	0.370428271546969	0.161479215790028	ok	
block1671__QTD000031__ENSG00000134824__ENSG00000134824	block1671	FADS2	ENSG00000134824	BLUEPRINT_CD4_T_eQTL	eQTL	Howard_DEP	1e-05	1658	1.01308369897288e-62	2.13842962086687e-61	0.0449784740954659	0.949405586754706	0.00561593914983916	ok	
block1671__QTD000031__ENSG00000134824__ENSG00000134824	block1671	FADS2	ENSG00000134824	BLUEPRINT_CD4_T_eQTL	eQTL	Howard_DEP	1e-06	1658	1.01823018586075e-62	2.14929288913936e-61	0.0452069657071693	0.954228587468723	0.000564446824099627	ok	
block1671__QTD000031__ENSG00000134824__ENSG00000134824	block1671	FADS2	ENSG00000134824	BLUEPRINT_CD4_T_eQTL	eQTL	FinnGen_DEP	1e-05	1658	2.84624271192224e-62	1.9639395646018e-61	0.126366315258449	0.871940130414025	0.00169355432753429	ok	
block1671__QTD000031__ENSG00000134824__ENSG00000134824	block1671	FADS2	ENSG00000134824	BLUEPRINT_CD4_T_eQTL	eQTL	FinnGen_DEP	1e-06	1658	2.85058757435256e-62	1.96693756867008e-61	0.126559216676633	0.87327116936522	0.000169613958161	ok	
block1671__QTD000031__ENSG00000134824__ENSG00000134824	block1671	FADS2	ENSG00000134824	BLUEPRINT_CD4_T_eQTL	eQTL	deLange_IBD	1e-05	1658	6.25580175512995e-62	1.61773571484939e-61	0.277742517695978	0.718231634418236	0.00402584788579641	ok	
block1671__QTD000031__ENSG00000134824__ENSG00000134824	block1671	FADS2	ENSG00000134824	BLUEPRINT_CD4_T_eQTL	eQTL	deLange_IBD	1e-06	1658	6.27855059580761e-62	1.62361851188743e-61	0.278752511383725	0.720843439852709	0.000404048763554098	ok	
block1671__QTD000031__ENSG00000134824__ENSG00000134824	block1671	FADS2	ENSG00000134824	BLUEPRINT_CD4_T_eQTL	eQTL	FinnGen_IBD	1e-05	1658	1.03369318814879e-63	2.24192286083075e-61	0.00458934857336547	0.995359655434414	5.09959922153558e-05	ok	
block1671__QTD000031__ENSG00000134824__ENSG00000134824	block1671	FADS2	ENSG00000134824	BLUEPRINT_CD4_T_eQTL	eQTL	FinnGen_IBD	1e-06	1658	1.03374063311514e-63	2.24202576172619e-61	0.00458955921757894	0.995405340949121	5.09983328548825e-06	ok	
block1671__QTD000031__ENSG00000134825__ENSG00000134825	block1671	TMEM258	ENSG00000134825	BLUEPRINT_CD4_T_eQTL	eQTL	Howard_DEP	1e-05	1658	6.76268913555275e-09	1.42747679968027e-07	0.043993297008762	0.92858854470497	0.0274180087758994	ok	
block1671__QTD000031__ENSG00000134825__ENSG00000134825	block1671	TMEM258	ENSG00000134825	BLUEPRINT_CD4_T_eQTL	eQTL	Howard_DEP	1e-06	1658	6.93378874822696e-09	1.46359271786476e-07	0.0451063506960723	0.95208232612063	0.00281116989023895	ok	
block1671__QTD000031__ENSG00000134825__ENSG00000134825	block1671	TMEM258	ENSG00000134825	BLUEPRINT_CD4_T_eQTL	eQTL	FinnGen_DEP	1e-05	1658	7.77865882451162e-10	5.36736229872682e-09	0.00506024809269303	0.0339552979701222	0.960984447791956	ok	
block1671__QTD000031__ENSG00000134825__ENSG00000134825	block1671	TMEM258	ENSG00000134825	BLUEPRINT_CD4_T_eQTL	eQTL	FinnGen_DEP	1e-06	1658	5.75710807019222e-09	3.97246948384905e-08	0.0374516941658601	0.251308515233467	0.711239745118871	ok	
block1671__QTD000031__ENSG00000134825__ENSG00000134825	block1671	TMEM258	ENSG00000134825	BLUEPRINT_CD4_T_eQTL	eQTL	deLange_IBD	1e-05	1658	8.58908741040886e-09	2.22111793270745e-08	0.0558745590557817	0.143689868457922	0.80043554168603	ok	
block1671__QTD000031__ENSG00000134825__ENSG00000134825	block1671	TMEM258	ENSG00000134825	BLUEPRINT_CD4_T_eQTL	eQTL	deLange_IBD	1e-06	1658	3.07183164536252e-08	7.94368485003939e-08	0.19983175217221	0.51389753527495	0.286270602397676	ok	
block1671__QTD000031__ENSG00000134825__ENSG00000134825	block1671	TMEM258	ENSG00000134825	BLUEPRINT_CD4_T_eQTL	eQTL	FinnGen_IBD	1e-05	1658	2.43100654652127e-11	5.27248240963623e-09	0.000158144180351436	0.0333325513216949	0.96650929920116	ok	
block1671__QTD000031__ENSG00000134825__ENSG00000134825	block1671	TMEM258	ENSG00000134825	BLUEPRINT_CD4_T_eQTL	eQTL	FinnGen_IBD	1e-06	1658	1.86796994404589e-10	4.05134189613952e-08	0.00121516980752264	0.256125200964152	0.742659588528107	ok	
block1671__QTD000031__ENSG00000149485__ENSG00000149485	block1671	FADS1	ENSG00000149485	BLUEPRINT_CD4_T_eQTL	eQTL	Howard_DEP	1e-05	1564	2.71144154442373e-29	5.7231295726537e-28	0.0439937825991837	0.928563914291304	0.0274423031095099	ok	
block1671__QTD000031__ENSG00000149485__ENSG00000149485	block1671	FADS1	ENSG00000149485	BLUEPRINT_CD4_T_eQTL	eQTL	Howard_DEP	1e-06	1564	2.78010477453279e-29	5.86805932915139e-28	0.0451078598044209	0.95207841632771	0.00281372386787484	ok	
block1671__QTD000031__ENSG00000149485__ENSG00000149485	block1671	FADS1	ENSG00000149485	BLUEPRINT_CD4_T_eQTL	eQTL	FinnGen_DEP	1e-05	1564	2.60014588075675e-29	1.79380698797536e-28	0.0421879840409715	0.290382011264587	0.667430004694437	ok	
block1671__QTD000031__ENSG00000149485__ENSG00000149485	block1671	FADS1	ENSG00000149485	BLUEPRINT_CD4_T_eQTL	eQTL	FinnGen_DEP	1e-06	1564	6.51154835496977e-29	4.4922329274405e-28	0.105651417527976	0.72720400872755	0.16714457374448	ok	
block1671__QTD000031__ENSG00000149485__ENSG00000149485	block1671	FADS1	ENSG00000149485	BLUEPRINT_CD4_T_eQTL	eQTL	deLange_IBD	1e-05	1564	5.53764123988459e-29	1.20854661828645e-28	0.0898495434359564	0.195374781539359	0.714775675024681	ok	
block1671__QTD000031__ENSG00000149485__ENSG00000149485	block1671	FADS1	ENSG00000149485	BLUEPRINT_CD4_T_eQTL	eQTL	deLange_IBD	1e-06	1564	1.55245636669268e-28	3.38811383895792e-28	0.251889730138039	0.547725665771533	0.200384604090431	ok	
block1671__QTD000031__ENSG00000149485__ENSG00000149485	block1671	FADS1	ENSG00000149485	BLUEPRINT_CD4_T_eQTL	eQTL	FinnGen_IBD	1e-05	1564	1.2026249196386e-30	2.60815992704788e-28	0.00195128747554047	0.422604694423103	0.57544401810135	ok	
block1671__QTD000031__ENSG00000149485__ENSG00000149485	block1671	FADS1	ENSG00000149485	BLUEPRINT_CD4_T_eQTL	eQTL	FinnGen_IBD	1e-06	1564	2.49455291942906e-30	5.40999346854575e-28	0.00404747131817092	0.876590661828609	0.119361866853223	ok	
