locus	variant	variant_pos37	variant_source	gene_id	gene_symbol	gene_type	gene_start37	gene_end37	strand	distance_bp	variant_overlaps_gene
block154	rs12131796	200878727	SuSiE_95pct_CS:deLange_IBD:CS1	ENSG00000163362	C1orf106	protein_coding	200860176	200884863	+	0	True
block154	rs12131796	200878727	SuSiE_95pct_CS:FinnGen_IBD:CS1	ENSG00000163362	C1orf106	protein_coding	200860176	200884863	+	0	True
block154	rs12132298	200875095	SuSiE_95pct_CS:deLange_IBD:CS1	ENSG00000163362	C1orf106	protein_coding	200860176	200884863	+	0	True
block154	rs12132298	200875095	SuSiE_95pct_CS:FinnGen_IBD:CS1	ENSG00000163362	C1orf106	protein_coding	200860176	200884863	+	0	True
block154	rs296520	200880978	SuSiE_95pct_CS:deLange_IBD:CS1	ENSG00000163362	C1orf106	protein_coding	200860176	200884863	+	0	True
block154	rs296520	200880978	SuSiE_95pct_CS:FinnGen_IBD:CS1	ENSG00000163362	C1orf106	protein_coding	200860176	200884863	+	0	True
block154	rs41299637	200877850	SuSiE_95pct_CS:deLange_IBD:CS1	ENSG00000163362	C1orf106	protein_coding	200860176	200884863	+	0	True
block154	rs41299637	200877850	SuSiE_95pct_CS:FinnGen_IBD:CS1	ENSG00000163362	C1orf106	protein_coding	200860176	200884863	+	0	True
block154	rs59655222	200875897	SuSiE_95pct_CS:deLange_IBD:CS1	ENSG00000163362	C1orf106	protein_coding	200860176	200884863	+	0	True
block154	rs59655222	200875897	SuSiE_95pct_CS:FinnGen_IBD:CS1	ENSG00000163362	C1orf106	protein_coding	200860176	200884863	+	0	True
block154	rs7522462	200881595	SuSiE_95pct_CS:FinnGen_IBD:CS1	ENSG00000163362	C1orf106	protein_coding	200860176	200884863	+	0	True
block154	rs7554511	200877562	SuSiE_95pct_CS:deLange_IBD:CS1	ENSG00000163362	C1orf106	protein_coding	200860176	200884863	+	0	True
block154	rs7554511	200877562	SuSiE_95pct_CS:FinnGen_IBD:CS1	ENSG00000163362	C1orf106	protein_coding	200860176	200884863	+	0	True
block154	rs3861929	201025850	PLACO_lead	ENSG00000081248	CACNA1S	protein_coding	201008642	201081694	-	0	True
block154	rs10920052	200820610	SuSiE_95pct_CS:FinnGen_IBD:CS2	ENSG00000118200	CAMSAP2	protein_coding	200708686	200829832	+	0	True
block154	rs12043133	200741713	SuSiE_95pct_CS:FinnGen_IBD:CS2	ENSG00000118200	CAMSAP2	protein_coding	200708686	200829832	+	0	True
block154	rs6427855	200726579	SuSiE_95pct_CS:FinnGen_IBD:CS2	ENSG00000118200	CAMSAP2	protein_coding	200708686	200829832	+	0	True
block154	rs6427859	200780153	SuSiE_95pct_CS:FinnGen_IBD:CS2	ENSG00000118200	CAMSAP2	protein_coding	200708686	200829832	+	0	True
block154	rs6658395	200748760	SuSiE_95pct_CS:FinnGen_IBD:CS2	ENSG00000118200	CAMSAP2	protein_coding	200708686	200829832	+	0	True
block154	rs6659127	200803657	SuSiE_95pct_CS:FinnGen_IBD:CS2	ENSG00000118200	CAMSAP2	protein_coding	200708686	200829832	+	0	True
block154	rs6691977	200814959	SuSiE_95pct_CS:FinnGen_IBD:CS2	ENSG00000118200	CAMSAP2	protein_coding	200708686	200829832	+	0	True
block154	rs7517998	200709796	SuSiE_95pct_CS:FinnGen_IBD:CS2	ENSG00000118200	CAMSAP2	protein_coding	200708686	200829832	+	0	True
block154	rs7528217	200788077	SuSiE_95pct_CS:FinnGen_IBD:CS2	ENSG00000118200	CAMSAP2	protein_coding	200708686	200829832	+	0	True
block154	rs10494828	200957032	SuSiE_95pct_CS:FinnGen_IBD:CS1	ENSG00000116852	KIF21B	protein_coding	200938520	200992828	-	0	True
block154	rs11580823	200983489	SuSiE_95pct_CS:FinnGen_IBD:CS1	ENSG00000116852	KIF21B	protein_coding	200938520	200992828	-	0	True
block154	rs12118735	200950960	SuSiE_95pct_CS:FinnGen_IBD:CS1	ENSG00000116852	KIF21B	protein_coding	200938520	200992828	-	0	True
block154	rs12140420	200962287	SuSiE_95pct_CS:FinnGen_IBD:CS1	ENSG00000116852	KIF21B	protein_coding	200938520	200992828	-	0	True
block154	rs3208703	200939642	SuSiE_95pct_CS:FinnGen_IBD:CS1	ENSG00000116852	KIF21B	protein_coding	200938520	200992828	-	0	True
block154	rs34873729	200946928	SuSiE_95pct_CS:FinnGen_IBD:CS1	ENSG00000116852	KIF21B	protein_coding	200938520	200992828	-	0	True
block154	rs55757739	200966976	SuSiE_95pct_CS:FinnGen_IBD:CS1	ENSG00000116852	KIF21B	protein_coding	200938520	200992828	-	0	True
block154	rs7539693	200955566	SuSiE_95pct_CS:FinnGen_IBD:CS1	ENSG00000116852	KIF21B	protein_coding	200938520	200992828	-	0	True
block154	rs11579874	200920362	SuSiE_95pct_CS:FinnGen_IBD:CS1	ENSG00000233217	MROH3P	pseudogene	200890122	200935658	+	0	True
block154	rs11583546	200902607	SuSiE_95pct_CS:FinnGen_IBD:CS1	ENSG00000233217	MROH3P	pseudogene	200890122	200935658	+	0	True
block154	rs169850	200929144	PLACO_lead	ENSG00000233217	MROH3P	pseudogene	200890122	200935658	+	0	True
block154	rs6427868	200929482	SuSiE_95pct_CS:FinnGen_IBD:CS1	ENSG00000233217	MROH3P	pseudogene	200890122	200935658	+	0	True
block154	rs11583546	200902607	SuSiE_95pct_CS:FinnGen_IBD:CS1	ENSG00000201032	RNU6-704P	snRNA	200902473	200902575	-	32	False
block154	rs7511678	200832857	SuSiE_95pct_CS:FinnGen_IBD:CS2	ENSG00000231333	RPL34P6	pseudogene	200832936	200833280	+	79	False
block154	rs7533782	200832584	SuSiE_95pct_CS:FinnGen_IBD:CS2	ENSG00000231333	RPL34P6	pseudogene	200832936	200833280	+	352	False
block154	rs7533782	200832584	SuSiE_95pct_CS:FinnGen_IBD:CS2	ENSG00000118200	CAMSAP2	protein_coding	200708686	200829832	+	2752	False
block154	rs7511678	200832857	SuSiE_95pct_CS:FinnGen_IBD:CS2	ENSG00000118200	CAMSAP2	protein_coding	200708686	200829832	+	3025	False
block154	rs3208703	200939642	SuSiE_95pct_CS:FinnGen_IBD:CS1	ENSG00000233217	MROH3P	pseudogene	200890122	200935658	+	3984	False
block154	rs7522462	200881595	SuSiE_95pct_CS:FinnGen_IBD:CS1	ENSG00000233217	MROH3P	pseudogene	200890122	200935658	+	8527	False
block154	rs6427868	200929482	SuSiE_95pct_CS:FinnGen_IBD:CS1	ENSG00000116852	KIF21B	protein_coding	200938520	200992828	-	9038	False
block154	rs296520	200880978	SuSiE_95pct_CS:deLange_IBD:CS1	ENSG00000233217	MROH3P	pseudogene	200890122	200935658	+	9144	False
block154	rs296520	200880978	SuSiE_95pct_CS:FinnGen_IBD:CS1	ENSG00000233217	MROH3P	pseudogene	200890122	200935658	+	9144	False
block154	rs7511678	200832857	SuSiE_95pct_CS:FinnGen_IBD:CS2	ENSG00000170128	GPR25	protein_coding	200842083	200843306	+	9226	False
block154	rs169850	200929144	PLACO_lead	ENSG00000116852	KIF21B	protein_coding	200938520	200992828	-	9376	False
block154	rs7533782	200832584	SuSiE_95pct_CS:FinnGen_IBD:CS2	ENSG00000170128	GPR25	protein_coding	200842083	200843306	+	9499	False
block154	rs11580823	200983489	SuSiE_95pct_CS:FinnGen_IBD:CS1	ENSG00000229191	RP11-168O16.1	lincRNA	200993077	200997920	+	9588	False
block154	rs34873729	200946928	SuSiE_95pct_CS:FinnGen_IBD:CS1	ENSG00000233217	MROH3P	pseudogene	200890122	200935658	+	11270	False
block154	rs12131796	200878727	SuSiE_95pct_CS:deLange_IBD:CS1	ENSG00000233217	MROH3P	pseudogene	200890122	200935658	+	11395	False
block154	rs12131796	200878727	SuSiE_95pct_CS:FinnGen_IBD:CS1	ENSG00000233217	MROH3P	pseudogene	200890122	200935658	+	11395	False
block154	rs41299637	200877850	SuSiE_95pct_CS:deLange_IBD:CS1	ENSG00000233217	MROH3P	pseudogene	200890122	200935658	+	12272	False
block154	rs41299637	200877850	SuSiE_95pct_CS:FinnGen_IBD:CS1	ENSG00000233217	MROH3P	pseudogene	200890122	200935658	+	12272	False
block154	rs10920052	200820610	SuSiE_95pct_CS:FinnGen_IBD:CS2	ENSG00000231333	RPL34P6	pseudogene	200832936	200833280	+	12326	False
block154	rs7554511	200877562	SuSiE_95pct_CS:deLange_IBD:CS1	ENSG00000233217	MROH3P	pseudogene	200890122	200935658	+	12560	False
block154	rs7554511	200877562	SuSiE_95pct_CS:FinnGen_IBD:CS1	ENSG00000233217	MROH3P	pseudogene	200890122	200935658	+	12560	False
block154	rs3861929	201025850	PLACO_lead	ENSG00000234132	RP11-168O16.2	antisense	201004224	201012201	+	13649	False
block154	rs59655222	200875897	SuSiE_95pct_CS:deLange_IBD:CS1	ENSG00000233217	MROH3P	pseudogene	200890122	200935658	+	14225	False
block154	rs59655222	200875897	SuSiE_95pct_CS:FinnGen_IBD:CS1	ENSG00000233217	MROH3P	pseudogene	200890122	200935658	+	14225	False
block154	rs12132298	200875095	SuSiE_95pct_CS:deLange_IBD:CS1	ENSG00000233217	MROH3P	pseudogene	200890122	200935658	+	15027	False
block154	rs12132298	200875095	SuSiE_95pct_CS:FinnGen_IBD:CS1	ENSG00000233217	MROH3P	pseudogene	200890122	200935658	+	15027	False
block154	rs12118735	200950960	SuSiE_95pct_CS:FinnGen_IBD:CS1	ENSG00000233217	MROH3P	pseudogene	200890122	200935658	+	15302	False
block154	rs11583546	200902607	SuSiE_95pct_CS:FinnGen_IBD:CS1	ENSG00000163362	C1orf106	protein_coding	200860176	200884863	+	17744	False
block154	rs11579874	200920362	SuSiE_95pct_CS:FinnGen_IBD:CS1	ENSG00000201032	RNU6-704P	snRNA	200902473	200902575	-	17787	False
block154	rs6691977	200814959	SuSiE_95pct_CS:FinnGen_IBD:CS2	ENSG00000231333	RPL34P6	pseudogene	200832936	200833280	+	17977	False
block154	rs11579874	200920362	SuSiE_95pct_CS:FinnGen_IBD:CS1	ENSG00000116852	KIF21B	protein_coding	200938520	200992828	-	18158	False
block154	rs7539693	200955566	SuSiE_95pct_CS:FinnGen_IBD:CS1	ENSG00000233217	MROH3P	pseudogene	200890122	200935658	+	19908	False
block154	rs11580823	200983489	SuSiE_95pct_CS:FinnGen_IBD:CS1	ENSG00000234132	RP11-168O16.2	antisense	201004224	201012201	+	20735	False
block154	rs7522462	200881595	SuSiE_95pct_CS:FinnGen_IBD:CS1	ENSG00000201032	RNU6-704P	snRNA	200902473	200902575	-	20878	False
block154	rs10494828	200957032	SuSiE_95pct_CS:FinnGen_IBD:CS1	ENSG00000233217	MROH3P	pseudogene	200890122	200935658	+	21374	False
block154	rs10920052	200820610	SuSiE_95pct_CS:FinnGen_IBD:CS2	ENSG00000170128	GPR25	protein_coding	200842083	200843306	+	21473	False
block154	rs296520	200880978	SuSiE_95pct_CS:deLange_IBD:CS1	ENSG00000201032	RNU6-704P	snRNA	200902473	200902575	-	21495	False
block154	rs296520	200880978	SuSiE_95pct_CS:FinnGen_IBD:CS1	ENSG00000201032	RNU6-704P	snRNA	200902473	200902575	-	21495	False
block154	rs12131796	200878727	SuSiE_95pct_CS:deLange_IBD:CS1	ENSG00000201032	RNU6-704P	snRNA	200902473	200902575	-	23746	False
block154	rs12131796	200878727	SuSiE_95pct_CS:FinnGen_IBD:CS1	ENSG00000201032	RNU6-704P	snRNA	200902473	200902575	-	23746	False
block154	rs41299637	200877850	SuSiE_95pct_CS:deLange_IBD:CS1	ENSG00000201032	RNU6-704P	snRNA	200902473	200902575	-	24623	False
block154	rs41299637	200877850	SuSiE_95pct_CS:FinnGen_IBD:CS1	ENSG00000201032	RNU6-704P	snRNA	200902473	200902575	-	24623	False
block154	rs7554511	200877562	SuSiE_95pct_CS:deLange_IBD:CS1	ENSG00000201032	RNU6-704P	snRNA	200902473	200902575	-	24911	False
block154	rs7554511	200877562	SuSiE_95pct_CS:FinnGen_IBD:CS1	ENSG00000201032	RNU6-704P	snRNA	200902473	200902575	-	24911	False
block154	rs11580823	200983489	SuSiE_95pct_CS:FinnGen_IBD:CS1	ENSG00000081248	CACNA1S	protein_coding	201008642	201081694	-	25153	False
block154	rs55757739	200966976	SuSiE_95pct_CS:FinnGen_IBD:CS1	ENSG00000229191	RP11-168O16.1	lincRNA	200993077	200997920	+	26101	False
block154	rs169850	200929144	PLACO_lead	ENSG00000201032	RNU6-704P	snRNA	200902473	200902575	-	26569	False
block154	rs59655222	200875897	SuSiE_95pct_CS:deLange_IBD:CS1	ENSG00000201032	RNU6-704P	snRNA	200902473	200902575	-	26576	False
block154	rs59655222	200875897	SuSiE_95pct_CS:FinnGen_IBD:CS1	ENSG00000201032	RNU6-704P	snRNA	200902473	200902575	-	26576	False
block154	rs12140420	200962287	SuSiE_95pct_CS:FinnGen_IBD:CS1	ENSG00000233217	MROH3P	pseudogene	200890122	200935658	+	26629	False
block154	rs6427868	200929482	SuSiE_95pct_CS:FinnGen_IBD:CS1	ENSG00000201032	RNU6-704P	snRNA	200902473	200902575	-	26907	False
block154	rs6691977	200814959	SuSiE_95pct_CS:FinnGen_IBD:CS2	ENSG00000170128	GPR25	protein_coding	200842083	200843306	+	27124	False
block154	rs7511678	200832857	SuSiE_95pct_CS:FinnGen_IBD:CS2	ENSG00000163362	C1orf106	protein_coding	200860176	200884863	+	27319	False
block154	rs12132298	200875095	SuSiE_95pct_CS:deLange_IBD:CS1	ENSG00000201032	RNU6-704P	snRNA	200902473	200902575	-	27378	False
block154	rs12132298	200875095	SuSiE_95pct_CS:FinnGen_IBD:CS1	ENSG00000201032	RNU6-704P	snRNA	200902473	200902575	-	27378	False
block154	rs7533782	200832584	SuSiE_95pct_CS:FinnGen_IBD:CS2	ENSG00000163362	C1orf106	protein_coding	200860176	200884863	+	27592	False
block154	rs3861929	201025850	PLACO_lead	ENSG00000229191	RP11-168O16.1	lincRNA	200993077	200997920	+	27930	False
block154	rs6659127	200803657	SuSiE_95pct_CS:FinnGen_IBD:CS2	ENSG00000231333	RPL34P6	pseudogene	200832936	200833280	+	29279	False
block154	rs12140420	200962287	SuSiE_95pct_CS:FinnGen_IBD:CS1	ENSG00000229191	RP11-168O16.1	lincRNA	200993077	200997920	+	30790	False
block154	rs55757739	200966976	SuSiE_95pct_CS:FinnGen_IBD:CS1	ENSG00000233217	MROH3P	pseudogene	200890122	200935658	+	31318	False
block154	rs12132298	200875095	SuSiE_95pct_CS:deLange_IBD:CS1	ENSG00000170128	GPR25	protein_coding	200842083	200843306	+	31789	False
block154	rs12132298	200875095	SuSiE_95pct_CS:FinnGen_IBD:CS1	ENSG00000170128	GPR25	protein_coding	200842083	200843306	+	31789	False
block154	rs59655222	200875897	SuSiE_95pct_CS:deLange_IBD:CS1	ENSG00000170128	GPR25	protein_coding	200842083	200843306	+	32591	False
block154	rs59655222	200875897	SuSiE_95pct_CS:FinnGen_IBD:CS1	ENSG00000170128	GPR25	protein_coding	200842083	200843306	+	32591	False
block154	rs3861929	201025850	PLACO_lead	ENSG00000116852	KIF21B	protein_coding	200938520	200992828	-	33022	False
block154	rs7554511	200877562	SuSiE_95pct_CS:deLange_IBD:CS1	ENSG00000170128	GPR25	protein_coding	200842083	200843306	+	34256	False
block154	rs7554511	200877562	SuSiE_95pct_CS:FinnGen_IBD:CS1	ENSG00000170128	GPR25	protein_coding	200842083	200843306	+	34256	False
block154	rs41299637	200877850	SuSiE_95pct_CS:deLange_IBD:CS1	ENSG00000170128	GPR25	protein_coding	200842083	200843306	+	34544	False
block154	rs41299637	200877850	SuSiE_95pct_CS:FinnGen_IBD:CS1	ENSG00000170128	GPR25	protein_coding	200842083	200843306	+	34544	False
block154	rs12131796	200878727	SuSiE_95pct_CS:deLange_IBD:CS1	ENSG00000170128	GPR25	protein_coding	200842083	200843306	+	35421	False
block154	rs12131796	200878727	SuSiE_95pct_CS:FinnGen_IBD:CS1	ENSG00000170128	GPR25	protein_coding	200842083	200843306	+	35421	False
block154	rs11579874	200920362	SuSiE_95pct_CS:FinnGen_IBD:CS1	ENSG00000163362	C1orf106	protein_coding	200860176	200884863	+	35499	False
block154	rs11583546	200902607	SuSiE_95pct_CS:FinnGen_IBD:CS1	ENSG00000116852	KIF21B	protein_coding	200938520	200992828	-	35913	False
block154	rs10494828	200957032	SuSiE_95pct_CS:FinnGen_IBD:CS1	ENSG00000229191	RP11-168O16.1	lincRNA	200993077	200997920	+	36045	False
block154	rs3208703	200939642	SuSiE_95pct_CS:FinnGen_IBD:CS1	ENSG00000201032	RNU6-704P	snRNA	200902473	200902575	-	37067	False
block154	rs55757739	200966976	SuSiE_95pct_CS:FinnGen_IBD:CS1	ENSG00000234132	RP11-168O16.2	antisense	201004224	201012201	+	37248	False
block154	rs7539693	200955566	SuSiE_95pct_CS:FinnGen_IBD:CS1	ENSG00000229191	RP11-168O16.1	lincRNA	200993077	200997920	+	37511	False
block154	rs296520	200880978	SuSiE_95pct_CS:deLange_IBD:CS1	ENSG00000170128	GPR25	protein_coding	200842083	200843306	+	37672	False
block154	rs296520	200880978	SuSiE_95pct_CS:FinnGen_IBD:CS1	ENSG00000170128	GPR25	protein_coding	200842083	200843306	+	37672	False
block154	rs7522462	200881595	SuSiE_95pct_CS:FinnGen_IBD:CS1	ENSG00000170128	GPR25	protein_coding	200842083	200843306	+	38289	False
block154	rs6659127	200803657	SuSiE_95pct_CS:FinnGen_IBD:CS2	ENSG00000170128	GPR25	protein_coding	200842083	200843306	+	38426	False
block154	rs10920052	200820610	SuSiE_95pct_CS:FinnGen_IBD:CS2	ENSG00000163362	C1orf106	protein_coding	200860176	200884863	+	39566	False
block154	rs55757739	200966976	SuSiE_95pct_CS:FinnGen_IBD:CS1	ENSG00000081248	CACNA1S	protein_coding	201008642	201081694	-	41666	False
block154	rs12132298	200875095	SuSiE_95pct_CS:deLange_IBD:CS1	ENSG00000231333	RPL34P6	pseudogene	200832936	200833280	+	41815	False
block154	rs12132298	200875095	SuSiE_95pct_CS:FinnGen_IBD:CS1	ENSG00000231333	RPL34P6	pseudogene	200832936	200833280	+	41815	False
block154	rs12140420	200962287	SuSiE_95pct_CS:FinnGen_IBD:CS1	ENSG00000234132	RP11-168O16.2	antisense	201004224	201012201	+	41937	False
block154	rs12118735	200950960	SuSiE_95pct_CS:FinnGen_IBD:CS1	ENSG00000229191	RP11-168O16.1	lincRNA	200993077	200997920	+	42117	False
block154	rs59655222	200875897	SuSiE_95pct_CS:deLange_IBD:CS1	ENSG00000231333	RPL34P6	pseudogene	200832936	200833280	+	42617	False
block154	rs59655222	200875897	SuSiE_95pct_CS:FinnGen_IBD:CS1	ENSG00000231333	RPL34P6	pseudogene	200832936	200833280	+	42617	False
block154	rs169850	200929144	PLACO_lead	ENSG00000163362	C1orf106	protein_coding	200860176	200884863	+	44281	False
block154	rs7554511	200877562	SuSiE_95pct_CS:deLange_IBD:CS1	ENSG00000231333	RPL34P6	pseudogene	200832936	200833280	+	44282	False
block154	rs7554511	200877562	SuSiE_95pct_CS:FinnGen_IBD:CS1	ENSG00000231333	RPL34P6	pseudogene	200832936	200833280	+	44282	False
block154	rs34873729	200946928	SuSiE_95pct_CS:FinnGen_IBD:CS1	ENSG00000201032	RNU6-704P	snRNA	200902473	200902575	-	44353	False
block154	rs41299637	200877850	SuSiE_95pct_CS:deLange_IBD:CS1	ENSG00000231333	RPL34P6	pseudogene	200832936	200833280	+	44570	False
block154	rs41299637	200877850	SuSiE_95pct_CS:FinnGen_IBD:CS1	ENSG00000231333	RPL34P6	pseudogene	200832936	200833280	+	44570	False
block154	rs6427868	200929482	SuSiE_95pct_CS:FinnGen_IBD:CS1	ENSG00000163362	C1orf106	protein_coding	200860176	200884863	+	44619	False
block154	rs7528217	200788077	SuSiE_95pct_CS:FinnGen_IBD:CS2	ENSG00000231333	RPL34P6	pseudogene	200832936	200833280	+	44859	False
block154	rs6691977	200814959	SuSiE_95pct_CS:FinnGen_IBD:CS2	ENSG00000163362	C1orf106	protein_coding	200860176	200884863	+	45217	False
block154	rs12132298	200875095	SuSiE_95pct_CS:deLange_IBD:CS1	ENSG00000118200	CAMSAP2	protein_coding	200708686	200829832	+	45263	False
block154	rs12132298	200875095	SuSiE_95pct_CS:FinnGen_IBD:CS1	ENSG00000118200	CAMSAP2	protein_coding	200708686	200829832	+	45263	False
block154	rs12131796	200878727	SuSiE_95pct_CS:deLange_IBD:CS1	ENSG00000231333	RPL34P6	pseudogene	200832936	200833280	+	45447	False
block154	rs12131796	200878727	SuSiE_95pct_CS:FinnGen_IBD:CS1	ENSG00000231333	RPL34P6	pseudogene	200832936	200833280	+	45447	False
block154	rs59655222	200875897	SuSiE_95pct_CS:deLange_IBD:CS1	ENSG00000118200	CAMSAP2	protein_coding	200708686	200829832	+	46065	False
block154	rs59655222	200875897	SuSiE_95pct_CS:FinnGen_IBD:CS1	ENSG00000118200	CAMSAP2	protein_coding	200708686	200829832	+	46065	False
block154	rs34873729	200946928	SuSiE_95pct_CS:FinnGen_IBD:CS1	ENSG00000229191	RP11-168O16.1	lincRNA	200993077	200997920	+	46149	False
block154	rs12140420	200962287	SuSiE_95pct_CS:FinnGen_IBD:CS1	ENSG00000081248	CACNA1S	protein_coding	201008642	201081694	-	46355	False
block154	rs7517998	200709796	SuSiE_95pct_CS:FinnGen_IBD:CS2	ENSG00000260088	RP11-92G12.3	lincRNA	200638635	200663378	+	46418	False
block154	rs10494828	200957032	SuSiE_95pct_CS:FinnGen_IBD:CS1	ENSG00000234132	RP11-168O16.2	antisense	201004224	201012201	+	47192	False
block154	rs296520	200880978	SuSiE_95pct_CS:deLange_IBD:CS1	ENSG00000231333	RPL34P6	pseudogene	200832936	200833280	+	47698	False
block154	rs296520	200880978	SuSiE_95pct_CS:FinnGen_IBD:CS1	ENSG00000231333	RPL34P6	pseudogene	200832936	200833280	+	47698	False
block154	rs7554511	200877562	SuSiE_95pct_CS:deLange_IBD:CS1	ENSG00000118200	CAMSAP2	protein_coding	200708686	200829832	+	47730	False
block154	rs7554511	200877562	SuSiE_95pct_CS:FinnGen_IBD:CS1	ENSG00000118200	CAMSAP2	protein_coding	200708686	200829832	+	47730	False
block154	rs11580823	200983489	SuSiE_95pct_CS:FinnGen_IBD:CS1	ENSG00000233217	MROH3P	pseudogene	200890122	200935658	+	47831	False
block154	rs41299637	200877850	SuSiE_95pct_CS:deLange_IBD:CS1	ENSG00000118200	CAMSAP2	protein_coding	200708686	200829832	+	48018	False
block154	rs41299637	200877850	SuSiE_95pct_CS:FinnGen_IBD:CS1	ENSG00000118200	CAMSAP2	protein_coding	200708686	200829832	+	48018	False
block154	rs7522462	200881595	SuSiE_95pct_CS:FinnGen_IBD:CS1	ENSG00000231333	RPL34P6	pseudogene	200832936	200833280	+	48315	False
block154	rs12118735	200950960	SuSiE_95pct_CS:FinnGen_IBD:CS1	ENSG00000201032	RNU6-704P	snRNA	200902473	200902575	-	48385	False
block154	rs7539693	200955566	SuSiE_95pct_CS:FinnGen_IBD:CS1	ENSG00000234132	RP11-168O16.2	antisense	201004224	201012201	+	48658	False
block154	rs12131796	200878727	SuSiE_95pct_CS:deLange_IBD:CS1	ENSG00000118200	CAMSAP2	protein_coding	200708686	200829832	+	48895	False
block154	rs12131796	200878727	SuSiE_95pct_CS:FinnGen_IBD:CS1	ENSG00000118200	CAMSAP2	protein_coding	200708686	200829832	+	48895	False
block154	rs296520	200880978	SuSiE_95pct_CS:deLange_IBD:CS1	ENSG00000118200	CAMSAP2	protein_coding	200708686	200829832	+	51146	False
block154	rs296520	200880978	SuSiE_95pct_CS:FinnGen_IBD:CS1	ENSG00000118200	CAMSAP2	protein_coding	200708686	200829832	+	51146	False
block154	rs10494828	200957032	SuSiE_95pct_CS:FinnGen_IBD:CS1	ENSG00000081248	CACNA1S	protein_coding	201008642	201081694	-	51610	False
block154	rs7522462	200881595	SuSiE_95pct_CS:FinnGen_IBD:CS1	ENSG00000118200	CAMSAP2	protein_coding	200708686	200829832	+	51763	False
block154	rs6427859	200780153	SuSiE_95pct_CS:FinnGen_IBD:CS2	ENSG00000231333	RPL34P6	pseudogene	200832936	200833280	+	52783	False
block154	rs7539693	200955566	SuSiE_95pct_CS:FinnGen_IBD:CS1	ENSG00000201032	RNU6-704P	snRNA	200902473	200902575	-	52991	False
block154	rs7539693	200955566	SuSiE_95pct_CS:FinnGen_IBD:CS1	ENSG00000081248	CACNA1S	protein_coding	201008642	201081694	-	53076	False
block154	rs12118735	200950960	SuSiE_95pct_CS:FinnGen_IBD:CS1	ENSG00000234132	RP11-168O16.2	antisense	201004224	201012201	+	53264	False
block154	rs3208703	200939642	SuSiE_95pct_CS:FinnGen_IBD:CS1	ENSG00000229191	RP11-168O16.1	lincRNA	200993077	200997920	+	53435	False
block154	rs7528217	200788077	SuSiE_95pct_CS:FinnGen_IBD:CS2	ENSG00000170128	GPR25	protein_coding	200842083	200843306	+	54006	False
block154	rs10494828	200957032	SuSiE_95pct_CS:FinnGen_IBD:CS1	ENSG00000201032	RNU6-704P	snRNA	200902473	200902575	-	54457	False
block154	rs3208703	200939642	SuSiE_95pct_CS:FinnGen_IBD:CS1	ENSG00000163362	C1orf106	protein_coding	200860176	200884863	+	54779	False
block154	rs6659127	200803657	SuSiE_95pct_CS:FinnGen_IBD:CS2	ENSG00000163362	C1orf106	protein_coding	200860176	200884863	+	56519	False
block154	rs7522462	200881595	SuSiE_95pct_CS:FinnGen_IBD:CS1	ENSG00000116852	KIF21B	protein_coding	200938520	200992828	-	56925	False
block154	rs3861929	201025850	PLACO_lead	ENSG00000232237	ASCL5	protein_coding	201083081	201096312	-	57231	False
block154	rs7511678	200832857	SuSiE_95pct_CS:FinnGen_IBD:CS2	ENSG00000233217	MROH3P	pseudogene	200890122	200935658	+	57265	False
block154	rs34873729	200946928	SuSiE_95pct_CS:FinnGen_IBD:CS1	ENSG00000234132	RP11-168O16.2	antisense	201004224	201012201	+	57296	False
block154	rs7533782	200832584	SuSiE_95pct_CS:FinnGen_IBD:CS2	ENSG00000233217	MROH3P	pseudogene	200890122	200935658	+	57538	False
block154	rs296520	200880978	SuSiE_95pct_CS:deLange_IBD:CS1	ENSG00000116852	KIF21B	protein_coding	200938520	200992828	-	57542	False
block154	rs296520	200880978	SuSiE_95pct_CS:FinnGen_IBD:CS1	ENSG00000116852	KIF21B	protein_coding	200938520	200992828	-	57542	False
block154	rs12118735	200950960	SuSiE_95pct_CS:FinnGen_IBD:CS1	ENSG00000081248	CACNA1S	protein_coding	201008642	201081694	-	57682	False
block154	rs11583546	200902607	SuSiE_95pct_CS:FinnGen_IBD:CS1	ENSG00000170128	GPR25	protein_coding	200842083	200843306	+	59301	False
block154	rs12140420	200962287	SuSiE_95pct_CS:FinnGen_IBD:CS1	ENSG00000201032	RNU6-704P	snRNA	200902473	200902575	-	59712	False
block154	rs12131796	200878727	SuSiE_95pct_CS:deLange_IBD:CS1	ENSG00000116852	KIF21B	protein_coding	200938520	200992828	-	59793	False
block154	rs12131796	200878727	SuSiE_95pct_CS:FinnGen_IBD:CS1	ENSG00000116852	KIF21B	protein_coding	200938520	200992828	-	59793	False
block154	rs41299637	200877850	SuSiE_95pct_CS:deLange_IBD:CS1	ENSG00000116852	KIF21B	protein_coding	200938520	200992828	-	60670	False
block154	rs41299637	200877850	SuSiE_95pct_CS:FinnGen_IBD:CS1	ENSG00000116852	KIF21B	protein_coding	200938520	200992828	-	60670	False
block154	rs7554511	200877562	SuSiE_95pct_CS:deLange_IBD:CS1	ENSG00000116852	KIF21B	protein_coding	200938520	200992828	-	60958	False
block154	rs7554511	200877562	SuSiE_95pct_CS:FinnGen_IBD:CS1	ENSG00000116852	KIF21B	protein_coding	200938520	200992828	-	60958	False
block154	rs34873729	200946928	SuSiE_95pct_CS:FinnGen_IBD:CS1	ENSG00000081248	CACNA1S	protein_coding	201008642	201081694	-	61714	False
block154	rs6427859	200780153	SuSiE_95pct_CS:FinnGen_IBD:CS2	ENSG00000170128	GPR25	protein_coding	200842083	200843306	+	61930	False
block154	rs34873729	200946928	SuSiE_95pct_CS:FinnGen_IBD:CS1	ENSG00000163362	C1orf106	protein_coding	200860176	200884863	+	62065	False
block154	rs59655222	200875897	SuSiE_95pct_CS:deLange_IBD:CS1	ENSG00000116852	KIF21B	protein_coding	200938520	200992828	-	62623	False
block154	rs59655222	200875897	SuSiE_95pct_CS:FinnGen_IBD:CS1	ENSG00000116852	KIF21B	protein_coding	200938520	200992828	-	62623	False
block154	rs6427855	200726579	SuSiE_95pct_CS:FinnGen_IBD:CS2	ENSG00000260088	RP11-92G12.3	lincRNA	200638635	200663378	+	63201	False
block154	rs12132298	200875095	SuSiE_95pct_CS:deLange_IBD:CS1	ENSG00000116852	KIF21B	protein_coding	200938520	200992828	-	63425	False
block154	rs12132298	200875095	SuSiE_95pct_CS:FinnGen_IBD:CS1	ENSG00000116852	KIF21B	protein_coding	200938520	200992828	-	63425	False
block154	rs6427868	200929482	SuSiE_95pct_CS:FinnGen_IBD:CS1	ENSG00000229191	RP11-168O16.1	lincRNA	200993077	200997920	+	63595	False
block154	rs169850	200929144	PLACO_lead	ENSG00000229191	RP11-168O16.1	lincRNA	200993077	200997920	+	63933	False
block154	rs55757739	200966976	SuSiE_95pct_CS:FinnGen_IBD:CS1	ENSG00000201032	RNU6-704P	snRNA	200902473	200902575	-	64401	False
block154	rs3208703	200939642	SuSiE_95pct_CS:FinnGen_IBD:CS1	ENSG00000234132	RP11-168O16.2	antisense	201004224	201012201	+	64582	False
block154	rs12118735	200950960	SuSiE_95pct_CS:FinnGen_IBD:CS1	ENSG00000163362	C1orf106	protein_coding	200860176	200884863	+	66097	False
block154	rs3208703	200939642	SuSiE_95pct_CS:FinnGen_IBD:CS1	ENSG00000081248	CACNA1S	protein_coding	201008642	201081694	-	69000	False
block154	rs11583546	200902607	SuSiE_95pct_CS:FinnGen_IBD:CS1	ENSG00000231333	RPL34P6	pseudogene	200832936	200833280	+	69327	False
block154	rs10920052	200820610	SuSiE_95pct_CS:FinnGen_IBD:CS2	ENSG00000233217	MROH3P	pseudogene	200890122	200935658	+	69512	False
block154	rs7511678	200832857	SuSiE_95pct_CS:FinnGen_IBD:CS2	ENSG00000201032	RNU6-704P	snRNA	200902473	200902575	-	69616	False
block154	rs7533782	200832584	SuSiE_95pct_CS:FinnGen_IBD:CS2	ENSG00000201032	RNU6-704P	snRNA	200902473	200902575	-	69889	False
block154	rs7517998	200709796	SuSiE_95pct_CS:FinnGen_IBD:CS2	ENSG00000118197	DDX59	protein_coding	200593024	200639097	-	70699	False
block154	rs7539693	200955566	SuSiE_95pct_CS:FinnGen_IBD:CS1	ENSG00000163362	C1orf106	protein_coding	200860176	200884863	+	70703	False
block154	rs7528217	200788077	SuSiE_95pct_CS:FinnGen_IBD:CS2	ENSG00000163362	C1orf106	protein_coding	200860176	200884863	+	72099	False
block154	rs10494828	200957032	SuSiE_95pct_CS:FinnGen_IBD:CS1	ENSG00000163362	C1orf106	protein_coding	200860176	200884863	+	72169	False
block154	rs11579874	200920362	SuSiE_95pct_CS:FinnGen_IBD:CS1	ENSG00000229191	RP11-168O16.1	lincRNA	200993077	200997920	+	72715	False
block154	rs11583546	200902607	SuSiE_95pct_CS:FinnGen_IBD:CS1	ENSG00000118200	CAMSAP2	protein_coding	200708686	200829832	+	72775	False
block154	rs6427868	200929482	SuSiE_95pct_CS:FinnGen_IBD:CS1	ENSG00000234132	RP11-168O16.2	antisense	201004224	201012201	+	74742	False
block154	rs169850	200929144	PLACO_lead	ENSG00000234132	RP11-168O16.2	antisense	201004224	201012201	+	75080	False
block154	rs6691977	200814959	SuSiE_95pct_CS:FinnGen_IBD:CS2	ENSG00000233217	MROH3P	pseudogene	200890122	200935658	+	75163	False
block154	rs11579874	200920362	SuSiE_95pct_CS:FinnGen_IBD:CS1	ENSG00000170128	GPR25	protein_coding	200842083	200843306	+	77056	False
block154	rs12140420	200962287	SuSiE_95pct_CS:FinnGen_IBD:CS1	ENSG00000163362	C1orf106	protein_coding	200860176	200884863	+	77424	False
block154	rs3861929	201025850	PLACO_lead	ENSG00000116857	TMEM9	protein_coding	201103900	201140702	-	78050	False
block154	rs12043133	200741713	SuSiE_95pct_CS:FinnGen_IBD:CS2	ENSG00000260088	RP11-92G12.3	lincRNA	200638635	200663378	+	78335	False
block154	rs6427868	200929482	SuSiE_95pct_CS:FinnGen_IBD:CS1	ENSG00000081248	CACNA1S	protein_coding	201008642	201081694	-	79160	False
block154	rs169850	200929144	PLACO_lead	ENSG00000081248	CACNA1S	protein_coding	201008642	201081694	-	79498	False
block154	rs6427859	200780153	SuSiE_95pct_CS:FinnGen_IBD:CS2	ENSG00000163362	C1orf106	protein_coding	200860176	200884863	+	80023	False
block154	rs11580823	200983489	SuSiE_95pct_CS:FinnGen_IBD:CS1	ENSG00000201032	RNU6-704P	snRNA	200902473	200902575	-	80914	False
block154	rs10920052	200820610	SuSiE_95pct_CS:FinnGen_IBD:CS2	ENSG00000201032	RNU6-704P	snRNA	200902473	200902575	-	81863	False
block154	rs55757739	200966976	SuSiE_95pct_CS:FinnGen_IBD:CS1	ENSG00000163362	C1orf106	protein_coding	200860176	200884863	+	82113	False
block154	rs11579874	200920362	SuSiE_95pct_CS:FinnGen_IBD:CS1	ENSG00000234132	RP11-168O16.2	antisense	201004224	201012201	+	83862	False
block154	rs6658395	200748760	SuSiE_95pct_CS:FinnGen_IBD:CS2	ENSG00000231333	RPL34P6	pseudogene	200832936	200833280	+	84176	False
block154	rs6658395	200748760	SuSiE_95pct_CS:FinnGen_IBD:CS2	ENSG00000260088	RP11-92G12.3	lincRNA	200638635	200663378	+	85382	False
block154	rs169850	200929144	PLACO_lead	ENSG00000170128	GPR25	protein_coding	200842083	200843306	+	85838	False
block154	rs6427868	200929482	SuSiE_95pct_CS:FinnGen_IBD:CS1	ENSG00000170128	GPR25	protein_coding	200842083	200843306	+	86176	False
block154	rs6659127	200803657	SuSiE_95pct_CS:FinnGen_IBD:CS2	ENSG00000233217	MROH3P	pseudogene	200890122	200935658	+	86465	False
block154	rs11579874	200920362	SuSiE_95pct_CS:FinnGen_IBD:CS1	ENSG00000231333	RPL34P6	pseudogene	200832936	200833280	+	87082	False
block154	rs6427855	200726579	SuSiE_95pct_CS:FinnGen_IBD:CS2	ENSG00000118197	DDX59	protein_coding	200593024	200639097	-	87482	False
block154	rs6691977	200814959	SuSiE_95pct_CS:FinnGen_IBD:CS2	ENSG00000201032	RNU6-704P	snRNA	200902473	200902575	-	87514	False
block154	rs11579874	200920362	SuSiE_95pct_CS:FinnGen_IBD:CS1	ENSG00000081248	CACNA1S	protein_coding	201008642	201081694	-	88280	False
block154	rs3861929	201025850	PLACO_lead	ENSG00000233217	MROH3P	pseudogene	200890122	200935658	+	90192	False
block154	rs11583546	200902607	SuSiE_95pct_CS:FinnGen_IBD:CS1	ENSG00000229191	RP11-168O16.1	lincRNA	200993077	200997920	+	90470	False
block154	rs11579874	200920362	SuSiE_95pct_CS:FinnGen_IBD:CS1	ENSG00000118200	CAMSAP2	protein_coding	200708686	200829832	+	90530	False
block154	rs12043133	200741713	SuSiE_95pct_CS:FinnGen_IBD:CS2	ENSG00000231333	RPL34P6	pseudogene	200832936	200833280	+	91223	False
block154	rs6658395	200748760	SuSiE_95pct_CS:FinnGen_IBD:CS2	ENSG00000170128	GPR25	protein_coding	200842083	200843306	+	93323	False
block154	rs169850	200929144	PLACO_lead	ENSG00000231333	RPL34P6	pseudogene	200832936	200833280	+	95864	False
block154	rs6427868	200929482	SuSiE_95pct_CS:FinnGen_IBD:CS1	ENSG00000231333	RPL34P6	pseudogene	200832936	200833280	+	96202	False
block154	rs3208703	200939642	SuSiE_95pct_CS:FinnGen_IBD:CS1	ENSG00000170128	GPR25	protein_coding	200842083	200843306	+	96336	False
block154	rs11580823	200983489	SuSiE_95pct_CS:FinnGen_IBD:CS1	ENSG00000163362	C1orf106	protein_coding	200860176	200884863	+	98626	False
block154	rs6659127	200803657	SuSiE_95pct_CS:FinnGen_IBD:CS2	ENSG00000201032	RNU6-704P	snRNA	200902473	200902575	-	98816	False
block154	rs169850	200929144	PLACO_lead	ENSG00000118200	CAMSAP2	protein_coding	200708686	200829832	+	99312	False
block154	rs11580823	200983489	SuSiE_95pct_CS:FinnGen_IBD:CS1	ENSG00000232237	ASCL5	protein_coding	201083081	201096312	-	99592	False
block154	rs6427868	200929482	SuSiE_95pct_CS:FinnGen_IBD:CS1	ENSG00000118200	CAMSAP2	protein_coding	200708686	200829832	+	99650	False
block1671	rs198457	61471678	SuSiE_95pct_CS:Howard_DEP:CS1	ENSG00000134780	DAGLA	protein_coding	61447905	61514473	+	0	True
block1671	rs174546	61569830	SuSiE_95pct_CS:FinnGen_DEP:CS1	ENSG00000149485	FADS1	protein_coding	61567099	61596790	-	0	True
block1671	rs174547	61570783	SuSiE_95pct_CS:FinnGen_DEP:CS1	ENSG00000149485	FADS1	protein_coding	61567099	61596790	-	0	True
block1671	rs174550	61571478	SuSiE_95pct_CS:FinnGen_DEP:CS1	ENSG00000149485	FADS1	protein_coding	61567099	61596790	-	0	True
block1671	rs174551	61573684	SuSiE_95pct_CS:FinnGen_DEP:CS1	ENSG00000149485	FADS1	protein_coding	61567099	61596790	-	0	True
block1671	rs174553	61575158	SuSiE_95pct_CS:FinnGen_DEP:CS1	ENSG00000149485	FADS1	protein_coding	61567099	61596790	-	0	True
block1671	rs174554	61579463	SuSiE_95pct_CS:FinnGen_DEP:CS1	ENSG00000149485	FADS1	protein_coding	61567099	61596790	-	0	True
block1671	rs174562	61585144	SuSiE_95pct_CS:FinnGen_DEP:CS1	ENSG00000149485	FADS1	protein_coding	61567099	61596790	-	0	True
block1671	rs174564	61588305	SuSiE_95pct_CS:FinnGen_DEP:CS1	ENSG00000149485	FADS1	protein_coding	61567099	61596790	-	0	True
block1671	rs174566	61592362	SuSiE_95pct_CS:FinnGen_DEP:CS1	ENSG00000149485	FADS1	protein_coding	61567099	61596790	-	0	True
block1671	rs174567	61593005	SuSiE_95pct_CS:FinnGen_DEP:CS1	ENSG00000149485	FADS1	protein_coding	61567099	61596790	-	0	True
block1671	rs174568	61593816	SuSiE_95pct_CS:FinnGen_DEP:CS1	ENSG00000149485	FADS1	protein_coding	61567099	61596790	-	0	True
block1671	rs99780	61596633	SuSiE_95pct_CS:FinnGen_DEP:CS1	ENSG00000149485	FADS1	protein_coding	61567099	61596790	-	0	True
block1671	rs1535	61597972	SuSiE_95pct_CS:FinnGen_DEP:CS1	ENSG00000134824	FADS2	protein_coding	61560452	61634826	+	0	True
block1671	rs174541	61565908	SuSiE_95pct_CS:FinnGen_DEP:CS1	ENSG00000134824	FADS2	protein_coding	61560452	61634826	+	0	True
block1671	rs174546	61569830	SuSiE_95pct_CS:FinnGen_DEP:CS1	ENSG00000134824	FADS2	protein_coding	61560452	61634826	+	0	True
block1671	rs174547	61570783	SuSiE_95pct_CS:FinnGen_DEP:CS1	ENSG00000134824	FADS2	protein_coding	61560452	61634826	+	0	True
block1671	rs174550	61571478	SuSiE_95pct_CS:FinnGen_DEP:CS1	ENSG00000134824	FADS2	protein_coding	61560452	61634826	+	0	True
block1671	rs174551	61573684	SuSiE_95pct_CS:FinnGen_DEP:CS1	ENSG00000134824	FADS2	protein_coding	61560452	61634826	+	0	True
block1671	rs174553	61575158	SuSiE_95pct_CS:FinnGen_DEP:CS1	ENSG00000134824	FADS2	protein_coding	61560452	61634826	+	0	True
block1671	rs174554	61579463	SuSiE_95pct_CS:FinnGen_DEP:CS1	ENSG00000134824	FADS2	protein_coding	61560452	61634826	+	0	True
block1671	rs174562	61585144	SuSiE_95pct_CS:FinnGen_DEP:CS1	ENSG00000134824	FADS2	protein_coding	61560452	61634826	+	0	True
block1671	rs174564	61588305	SuSiE_95pct_CS:FinnGen_DEP:CS1	ENSG00000134824	FADS2	protein_coding	61560452	61634826	+	0	True
block1671	rs174566	61592362	SuSiE_95pct_CS:FinnGen_DEP:CS1	ENSG00000134824	FADS2	protein_coding	61560452	61634826	+	0	True
block1671	rs174567	61593005	SuSiE_95pct_CS:FinnGen_DEP:CS1	ENSG00000134824	FADS2	protein_coding	61560452	61634826	+	0	True
block1671	rs174568	61593816	SuSiE_95pct_CS:FinnGen_DEP:CS1	ENSG00000134824	FADS2	protein_coding	61560452	61634826	+	0	True
block1671	rs174574	61600342	SuSiE_95pct_CS:FinnGen_DEP:CS1	ENSG00000134824	FADS2	protein_coding	61560452	61634826	+	0	True
block1671	rs174576	61603510	SuSiE_95pct_CS:FinnGen_DEP:CS1	ENSG00000134824	FADS2	protein_coding	61560452	61634826	+	0	True
block1671	rs174577	61604814	SuSiE_95pct_CS:FinnGen_DEP:CS1	ENSG00000134824	FADS2	protein_coding	61560452	61634826	+	0	True
block1671	rs174580	61606642	SuSiE_95pct_CS:FinnGen_DEP:CS1	ENSG00000134824	FADS2	protein_coding	61560452	61634826	+	0	True
block1671	rs174581	61606683	PLACO_lead	ENSG00000134824	FADS2	protein_coding	61560452	61634826	+	0	True
block1671	rs174581	61606683	SuSiE_95pct_CS:FinnGen_DEP:CS1	ENSG00000134824	FADS2	protein_coding	61560452	61634826	+	0	True
block1671	rs174583	61609750	SuSiE_95pct_CS:FinnGen_DEP:CS1	ENSG00000134824	FADS2	protein_coding	61560452	61634826	+	0	True
block1671	rs174584	61610750	SuSiE_95pct_CS:FinnGen_DEP:CS1	ENSG00000134824	FADS2	protein_coding	61560452	61634826	+	0	True
block1671	rs174592	61618608	SuSiE_95pct_CS:FinnGen_DEP:CS1	ENSG00000134824	FADS2	protein_coding	61560452	61634826	+	0	True
block1671	rs174594	61619829	SuSiE_95pct_CS:FinnGen_DEP:CS1	ENSG00000134824	FADS2	protein_coding	61560452	61634826	+	0	True
block1671	rs174598	61621194	SuSiE_95pct_CS:FinnGen_DEP:CS1	ENSG00000134824	FADS2	protein_coding	61560452	61634826	+	0	True
block1671	rs174600	61622227	SuSiE_95pct_CS:FinnGen_DEP:CS1	ENSG00000134824	FADS2	protein_coding	61560452	61634826	+	0	True
block1671	rs174601	61623140	SuSiE_95pct_CS:FinnGen_DEP:CS1	ENSG00000134824	FADS2	protein_coding	61560452	61634826	+	0	True
block1671	rs4246215	61564299	SuSiE_95pct_CS:FinnGen_DEP:CS1	ENSG00000134824	FADS2	protein_coding	61560452	61634826	+	0	True
block1671	rs97384	61624181	SuSiE_95pct_CS:FinnGen_DEP:CS1	ENSG00000134824	FADS2	protein_coding	61560452	61634826	+	0	True
block1671	rs99780	61596633	SuSiE_95pct_CS:FinnGen_DEP:CS1	ENSG00000134824	FADS2	protein_coding	61560452	61634826	+	0	True
block1671	rs4246215	61564299	SuSiE_95pct_CS:FinnGen_DEP:CS1	ENSG00000168496	FEN1	protein_coding	61560109	61564716	+	0	True
block1671	rs108499	61547237	SuSiE_95pct_CS:FinnGen_DEP:CS1	ENSG00000124920	MYRF	protein_coding	61520114	61555990	+	0	True
block1671	rs174528	61543499	SuSiE_95pct_CS:FinnGen_DEP:CS1	ENSG00000124920	MYRF	protein_coding	61520114	61555990	+	0	True
block1671	rs174529	61543961	SuSiE_95pct_CS:FinnGen_DEP:CS1	ENSG00000124920	MYRF	protein_coding	61520114	61555990	+	0	True
block1671	rs174530	61546592	SuSiE_95pct_CS:FinnGen_DEP:CS1	ENSG00000124920	MYRF	protein_coding	61520114	61555990	+	0	True
block1671	rs174533	61549025	SuSiE_95pct_CS:FinnGen_DEP:CS1	ENSG00000124920	MYRF	protein_coding	61520114	61555990	+	0	True
block1671	rs174535	61551356	SuSiE_95pct_CS:FinnGen_DEP:CS1	ENSG00000124920	MYRF	protein_coding	61520114	61555990	+	0	True
block1671	rs174536	61551927	SuSiE_95pct_CS:FinnGen_DEP:CS1	ENSG00000124920	MYRF	protein_coding	61520114	61555990	+	0	True
block1671	rs174537	61552680	SuSiE_95pct_CS:FinnGen_DEP:CS1	ENSG00000124920	MYRF	protein_coding	61520114	61555990	+	0	True
block1671	rs102274	61557826	SuSiE_95pct_CS:FinnGen_DEP:CS1	ENSG00000134825	TMEM258	protein_coding	61535973	61560274	-	0	True
block1671	rs102275	61557803	SuSiE_95pct_CS:FinnGen_DEP:CS1	ENSG00000134825	TMEM258	protein_coding	61535973	61560274	-	0	True
block1671	rs108499	61547237	SuSiE_95pct_CS:FinnGen_DEP:CS1	ENSG00000134825	TMEM258	protein_coding	61535973	61560274	-	0	True
block1671	rs174528	61543499	SuSiE_95pct_CS:FinnGen_DEP:CS1	ENSG00000134825	TMEM258	protein_coding	61535973	61560274	-	0	True
block1671	rs174529	61543961	SuSiE_95pct_CS:FinnGen_DEP:CS1	ENSG00000134825	TMEM258	protein_coding	61535973	61560274	-	0	True
block1671	rs174530	61546592	SuSiE_95pct_CS:FinnGen_DEP:CS1	ENSG00000134825	TMEM258	protein_coding	61535973	61560274	-	0	True
block1671	rs174533	61549025	SuSiE_95pct_CS:FinnGen_DEP:CS1	ENSG00000134825	TMEM258	protein_coding	61535973	61560274	-	0	True
block1671	rs174535	61551356	SuSiE_95pct_CS:FinnGen_DEP:CS1	ENSG00000134825	TMEM258	protein_coding	61535973	61560274	-	0	True
block1671	rs174536	61551927	SuSiE_95pct_CS:FinnGen_DEP:CS1	ENSG00000134825	TMEM258	protein_coding	61535973	61560274	-	0	True
block1671	rs174537	61552680	SuSiE_95pct_CS:FinnGen_DEP:CS1	ENSG00000134825	TMEM258	protein_coding	61535973	61560274	-	0	True
block1671	rs174538	61560081	SuSiE_95pct_CS:FinnGen_DEP:CS1	ENSG00000134825	TMEM258	protein_coding	61535973	61560274	-	0	True
block1671	rs174538	61560081	SuSiE_95pct_CS:FinnGen_DEP:CS1	ENSG00000168496	FEN1	protein_coding	61560109	61564716	+	28	False
block1671	rs174538	61560081	SuSiE_95pct_CS:FinnGen_DEP:CS1	ENSG00000207601	MIR611	miRNA	61559967	61560033	-	48	False
block1671	rs174538	61560081	SuSiE_95pct_CS:FinnGen_DEP:CS1	ENSG00000134824	FADS2	protein_coding	61560452	61634826	+	371	False
block1671	rs1535	61597972	SuSiE_95pct_CS:FinnGen_DEP:CS1	ENSG00000149485	FADS1	protein_coding	61567099	61596790	-	1182	False
block1671	rs174541	61565908	SuSiE_95pct_CS:FinnGen_DEP:CS1	ENSG00000149485	FADS1	protein_coding	61567099	61596790	-	1191	False
block1671	rs174541	61565908	SuSiE_95pct_CS:FinnGen_DEP:CS1	ENSG00000168496	FEN1	protein_coding	61560109	61564716	+	1192	False
block1671	rs102275	61557803	SuSiE_95pct_CS:FinnGen_DEP:CS1	ENSG00000124920	MYRF	protein_coding	61520114	61555990	+	1813	False
block1671	rs102274	61557826	SuSiE_95pct_CS:FinnGen_DEP:CS1	ENSG00000124920	MYRF	protein_coding	61520114	61555990	+	1836	False
block1671	rs102274	61557826	SuSiE_95pct_CS:FinnGen_DEP:CS1	ENSG00000207601	MIR611	miRNA	61559967	61560033	-	2141	False
block1671	rs102275	61557803	SuSiE_95pct_CS:FinnGen_DEP:CS1	ENSG00000207601	MIR611	miRNA	61559967	61560033	-	2164	False
block1671	rs102274	61557826	SuSiE_95pct_CS:FinnGen_DEP:CS1	ENSG00000168496	FEN1	protein_coding	61560109	61564716	+	2283	False
block1671	rs102275	61557803	SuSiE_95pct_CS:FinnGen_DEP:CS1	ENSG00000168496	FEN1	protein_coding	61560109	61564716	+	2306	False
block1671	rs174562	61585144	SuSiE_95pct_CS:FinnGen_DEP:CS1	ENSG00000222326	MIR1908	miRNA	61582633	61582712	-	2432	False
block1671	rs102274	61557826	SuSiE_95pct_CS:FinnGen_DEP:CS1	ENSG00000134824	FADS2	protein_coding	61560452	61634826	+	2626	False
block1671	rs102275	61557803	SuSiE_95pct_CS:FinnGen_DEP:CS1	ENSG00000134824	FADS2	protein_coding	61560452	61634826	+	2649	False
block1671	rs4246215	61564299	SuSiE_95pct_CS:FinnGen_DEP:CS1	ENSG00000149485	FADS1	protein_coding	61567099	61596790	-	2800	False
block1671	rs174554	61579463	SuSiE_95pct_CS:FinnGen_DEP:CS1	ENSG00000222326	MIR1908	miRNA	61582633	61582712	-	3170	False
block1671	rs174574	61600342	SuSiE_95pct_CS:FinnGen_DEP:CS1	ENSG00000149485	FADS1	protein_coding	61567099	61596790	-	3552	False
block1671	rs4246215	61564299	SuSiE_95pct_CS:FinnGen_DEP:CS1	ENSG00000134825	TMEM258	protein_coding	61535973	61560274	-	4025	False
block1671	rs174538	61560081	SuSiE_95pct_CS:FinnGen_DEP:CS1	ENSG00000124920	MYRF	protein_coding	61520114	61555990	+	4091	False
block1671	rs4246215	61564299	SuSiE_95pct_CS:FinnGen_DEP:CS1	ENSG00000207601	MIR611	miRNA	61559967	61560033	-	4266	False
block1671	rs174546	61569830	SuSiE_95pct_CS:FinnGen_DEP:CS1	ENSG00000168496	FEN1	protein_coding	61560109	61564716	+	5114	False
block1671	rs174564	61588305	SuSiE_95pct_CS:FinnGen_DEP:CS1	ENSG00000222326	MIR1908	miRNA	61582633	61582712	-	5593	False
block1671	rs174541	61565908	SuSiE_95pct_CS:FinnGen_DEP:CS1	ENSG00000134825	TMEM258	protein_coding	61535973	61560274	-	5634	False
block1671	rs174541	61565908	SuSiE_95pct_CS:FinnGen_DEP:CS1	ENSG00000207601	MIR611	miRNA	61559967	61560033	-	5875	False
block1671	rs174547	61570783	SuSiE_95pct_CS:FinnGen_DEP:CS1	ENSG00000168496	FEN1	protein_coding	61560109	61564716	+	6067	False
block1671	rs174576	61603510	SuSiE_95pct_CS:FinnGen_DEP:CS1	ENSG00000149485	FADS1	protein_coding	61567099	61596790	-	6720	False
block1671	rs174550	61571478	SuSiE_95pct_CS:FinnGen_DEP:CS1	ENSG00000168496	FEN1	protein_coding	61560109	61564716	+	6762	False
block1671	rs174538	61560081	SuSiE_95pct_CS:FinnGen_DEP:CS1	ENSG00000149485	FADS1	protein_coding	61567099	61596790	-	7018	False
block1671	rs174537	61552680	SuSiE_95pct_CS:FinnGen_DEP:CS1	ENSG00000207601	MIR611	miRNA	61559967	61560033	-	7287	False
block1671	rs174537	61552680	SuSiE_95pct_CS:FinnGen_DEP:CS1	ENSG00000168496	FEN1	protein_coding	61560109	61564716	+	7429	False
block1671	rs174553	61575158	SuSiE_95pct_CS:FinnGen_DEP:CS1	ENSG00000222326	MIR1908	miRNA	61582633	61582712	-	7475	False
block1671	rs174537	61552680	SuSiE_95pct_CS:FinnGen_DEP:CS1	ENSG00000134824	FADS2	protein_coding	61560452	61634826	+	7772	False
block1671	rs174577	61604814	SuSiE_95pct_CS:FinnGen_DEP:CS1	ENSG00000149485	FADS1	protein_coding	61567099	61596790	-	8024	False
block1671	rs174536	61551927	SuSiE_95pct_CS:FinnGen_DEP:CS1	ENSG00000207601	MIR611	miRNA	61559967	61560033	-	8040	False
block1671	rs174536	61551927	SuSiE_95pct_CS:FinnGen_DEP:CS1	ENSG00000168496	FEN1	protein_coding	61560109	61564716	+	8182	False
block1671	rs4246215	61564299	SuSiE_95pct_CS:FinnGen_DEP:CS1	ENSG00000124920	MYRF	protein_coding	61520114	61555990	+	8309	False
block1671	rs174536	61551927	SuSiE_95pct_CS:FinnGen_DEP:CS1	ENSG00000134824	FADS2	protein_coding	61560452	61634826	+	8525	False
block1671	rs174535	61551356	SuSiE_95pct_CS:FinnGen_DEP:CS1	ENSG00000207601	MIR611	miRNA	61559967	61560033	-	8611	False
block1671	rs174535	61551356	SuSiE_95pct_CS:FinnGen_DEP:CS1	ENSG00000168496	FEN1	protein_coding	61560109	61564716	+	8753	False
block1671	rs174551	61573684	SuSiE_95pct_CS:FinnGen_DEP:CS1	ENSG00000222326	MIR1908	miRNA	61582633	61582712	-	8949	False
block1671	rs174551	61573684	SuSiE_95pct_CS:FinnGen_DEP:CS1	ENSG00000168496	FEN1	protein_coding	61560109	61564716	+	8968	False
block1671	rs174535	61551356	SuSiE_95pct_CS:FinnGen_DEP:CS1	ENSG00000134824	FADS2	protein_coding	61560452	61634826	+	9096	False
block1671	rs102274	61557826	SuSiE_95pct_CS:FinnGen_DEP:CS1	ENSG00000149485	FADS1	protein_coding	61567099	61596790	-	9273	False
block1671	rs102275	61557803	SuSiE_95pct_CS:FinnGen_DEP:CS1	ENSG00000149485	FADS1	protein_coding	61567099	61596790	-	9296	False
block1671	rs174546	61569830	SuSiE_95pct_CS:FinnGen_DEP:CS1	ENSG00000134825	TMEM258	protein_coding	61535973	61560274	-	9556	False
block1671	rs174566	61592362	SuSiE_95pct_CS:FinnGen_DEP:CS1	ENSG00000222326	MIR1908	miRNA	61582633	61582712	-	9650	False
block1671	rs174546	61569830	SuSiE_95pct_CS:FinnGen_DEP:CS1	ENSG00000207601	MIR611	miRNA	61559967	61560033	-	9797	False
block1671	rs174580	61606642	SuSiE_95pct_CS:FinnGen_DEP:CS1	ENSG00000149485	FADS1	protein_coding	61567099	61596790	-	9852	False
block1671	rs174581	61606683	PLACO_lead	ENSG00000149485	FADS1	protein_coding	61567099	61596790	-	9893	False
block1671	rs174581	61606683	SuSiE_95pct_CS:FinnGen_DEP:CS1	ENSG00000149485	FADS1	protein_coding	61567099	61596790	-	9893	False
block1671	rs174541	61565908	SuSiE_95pct_CS:FinnGen_DEP:CS1	ENSG00000124920	MYRF	protein_coding	61520114	61555990	+	9918	False
block1671	rs174567	61593005	SuSiE_95pct_CS:FinnGen_DEP:CS1	ENSG00000222326	MIR1908	miRNA	61582633	61582712	-	10293	False
block1671	rs174553	61575158	SuSiE_95pct_CS:FinnGen_DEP:CS1	ENSG00000168496	FEN1	protein_coding	61560109	61564716	+	10442	False
block1671	rs174547	61570783	SuSiE_95pct_CS:FinnGen_DEP:CS1	ENSG00000134825	TMEM258	protein_coding	61535973	61560274	-	10509	False
block1671	rs174547	61570783	SuSiE_95pct_CS:FinnGen_DEP:CS1	ENSG00000207601	MIR611	miRNA	61559967	61560033	-	10750	False
block1671	rs174533	61549025	SuSiE_95pct_CS:FinnGen_DEP:CS1	ENSG00000207601	MIR611	miRNA	61559967	61560033	-	10942	False
block1671	rs174533	61549025	SuSiE_95pct_CS:FinnGen_DEP:CS1	ENSG00000168496	FEN1	protein_coding	61560109	61564716	+	11084	False
block1671	rs174568	61593816	SuSiE_95pct_CS:FinnGen_DEP:CS1	ENSG00000222326	MIR1908	miRNA	61582633	61582712	-	11104	False
block1671	rs174550	61571478	SuSiE_95pct_CS:FinnGen_DEP:CS1	ENSG00000222326	MIR1908	miRNA	61582633	61582712	-	11155	False
block1671	rs174550	61571478	SuSiE_95pct_CS:FinnGen_DEP:CS1	ENSG00000134825	TMEM258	protein_coding	61535973	61560274	-	11204	False
block1671	rs174533	61549025	SuSiE_95pct_CS:FinnGen_DEP:CS1	ENSG00000134824	FADS2	protein_coding	61560452	61634826	+	11427	False
block1671	rs174550	61571478	SuSiE_95pct_CS:FinnGen_DEP:CS1	ENSG00000207601	MIR611	miRNA	61559967	61560033	-	11445	False
block1671	rs174547	61570783	SuSiE_95pct_CS:FinnGen_DEP:CS1	ENSG00000222326	MIR1908	miRNA	61582633	61582712	-	11850	False
block1671	rs108499	61547237	SuSiE_95pct_CS:FinnGen_DEP:CS1	ENSG00000207601	MIR611	miRNA	61559967	61560033	-	12730	False
block1671	rs174546	61569830	SuSiE_95pct_CS:FinnGen_DEP:CS1	ENSG00000222326	MIR1908	miRNA	61582633	61582712	-	12803	False
block1671	rs108499	61547237	SuSiE_95pct_CS:FinnGen_DEP:CS1	ENSG00000168496	FEN1	protein_coding	61560109	61564716	+	12872	False
block1671	rs174583	61609750	SuSiE_95pct_CS:FinnGen_DEP:CS1	ENSG00000149485	FADS1	protein_coding	61567099	61596790	-	12960	False
block1671	rs108499	61547237	SuSiE_95pct_CS:FinnGen_DEP:CS1	ENSG00000134824	FADS2	protein_coding	61560452	61634826	+	13215	False
block1671	rs174530	61546592	SuSiE_95pct_CS:FinnGen_DEP:CS1	ENSG00000207601	MIR611	miRNA	61559967	61560033	-	13375	False
block1671	rs174551	61573684	SuSiE_95pct_CS:FinnGen_DEP:CS1	ENSG00000134825	TMEM258	protein_coding	61535973	61560274	-	13410	False
block1671	rs174530	61546592	SuSiE_95pct_CS:FinnGen_DEP:CS1	ENSG00000168496	FEN1	protein_coding	61560109	61564716	+	13517	False
block1671	rs174551	61573684	SuSiE_95pct_CS:FinnGen_DEP:CS1	ENSG00000207601	MIR611	miRNA	61559967	61560033	-	13651	False
block1671	rs174546	61569830	SuSiE_95pct_CS:FinnGen_DEP:CS1	ENSG00000124920	MYRF	protein_coding	61520114	61555990	+	13840	False
block1671	rs174530	61546592	SuSiE_95pct_CS:FinnGen_DEP:CS1	ENSG00000134824	FADS2	protein_coding	61560452	61634826	+	13860	False
block1671	rs99780	61596633	SuSiE_95pct_CS:FinnGen_DEP:CS1	ENSG00000222326	MIR1908	miRNA	61582633	61582712	-	13921	False
block1671	rs174584	61610750	SuSiE_95pct_CS:FinnGen_DEP:CS1	ENSG00000149485	FADS1	protein_coding	61567099	61596790	-	13960	False
block1671	rs174537	61552680	SuSiE_95pct_CS:FinnGen_DEP:CS1	ENSG00000149485	FADS1	protein_coding	61567099	61596790	-	14419	False
block1671	rs174554	61579463	SuSiE_95pct_CS:FinnGen_DEP:CS1	ENSG00000168496	FEN1	protein_coding	61560109	61564716	+	14747	False
block1671	rs174547	61570783	SuSiE_95pct_CS:FinnGen_DEP:CS1	ENSG00000124920	MYRF	protein_coding	61520114	61555990	+	14793	False
block1671	rs174553	61575158	SuSiE_95pct_CS:FinnGen_DEP:CS1	ENSG00000134825	TMEM258	protein_coding	61535973	61560274	-	14884	False
block1671	rs174553	61575158	SuSiE_95pct_CS:FinnGen_DEP:CS1	ENSG00000207601	MIR611	miRNA	61559967	61560033	-	15125	False
block1671	rs174536	61551927	SuSiE_95pct_CS:FinnGen_DEP:CS1	ENSG00000149485	FADS1	protein_coding	61567099	61596790	-	15172	False
block1671	rs1535	61597972	SuSiE_95pct_CS:FinnGen_DEP:CS1	ENSG00000222326	MIR1908	miRNA	61582633	61582712	-	15260	False
block1671	rs174550	61571478	SuSiE_95pct_CS:FinnGen_DEP:CS1	ENSG00000124920	MYRF	protein_coding	61520114	61555990	+	15488	False
block1671	rs174535	61551356	SuSiE_95pct_CS:FinnGen_DEP:CS1	ENSG00000149485	FADS1	protein_coding	61567099	61596790	-	15743	False
block1671	rs174529	61543961	SuSiE_95pct_CS:FinnGen_DEP:CS1	ENSG00000207601	MIR611	miRNA	61559967	61560033	-	16006	False
block1671	rs174529	61543961	SuSiE_95pct_CS:FinnGen_DEP:CS1	ENSG00000168496	FEN1	protein_coding	61560109	61564716	+	16148	False
block1671	rs174528	61543499	SuSiE_95pct_CS:FinnGen_DEP:CS1	ENSG00000207601	MIR611	miRNA	61559967	61560033	-	16468	False
block1671	rs174529	61543961	SuSiE_95pct_CS:FinnGen_DEP:CS1	ENSG00000134824	FADS2	protein_coding	61560452	61634826	+	16491	False
block1671	rs174528	61543499	SuSiE_95pct_CS:FinnGen_DEP:CS1	ENSG00000168496	FEN1	protein_coding	61560109	61564716	+	16610	False
block1671	rs174541	61565908	SuSiE_95pct_CS:FinnGen_DEP:CS1	ENSG00000222326	MIR1908	miRNA	61582633	61582712	-	16725	False
block1671	rs97384	61624181	SuSiE_95pct_CS:FinnGen_DEP:CS1	ENSG00000221968	FADS3	protein_coding	61640991	61659523	-	16810	False
block1671	rs174528	61543499	SuSiE_95pct_CS:FinnGen_DEP:CS1	ENSG00000134824	FADS2	protein_coding	61560452	61634826	+	16953	False
block1671	rs174574	61600342	SuSiE_95pct_CS:FinnGen_DEP:CS1	ENSG00000222326	MIR1908	miRNA	61582633	61582712	-	17630	False
block1671	rs174551	61573684	SuSiE_95pct_CS:FinnGen_DEP:CS1	ENSG00000124920	MYRF	protein_coding	61520114	61555990	+	17694	False
block1671	rs174601	61623140	SuSiE_95pct_CS:FinnGen_DEP:CS1	ENSG00000221968	FADS3	protein_coding	61640991	61659523	-	17851	False
block1671	rs174533	61549025	SuSiE_95pct_CS:FinnGen_DEP:CS1	ENSG00000149485	FADS1	protein_coding	61567099	61596790	-	18074	False
block1671	rs4246215	61564299	SuSiE_95pct_CS:FinnGen_DEP:CS1	ENSG00000222326	MIR1908	miRNA	61582633	61582712	-	18334	False
block1671	rs174528	61543499	SuSiE_95pct_CS:FinnGen_DEP:CS1	ENSG00000124915	RP11-467L20.10	lincRNA	61513965	61525127	-	18372	False
block1671	rs174600	61622227	SuSiE_95pct_CS:FinnGen_DEP:CS1	ENSG00000221968	FADS3	protein_coding	61640991	61659523	-	18764	False
block1671	rs174529	61543961	SuSiE_95pct_CS:FinnGen_DEP:CS1	ENSG00000124915	RP11-467L20.10	lincRNA	61513965	61525127	-	18834	False
block1671	rs174553	61575158	SuSiE_95pct_CS:FinnGen_DEP:CS1	ENSG00000124920	MYRF	protein_coding	61520114	61555990	+	19168	False
block1671	rs174554	61579463	SuSiE_95pct_CS:FinnGen_DEP:CS1	ENSG00000134825	TMEM258	protein_coding	61535973	61560274	-	19189	False
block1671	rs174554	61579463	SuSiE_95pct_CS:FinnGen_DEP:CS1	ENSG00000207601	MIR611	miRNA	61559967	61560033	-	19430	False
block1671	rs174598	61621194	SuSiE_95pct_CS:FinnGen_DEP:CS1	ENSG00000221968	FADS3	protein_coding	61640991	61659523	-	19797	False
block1671	rs108499	61547237	SuSiE_95pct_CS:FinnGen_DEP:CS1	ENSG00000149485	FADS1	protein_coding	61567099	61596790	-	19862	False
block1671	rs174562	61585144	SuSiE_95pct_CS:FinnGen_DEP:CS1	ENSG00000168496	FEN1	protein_coding	61560109	61564716	+	20428	False
block1671	rs174530	61546592	SuSiE_95pct_CS:FinnGen_DEP:CS1	ENSG00000149485	FADS1	protein_coding	61567099	61596790	-	20507	False
block1671	rs174576	61603510	SuSiE_95pct_CS:FinnGen_DEP:CS1	ENSG00000222326	MIR1908	miRNA	61582633	61582712	-	20798	False
block1671	rs174594	61619829	SuSiE_95pct_CS:FinnGen_DEP:CS1	ENSG00000221968	FADS3	protein_coding	61640991	61659523	-	21162	False
block1671	rs174530	61546592	SuSiE_95pct_CS:FinnGen_DEP:CS1	ENSG00000124915	RP11-467L20.10	lincRNA	61513965	61525127	-	21465	False
block1671	rs174592	61618608	SuSiE_95pct_CS:FinnGen_DEP:CS1	ENSG00000149485	FADS1	protein_coding	61567099	61596790	-	21818	False
block1671	rs174577	61604814	SuSiE_95pct_CS:FinnGen_DEP:CS1	ENSG00000222326	MIR1908	miRNA	61582633	61582712	-	22102	False
block1671	rs108499	61547237	SuSiE_95pct_CS:FinnGen_DEP:CS1	ENSG00000124915	RP11-467L20.10	lincRNA	61513965	61525127	-	22110	False
block1671	rs174592	61618608	SuSiE_95pct_CS:FinnGen_DEP:CS1	ENSG00000221968	FADS3	protein_coding	61640991	61659523	-	22383	False
block1671	rs174538	61560081	SuSiE_95pct_CS:FinnGen_DEP:CS1	ENSG00000222326	MIR1908	miRNA	61582633	61582712	-	22552	False
block1671	rs174594	61619829	SuSiE_95pct_CS:FinnGen_DEP:CS1	ENSG00000149485	FADS1	protein_coding	61567099	61596790	-	23039	False
block1671	rs174529	61543961	SuSiE_95pct_CS:FinnGen_DEP:CS1	ENSG00000149485	FADS1	protein_coding	61567099	61596790	-	23138	False
block1671	rs174554	61579463	SuSiE_95pct_CS:FinnGen_DEP:CS1	ENSG00000124920	MYRF	protein_coding	61520114	61555990	+	23473	False
block1671	rs174564	61588305	SuSiE_95pct_CS:FinnGen_DEP:CS1	ENSG00000168496	FEN1	protein_coding	61560109	61564716	+	23589	False
block1671	rs174528	61543499	SuSiE_95pct_CS:FinnGen_DEP:CS1	ENSG00000149485	FADS1	protein_coding	61567099	61596790	-	23600	False
block1671	rs174533	61549025	SuSiE_95pct_CS:FinnGen_DEP:CS1	ENSG00000124915	RP11-467L20.10	lincRNA	61513965	61525127	-	23898	False
block1671	rs174580	61606642	SuSiE_95pct_CS:FinnGen_DEP:CS1	ENSG00000222326	MIR1908	miRNA	61582633	61582712	-	23930	False
block1671	rs174581	61606683	PLACO_lead	ENSG00000222326	MIR1908	miRNA	61582633	61582712	-	23971	False
block1671	rs174581	61606683	SuSiE_95pct_CS:FinnGen_DEP:CS1	ENSG00000222326	MIR1908	miRNA	61582633	61582712	-	23971	False
block1671	rs174598	61621194	SuSiE_95pct_CS:FinnGen_DEP:CS1	ENSG00000149485	FADS1	protein_coding	61567099	61596790	-	24404	False
block1671	rs102274	61557826	SuSiE_95pct_CS:FinnGen_DEP:CS1	ENSG00000222326	MIR1908	miRNA	61582633	61582712	-	24807	False
block1671	rs102275	61557803	SuSiE_95pct_CS:FinnGen_DEP:CS1	ENSG00000222326	MIR1908	miRNA	61582633	61582712	-	24830	False
block1671	rs174562	61585144	SuSiE_95pct_CS:FinnGen_DEP:CS1	ENSG00000134825	TMEM258	protein_coding	61535973	61560274	-	24870	False
block1671	rs174562	61585144	SuSiE_95pct_CS:FinnGen_DEP:CS1	ENSG00000207601	MIR611	miRNA	61559967	61560033	-	25111	False
block1671	rs174600	61622227	SuSiE_95pct_CS:FinnGen_DEP:CS1	ENSG00000149485	FADS1	protein_coding	61567099	61596790	-	25437	False
block1671	rs174535	61551356	SuSiE_95pct_CS:FinnGen_DEP:CS1	ENSG00000124915	RP11-467L20.10	lincRNA	61513965	61525127	-	26229	False
block1671	rs174601	61623140	SuSiE_95pct_CS:FinnGen_DEP:CS1	ENSG00000149485	FADS1	protein_coding	61567099	61596790	-	26350	False
block1671	rs174536	61551927	SuSiE_95pct_CS:FinnGen_DEP:CS1	ENSG00000124915	RP11-467L20.10	lincRNA	61513965	61525127	-	26800	False
block1671	rs174583	61609750	SuSiE_95pct_CS:FinnGen_DEP:CS1	ENSG00000222326	MIR1908	miRNA	61582633	61582712	-	27038	False
block1671	rs97384	61624181	SuSiE_95pct_CS:FinnGen_DEP:CS1	ENSG00000149485	FADS1	protein_coding	61567099	61596790	-	27391	False
block1671	rs174537	61552680	SuSiE_95pct_CS:FinnGen_DEP:CS1	ENSG00000124915	RP11-467L20.10	lincRNA	61513965	61525127	-	27553	False
block1671	rs174566	61592362	SuSiE_95pct_CS:FinnGen_DEP:CS1	ENSG00000168496	FEN1	protein_coding	61560109	61564716	+	27646	False
block1671	rs174564	61588305	SuSiE_95pct_CS:FinnGen_DEP:CS1	ENSG00000134825	TMEM258	protein_coding	61535973	61560274	-	28031	False
block1671	rs174584	61610750	SuSiE_95pct_CS:FinnGen_DEP:CS1	ENSG00000222326	MIR1908	miRNA	61582633	61582712	-	28038	False
block1671	rs174564	61588305	SuSiE_95pct_CS:FinnGen_DEP:CS1	ENSG00000207601	MIR611	miRNA	61559967	61560033	-	28272	False
block1671	rs174567	61593005	SuSiE_95pct_CS:FinnGen_DEP:CS1	ENSG00000168496	FEN1	protein_coding	61560109	61564716	+	28289	False
block1671	rs174528	61543499	SuSiE_95pct_CS:FinnGen_DEP:CS1	ENSG00000134780	DAGLA	protein_coding	61447905	61514473	+	29026	False
block1671	rs174568	61593816	SuSiE_95pct_CS:FinnGen_DEP:CS1	ENSG00000168496	FEN1	protein_coding	61560109	61564716	+	29100	False
block1671	rs174562	61585144	SuSiE_95pct_CS:FinnGen_DEP:CS1	ENSG00000124920	MYRF	protein_coding	61520114	61555990	+	29154	False
block1671	rs174529	61543961	SuSiE_95pct_CS:FinnGen_DEP:CS1	ENSG00000134780	DAGLA	protein_coding	61447905	61514473	+	29488	False
block1671	rs174537	61552680	SuSiE_95pct_CS:FinnGen_DEP:CS1	ENSG00000222326	MIR1908	miRNA	61582633	61582712	-	29953	False
block1671	rs174584	61610750	SuSiE_95pct_CS:FinnGen_DEP:CS1	ENSG00000221968	FADS3	protein_coding	61640991	61659523	-	30241	False
block1671	rs174536	61551927	SuSiE_95pct_CS:FinnGen_DEP:CS1	ENSG00000222326	MIR1908	miRNA	61582633	61582712	-	30706	False
block1671	rs174583	61609750	SuSiE_95pct_CS:FinnGen_DEP:CS1	ENSG00000221968	FADS3	protein_coding	61640991	61659523	-	31241	False
block1671	rs174535	61551356	SuSiE_95pct_CS:FinnGen_DEP:CS1	ENSG00000222326	MIR1908	miRNA	61582633	61582712	-	31277	False
block1671	rs99780	61596633	SuSiE_95pct_CS:FinnGen_DEP:CS1	ENSG00000168496	FEN1	protein_coding	61560109	61564716	+	31917	False
block1671	rs174566	61592362	SuSiE_95pct_CS:FinnGen_DEP:CS1	ENSG00000134825	TMEM258	protein_coding	61535973	61560274	-	32088	False
block1671	rs174530	61546592	SuSiE_95pct_CS:FinnGen_DEP:CS1	ENSG00000134780	DAGLA	protein_coding	61447905	61514473	+	32119	False
block1671	rs174564	61588305	SuSiE_95pct_CS:FinnGen_DEP:CS1	ENSG00000124920	MYRF	protein_coding	61520114	61555990	+	32315	False
block1671	rs174566	61592362	SuSiE_95pct_CS:FinnGen_DEP:CS1	ENSG00000207601	MIR611	miRNA	61559967	61560033	-	32329	False
block1671	rs102275	61557803	SuSiE_95pct_CS:FinnGen_DEP:CS1	ENSG00000124915	RP11-467L20.10	lincRNA	61513965	61525127	-	32676	False
block1671	rs102274	61557826	SuSiE_95pct_CS:FinnGen_DEP:CS1	ENSG00000124915	RP11-467L20.10	lincRNA	61513965	61525127	-	32699	False
block1671	rs174567	61593005	SuSiE_95pct_CS:FinnGen_DEP:CS1	ENSG00000134825	TMEM258	protein_coding	61535973	61560274	-	32731	False
block1671	rs108499	61547237	SuSiE_95pct_CS:FinnGen_DEP:CS1	ENSG00000134780	DAGLA	protein_coding	61447905	61514473	+	32764	False
block1671	rs174567	61593005	SuSiE_95pct_CS:FinnGen_DEP:CS1	ENSG00000207601	MIR611	miRNA	61559967	61560033	-	32972	False
block1671	rs1535	61597972	SuSiE_95pct_CS:FinnGen_DEP:CS1	ENSG00000168496	FEN1	protein_coding	61560109	61564716	+	33256	False
block1671	rs174568	61593816	SuSiE_95pct_CS:FinnGen_DEP:CS1	ENSG00000134825	TMEM258	protein_coding	61535973	61560274	-	33542	False
block1671	rs174533	61549025	SuSiE_95pct_CS:FinnGen_DEP:CS1	ENSG00000222326	MIR1908	miRNA	61582633	61582712	-	33608	False
block1671	rs174568	61593816	SuSiE_95pct_CS:FinnGen_DEP:CS1	ENSG00000207601	MIR611	miRNA	61559967	61560033	-	33783	False
block1671	rs174581	61606683	PLACO_lead	ENSG00000221968	FADS3	protein_coding	61640991	61659523	-	34308	False
block1671	rs174581	61606683	SuSiE_95pct_CS:FinnGen_DEP:CS1	ENSG00000221968	FADS3	protein_coding	61640991	61659523	-	34308	False
block1671	rs174580	61606642	SuSiE_95pct_CS:FinnGen_DEP:CS1	ENSG00000221968	FADS3	protein_coding	61640991	61659523	-	34349	False
block1671	rs174533	61549025	SuSiE_95pct_CS:FinnGen_DEP:CS1	ENSG00000134780	DAGLA	protein_coding	61447905	61514473	+	34552	False
block1671	rs174538	61560081	SuSiE_95pct_CS:FinnGen_DEP:CS1	ENSG00000124915	RP11-467L20.10	lincRNA	61513965	61525127	-	34954	False
block1671	rs108499	61547237	SuSiE_95pct_CS:FinnGen_DEP:CS1	ENSG00000222326	MIR1908	miRNA	61582633	61582712	-	35396	False
block1671	rs174574	61600342	SuSiE_95pct_CS:FinnGen_DEP:CS1	ENSG00000168496	FEN1	protein_coding	61560109	61564716	+	35626	False
block1671	rs174592	61618608	SuSiE_95pct_CS:FinnGen_DEP:CS1	ENSG00000222326	MIR1908	miRNA	61582633	61582712	-	35896	False
block1671	rs174530	61546592	SuSiE_95pct_CS:FinnGen_DEP:CS1	ENSG00000222326	MIR1908	miRNA	61582633	61582712	-	36041	False
block1671	rs174577	61604814	SuSiE_95pct_CS:FinnGen_DEP:CS1	ENSG00000221968	FADS3	protein_coding	61640991	61659523	-	36177	False
block1671	rs99780	61596633	SuSiE_95pct_CS:FinnGen_DEP:CS1	ENSG00000134825	TMEM258	protein_coding	61535973	61560274	-	36359	False
block1671	rs174566	61592362	SuSiE_95pct_CS:FinnGen_DEP:CS1	ENSG00000124920	MYRF	protein_coding	61520114	61555990	+	36372	False
block1671	rs99780	61596633	SuSiE_95pct_CS:FinnGen_DEP:CS1	ENSG00000207601	MIR611	miRNA	61559967	61560033	-	36600	False
block1671	rs174535	61551356	SuSiE_95pct_CS:FinnGen_DEP:CS1	ENSG00000134780	DAGLA	protein_coding	61447905	61514473	+	36883	False
block1671	rs174567	61593005	SuSiE_95pct_CS:FinnGen_DEP:CS1	ENSG00000124920	MYRF	protein_coding	61520114	61555990	+	37015	False
block1671	rs174594	61619829	SuSiE_95pct_CS:FinnGen_DEP:CS1	ENSG00000222326	MIR1908	miRNA	61582633	61582712	-	37117	False
block1671	rs174536	61551927	SuSiE_95pct_CS:FinnGen_DEP:CS1	ENSG00000134780	DAGLA	protein_coding	61447905	61514473	+	37454	False
block1671	rs174576	61603510	SuSiE_95pct_CS:FinnGen_DEP:CS1	ENSG00000221968	FADS3	protein_coding	61640991	61659523	-	37481	False
block1671	rs1535	61597972	SuSiE_95pct_CS:FinnGen_DEP:CS1	ENSG00000134825	TMEM258	protein_coding	61535973	61560274	-	37698	False
block1671	rs174568	61593816	SuSiE_95pct_CS:FinnGen_DEP:CS1	ENSG00000124920	MYRF	protein_coding	61520114	61555990	+	37826	False
block1671	rs1535	61597972	SuSiE_95pct_CS:FinnGen_DEP:CS1	ENSG00000207601	MIR611	miRNA	61559967	61560033	-	37939	False
block1671	rs174537	61552680	SuSiE_95pct_CS:FinnGen_DEP:CS1	ENSG00000134780	DAGLA	protein_coding	61447905	61514473	+	38207	False
block1671	rs174598	61621194	SuSiE_95pct_CS:FinnGen_DEP:CS1	ENSG00000222326	MIR1908	miRNA	61582633	61582712	-	38482	False
block1671	rs174529	61543961	SuSiE_95pct_CS:FinnGen_DEP:CS1	ENSG00000222326	MIR1908	miRNA	61582633	61582712	-	38672	False
block1671	rs174576	61603510	SuSiE_95pct_CS:FinnGen_DEP:CS1	ENSG00000168496	FEN1	protein_coding	61560109	61564716	+	38794	False
block1671	rs174528	61543499	SuSiE_95pct_CS:FinnGen_DEP:CS1	ENSG00000222326	MIR1908	miRNA	61582633	61582712	-	39134	False
block1671	rs4246215	61564299	SuSiE_95pct_CS:FinnGen_DEP:CS1	ENSG00000124915	RP11-467L20.10	lincRNA	61513965	61525127	-	39172	False
block1671	rs174600	61622227	SuSiE_95pct_CS:FinnGen_DEP:CS1	ENSG00000222326	MIR1908	miRNA	61582633	61582712	-	39515	False
block1671	rs174574	61600342	SuSiE_95pct_CS:FinnGen_DEP:CS1	ENSG00000134825	TMEM258	protein_coding	61535973	61560274	-	40068	False
block1671	rs174577	61604814	SuSiE_95pct_CS:FinnGen_DEP:CS1	ENSG00000168496	FEN1	protein_coding	61560109	61564716	+	40098	False
block1671	rs174574	61600342	SuSiE_95pct_CS:FinnGen_DEP:CS1	ENSG00000207601	MIR611	miRNA	61559967	61560033	-	40309	False
block1671	rs174601	61623140	SuSiE_95pct_CS:FinnGen_DEP:CS1	ENSG00000222326	MIR1908	miRNA	61582633	61582712	-	40428	False
block1671	rs97384	61624181	SuSiE_95pct_CS:FinnGen_DEP:CS1	ENSG00000167994	RAB3IL1	protein_coding	61664773	61687741	-	40592	False
block1671	rs99780	61596633	SuSiE_95pct_CS:FinnGen_DEP:CS1	ENSG00000124920	MYRF	protein_coding	61520114	61555990	+	40643	False
block1671	rs174574	61600342	SuSiE_95pct_CS:FinnGen_DEP:CS1	ENSG00000221968	FADS3	protein_coding	61640991	61659523	-	40649	False
block1671	rs174541	61565908	SuSiE_95pct_CS:FinnGen_DEP:CS1	ENSG00000124915	RP11-467L20.10	lincRNA	61513965	61525127	-	40781	False
block1671	rs97384	61624181	SuSiE_95pct_CS:FinnGen_DEP:CS1	ENSG00000222326	MIR1908	miRNA	61582633	61582712	-	41469	False
block1671	rs174601	61623140	SuSiE_95pct_CS:FinnGen_DEP:CS1	ENSG00000167994	RAB3IL1	protein_coding	61664773	61687741	-	41633	False
block1671	rs174580	61606642	SuSiE_95pct_CS:FinnGen_DEP:CS1	ENSG00000168496	FEN1	protein_coding	61560109	61564716	+	41926	False
block1671	rs174581	61606683	PLACO_lead	ENSG00000168496	FEN1	protein_coding	61560109	61564716	+	41967	False
block1671	rs174581	61606683	SuSiE_95pct_CS:FinnGen_DEP:CS1	ENSG00000168496	FEN1	protein_coding	61560109	61564716	+	41967	False
block1671	rs1535	61597972	SuSiE_95pct_CS:FinnGen_DEP:CS1	ENSG00000124920	MYRF	protein_coding	61520114	61555990	+	41982	False
block1671	rs198457	61471678	SuSiE_95pct_CS:Howard_DEP:CS1	ENSG00000124915	RP11-467L20.10	lincRNA	61513965	61525127	-	42287	False
block1671	rs174600	61622227	SuSiE_95pct_CS:FinnGen_DEP:CS1	ENSG00000167994	RAB3IL1	protein_coding	61664773	61687741	-	42546	False
block1671	rs1535	61597972	SuSiE_95pct_CS:FinnGen_DEP:CS1	ENSG00000221968	FADS3	protein_coding	61640991	61659523	-	43019	False
block1671	rs174576	61603510	SuSiE_95pct_CS:FinnGen_DEP:CS1	ENSG00000134825	TMEM258	protein_coding	61535973	61560274	-	43236	False
block1671	rs102275	61557803	SuSiE_95pct_CS:FinnGen_DEP:CS1	ENSG00000134780	DAGLA	protein_coding	61447905	61514473	+	43330	False
block1671	rs102274	61557826	SuSiE_95pct_CS:FinnGen_DEP:CS1	ENSG00000134780	DAGLA	protein_coding	61447905	61514473	+	43353	False
block1671	rs174576	61603510	SuSiE_95pct_CS:FinnGen_DEP:CS1	ENSG00000207601	MIR611	miRNA	61559967	61560033	-	43477	False
block1671	rs174598	61621194	SuSiE_95pct_CS:FinnGen_DEP:CS1	ENSG00000167994	RAB3IL1	protein_coding	61664773	61687741	-	43579	False
block1671	rs174574	61600342	SuSiE_95pct_CS:FinnGen_DEP:CS1	ENSG00000124920	MYRF	protein_coding	61520114	61555990	+	44352	False
block1671	rs99780	61596633	SuSiE_95pct_CS:FinnGen_DEP:CS1	ENSG00000221968	FADS3	protein_coding	61640991	61659523	-	44358	False
block1671	rs174577	61604814	SuSiE_95pct_CS:FinnGen_DEP:CS1	ENSG00000134825	TMEM258	protein_coding	61535973	61560274	-	44540	False
block1671	rs174546	61569830	SuSiE_95pct_CS:FinnGen_DEP:CS1	ENSG00000124915	RP11-467L20.10	lincRNA	61513965	61525127	-	44703	False
block1671	rs174577	61604814	SuSiE_95pct_CS:FinnGen_DEP:CS1	ENSG00000207601	MIR611	miRNA	61559967	61560033	-	44781	False
block1671	rs174594	61619829	SuSiE_95pct_CS:FinnGen_DEP:CS1	ENSG00000167994	RAB3IL1	protein_coding	61664773	61687741	-	44944	False
block1671	rs174583	61609750	SuSiE_95pct_CS:FinnGen_DEP:CS1	ENSG00000168496	FEN1	protein_coding	61560109	61564716	+	45034	False
block1671	rs174538	61560081	SuSiE_95pct_CS:FinnGen_DEP:CS1	ENSG00000134780	DAGLA	protein_coding	61447905	61514473	+	45608	False
block1671	rs174547	61570783	SuSiE_95pct_CS:FinnGen_DEP:CS1	ENSG00000124915	RP11-467L20.10	lincRNA	61513965	61525127	-	45656	False
block1671	rs174584	61610750	SuSiE_95pct_CS:FinnGen_DEP:CS1	ENSG00000168496	FEN1	protein_coding	61560109	61564716	+	46034	False
block1671	rs174592	61618608	SuSiE_95pct_CS:FinnGen_DEP:CS1	ENSG00000167994	RAB3IL1	protein_coding	61664773	61687741	-	46165	False
block1671	rs174550	61571478	SuSiE_95pct_CS:FinnGen_DEP:CS1	ENSG00000124915	RP11-467L20.10	lincRNA	61513965	61525127	-	46351	False
block1671	rs174580	61606642	SuSiE_95pct_CS:FinnGen_DEP:CS1	ENSG00000134825	TMEM258	protein_coding	61535973	61560274	-	46368	False
block1671	rs174581	61606683	PLACO_lead	ENSG00000134825	TMEM258	protein_coding	61535973	61560274	-	46409	False
block1671	rs174581	61606683	SuSiE_95pct_CS:FinnGen_DEP:CS1	ENSG00000134825	TMEM258	protein_coding	61535973	61560274	-	46409	False
block1671	rs174580	61606642	SuSiE_95pct_CS:FinnGen_DEP:CS1	ENSG00000207601	MIR611	miRNA	61559967	61560033	-	46609	False
block1671	rs174581	61606683	PLACO_lead	ENSG00000207601	MIR611	miRNA	61559967	61560033	-	46650	False
block1671	rs174581	61606683	SuSiE_95pct_CS:FinnGen_DEP:CS1	ENSG00000207601	MIR611	miRNA	61559967	61560033	-	46650	False
block1671	rs174568	61593816	SuSiE_95pct_CS:FinnGen_DEP:CS1	ENSG00000221968	FADS3	protein_coding	61640991	61659523	-	47175	False
block1671	rs174576	61603510	SuSiE_95pct_CS:FinnGen_DEP:CS1	ENSG00000124920	MYRF	protein_coding	61520114	61555990	+	47520	False
block1671	rs174567	61593005	SuSiE_95pct_CS:FinnGen_DEP:CS1	ENSG00000221968	FADS3	protein_coding	61640991	61659523	-	47986	False
block1671	rs198457	61471678	SuSiE_95pct_CS:Howard_DEP:CS1	ENSG00000124920	MYRF	protein_coding	61520114	61555990	+	48436	False
block1671	rs198457	61471678	SuSiE_95pct_CS:Howard_DEP:CS1	ENSG00000255947	RP11-855O10.3	lincRNA	61422137	61423174	-	48504	False
block1671	rs174551	61573684	SuSiE_95pct_CS:FinnGen_DEP:CS1	ENSG00000124915	RP11-467L20.10	lincRNA	61513965	61525127	-	48557	False
block1671	rs174566	61592362	SuSiE_95pct_CS:FinnGen_DEP:CS1	ENSG00000221968	FADS3	protein_coding	61640991	61659523	-	48629	False
block1671	rs174577	61604814	SuSiE_95pct_CS:FinnGen_DEP:CS1	ENSG00000124920	MYRF	protein_coding	61520114	61555990	+	48824	False
block1671	rs174583	61609750	SuSiE_95pct_CS:FinnGen_DEP:CS1	ENSG00000134825	TMEM258	protein_coding	61535973	61560274	-	49476	False
block1671	rs174583	61609750	SuSiE_95pct_CS:FinnGen_DEP:CS1	ENSG00000207601	MIR611	miRNA	61559967	61560033	-	49717	False
block1671	rs4246215	61564299	SuSiE_95pct_CS:FinnGen_DEP:CS1	ENSG00000134780	DAGLA	protein_coding	61447905	61514473	+	49826	False
block1671	rs174553	61575158	SuSiE_95pct_CS:FinnGen_DEP:CS1	ENSG00000124915	RP11-467L20.10	lincRNA	61513965	61525127	-	50031	False
block1671	rs174584	61610750	SuSiE_95pct_CS:FinnGen_DEP:CS1	ENSG00000134825	TMEM258	protein_coding	61535973	61560274	-	50476	False
block1671	rs174580	61606642	SuSiE_95pct_CS:FinnGen_DEP:CS1	ENSG00000124920	MYRF	protein_coding	61520114	61555990	+	50652	False
block1671	rs174581	61606683	PLACO_lead	ENSG00000124920	MYRF	protein_coding	61520114	61555990	+	50693	False
block1671	rs174581	61606683	SuSiE_95pct_CS:FinnGen_DEP:CS1	ENSG00000124920	MYRF	protein_coding	61520114	61555990	+	50693	False
block1671	rs174584	61610750	SuSiE_95pct_CS:FinnGen_DEP:CS1	ENSG00000207601	MIR611	miRNA	61559967	61560033	-	50717	False
block1671	rs174541	61565908	SuSiE_95pct_CS:FinnGen_DEP:CS1	ENSG00000134780	DAGLA	protein_coding	61447905	61514473	+	51435	False
block1671	rs174564	61588305	SuSiE_95pct_CS:FinnGen_DEP:CS1	ENSG00000221968	FADS3	protein_coding	61640991	61659523	-	52686	False
block1671	rs174583	61609750	SuSiE_95pct_CS:FinnGen_DEP:CS1	ENSG00000124920	MYRF	protein_coding	61520114	61555990	+	53760	False
block1671	rs174592	61618608	SuSiE_95pct_CS:FinnGen_DEP:CS1	ENSG00000168496	FEN1	protein_coding	61560109	61564716	+	53892	False
block1671	rs174584	61610750	SuSiE_95pct_CS:FinnGen_DEP:CS1	ENSG00000167994	RAB3IL1	protein_coding	61664773	61687741	-	54023	False
block1671	rs174554	61579463	SuSiE_95pct_CS:FinnGen_DEP:CS1	ENSG00000124915	RP11-467L20.10	lincRNA	61513965	61525127	-	54336	False
block1671	rs174584	61610750	SuSiE_95pct_CS:FinnGen_DEP:CS1	ENSG00000124920	MYRF	protein_coding	61520114	61555990	+	54760	False
block1671	rs174583	61609750	SuSiE_95pct_CS:FinnGen_DEP:CS1	ENSG00000167994	RAB3IL1	protein_coding	61664773	61687741	-	55023	False
block1671	rs174594	61619829	SuSiE_95pct_CS:FinnGen_DEP:CS1	ENSG00000168496	FEN1	protein_coding	61560109	61564716	+	55113	False
block1671	rs174546	61569830	SuSiE_95pct_CS:FinnGen_DEP:CS1	ENSG00000134780	DAGLA	protein_coding	61447905	61514473	+	55357	False
block1671	rs174562	61585144	SuSiE_95pct_CS:FinnGen_DEP:CS1	ENSG00000221968	FADS3	protein_coding	61640991	61659523	-	55847	False
block1671	rs174547	61570783	SuSiE_95pct_CS:FinnGen_DEP:CS1	ENSG00000134780	DAGLA	protein_coding	61447905	61514473	+	56310	False
block1671	rs174598	61621194	SuSiE_95pct_CS:FinnGen_DEP:CS1	ENSG00000168496	FEN1	protein_coding	61560109	61564716	+	56478	False
block1671	rs174550	61571478	SuSiE_95pct_CS:FinnGen_DEP:CS1	ENSG00000134780	DAGLA	protein_coding	61447905	61514473	+	57005	False
block1671	rs174600	61622227	SuSiE_95pct_CS:FinnGen_DEP:CS1	ENSG00000168496	FEN1	protein_coding	61560109	61564716	+	57511	False
block1671	rs174581	61606683	PLACO_lead	ENSG00000167994	RAB3IL1	protein_coding	61664773	61687741	-	58090	False
block1671	rs174581	61606683	SuSiE_95pct_CS:FinnGen_DEP:CS1	ENSG00000167994	RAB3IL1	protein_coding	61664773	61687741	-	58090	False
block1671	rs174580	61606642	SuSiE_95pct_CS:FinnGen_DEP:CS1	ENSG00000167994	RAB3IL1	protein_coding	61664773	61687741	-	58131	False
block1671	rs174592	61618608	SuSiE_95pct_CS:FinnGen_DEP:CS1	ENSG00000134825	TMEM258	protein_coding	61535973	61560274	-	58334	False
block1671	rs174601	61623140	SuSiE_95pct_CS:FinnGen_DEP:CS1	ENSG00000168496	FEN1	protein_coding	61560109	61564716	+	58424	False
block1671	rs174592	61618608	SuSiE_95pct_CS:FinnGen_DEP:CS1	ENSG00000207601	MIR611	miRNA	61559967	61560033	-	58575	False
block1671	rs174551	61573684	SuSiE_95pct_CS:FinnGen_DEP:CS1	ENSG00000134780	DAGLA	protein_coding	61447905	61514473	+	59211	False
block1671	rs97384	61624181	SuSiE_95pct_CS:FinnGen_DEP:CS1	ENSG00000168496	FEN1	protein_coding	61560109	61564716	+	59465	False
block1671	rs174594	61619829	SuSiE_95pct_CS:FinnGen_DEP:CS1	ENSG00000134825	TMEM258	protein_coding	61535973	61560274	-	59555	False
block1671	rs174594	61619829	SuSiE_95pct_CS:FinnGen_DEP:CS1	ENSG00000207601	MIR611	miRNA	61559967	61560033	-	59796	False
block1671	rs174577	61604814	SuSiE_95pct_CS:FinnGen_DEP:CS1	ENSG00000167994	RAB3IL1	protein_coding	61664773	61687741	-	59959	False
block1671	rs174562	61585144	SuSiE_95pct_CS:FinnGen_DEP:CS1	ENSG00000124915	RP11-467L20.10	lincRNA	61513965	61525127	-	60017	False
block1671	rs174553	61575158	SuSiE_95pct_CS:FinnGen_DEP:CS1	ENSG00000134780	DAGLA	protein_coding	61447905	61514473	+	60685	False
block1671	rs174598	61621194	SuSiE_95pct_CS:FinnGen_DEP:CS1	ENSG00000134825	TMEM258	protein_coding	61535973	61560274	-	60920	False
block1671	rs174598	61621194	SuSiE_95pct_CS:FinnGen_DEP:CS1	ENSG00000207601	MIR611	miRNA	61559967	61560033	-	61161	False
block1671	rs174576	61603510	SuSiE_95pct_CS:FinnGen_DEP:CS1	ENSG00000167994	RAB3IL1	protein_coding	61664773	61687741	-	61263	False
block1671	rs174554	61579463	SuSiE_95pct_CS:FinnGen_DEP:CS1	ENSG00000221968	FADS3	protein_coding	61640991	61659523	-	61528	False
block1671	rs174600	61622227	SuSiE_95pct_CS:FinnGen_DEP:CS1	ENSG00000134825	TMEM258	protein_coding	61535973	61560274	-	61953	False
block1671	rs174600	61622227	SuSiE_95pct_CS:FinnGen_DEP:CS1	ENSG00000207601	MIR611	miRNA	61559967	61560033	-	62194	False
block1671	rs174592	61618608	SuSiE_95pct_CS:FinnGen_DEP:CS1	ENSG00000124920	MYRF	protein_coding	61520114	61555990	+	62618	False
block1671	rs174601	61623140	SuSiE_95pct_CS:FinnGen_DEP:CS1	ENSG00000134825	TMEM258	protein_coding	61535973	61560274	-	62866	False
block1671	rs174601	61623140	SuSiE_95pct_CS:FinnGen_DEP:CS1	ENSG00000207601	MIR611	miRNA	61559967	61560033	-	63107	False
block1671	rs174564	61588305	SuSiE_95pct_CS:FinnGen_DEP:CS1	ENSG00000124915	RP11-467L20.10	lincRNA	61513965	61525127	-	63178	False
block1671	rs174594	61619829	SuSiE_95pct_CS:FinnGen_DEP:CS1	ENSG00000124920	MYRF	protein_coding	61520114	61555990	+	63839	False
block1671	rs97384	61624181	SuSiE_95pct_CS:FinnGen_DEP:CS1	ENSG00000134825	TMEM258	protein_coding	61535973	61560274	-	63907	False
block1671	rs97384	61624181	SuSiE_95pct_CS:FinnGen_DEP:CS1	ENSG00000207601	MIR611	miRNA	61559967	61560033	-	64148	False
block1671	rs198457	61471678	SuSiE_95pct_CS:Howard_DEP:CS1	ENSG00000134825	TMEM258	protein_coding	61535973	61560274	-	64295	False
block1671	rs174574	61600342	SuSiE_95pct_CS:FinnGen_DEP:CS1	ENSG00000167994	RAB3IL1	protein_coding	61664773	61687741	-	64431	False
block1671	rs198457	61471678	SuSiE_95pct_CS:Howard_DEP:CS1	ENSG00000243742	RPLP0P2	pseudogene	61382508	61406921	+	64757	False
block1671	rs174554	61579463	SuSiE_95pct_CS:FinnGen_DEP:CS1	ENSG00000134780	DAGLA	protein_coding	61447905	61514473	+	64990	False
block1671	rs174598	61621194	SuSiE_95pct_CS:FinnGen_DEP:CS1	ENSG00000124920	MYRF	protein_coding	61520114	61555990	+	65204	False
block1671	rs174553	61575158	SuSiE_95pct_CS:FinnGen_DEP:CS1	ENSG00000221968	FADS3	protein_coding	61640991	61659523	-	65833	False
block1671	rs174600	61622227	SuSiE_95pct_CS:FinnGen_DEP:CS1	ENSG00000124920	MYRF	protein_coding	61520114	61555990	+	66237	False
block1671	rs1535	61597972	SuSiE_95pct_CS:FinnGen_DEP:CS1	ENSG00000167994	RAB3IL1	protein_coding	61664773	61687741	-	66801	False
block1671	rs174601	61623140	SuSiE_95pct_CS:FinnGen_DEP:CS1	ENSG00000124920	MYRF	protein_coding	61520114	61555990	+	67150	False
block1671	rs174566	61592362	SuSiE_95pct_CS:FinnGen_DEP:CS1	ENSG00000124915	RP11-467L20.10	lincRNA	61513965	61525127	-	67235	False
block1671	rs174551	61573684	SuSiE_95pct_CS:FinnGen_DEP:CS1	ENSG00000221968	FADS3	protein_coding	61640991	61659523	-	67307	False
block1671	rs174567	61593005	SuSiE_95pct_CS:FinnGen_DEP:CS1	ENSG00000124915	RP11-467L20.10	lincRNA	61513965	61525127	-	67878	False
block1671	rs99780	61596633	SuSiE_95pct_CS:FinnGen_DEP:CS1	ENSG00000167994	RAB3IL1	protein_coding	61664773	61687741	-	68140	False
block1671	rs97384	61624181	SuSiE_95pct_CS:FinnGen_DEP:CS1	ENSG00000124920	MYRF	protein_coding	61520114	61555990	+	68191	False
block1671	rs174568	61593816	SuSiE_95pct_CS:FinnGen_DEP:CS1	ENSG00000124915	RP11-467L20.10	lincRNA	61513965	61525127	-	68689	False
block1671	rs174550	61571478	SuSiE_95pct_CS:FinnGen_DEP:CS1	ENSG00000221968	FADS3	protein_coding	61640991	61659523	-	69513	False
block1671	rs174547	61570783	SuSiE_95pct_CS:FinnGen_DEP:CS1	ENSG00000221968	FADS3	protein_coding	61640991	61659523	-	70208	False
block1671	rs174562	61585144	SuSiE_95pct_CS:FinnGen_DEP:CS1	ENSG00000134780	DAGLA	protein_coding	61447905	61514473	+	70671	False
block1671	rs174568	61593816	SuSiE_95pct_CS:FinnGen_DEP:CS1	ENSG00000167994	RAB3IL1	protein_coding	61664773	61687741	-	70957	False
block1671	rs174546	61569830	SuSiE_95pct_CS:FinnGen_DEP:CS1	ENSG00000221968	FADS3	protein_coding	61640991	61659523	-	71161	False
block1671	rs99780	61596633	SuSiE_95pct_CS:FinnGen_DEP:CS1	ENSG00000124915	RP11-467L20.10	lincRNA	61513965	61525127	-	71506	False
block1671	rs174567	61593005	SuSiE_95pct_CS:FinnGen_DEP:CS1	ENSG00000167994	RAB3IL1	protein_coding	61664773	61687741	-	71768	False
block1671	rs174566	61592362	SuSiE_95pct_CS:FinnGen_DEP:CS1	ENSG00000167994	RAB3IL1	protein_coding	61664773	61687741	-	72411	False
block1671	rs1535	61597972	SuSiE_95pct_CS:FinnGen_DEP:CS1	ENSG00000124915	RP11-467L20.10	lincRNA	61513965	61525127	-	72845	False
block1671	rs174564	61588305	SuSiE_95pct_CS:FinnGen_DEP:CS1	ENSG00000134780	DAGLA	protein_coding	61447905	61514473	+	73832	False
block1671	rs174541	61565908	SuSiE_95pct_CS:FinnGen_DEP:CS1	ENSG00000221968	FADS3	protein_coding	61640991	61659523	-	75083	False
block1671	rs174574	61600342	SuSiE_95pct_CS:FinnGen_DEP:CS1	ENSG00000124915	RP11-467L20.10	lincRNA	61513965	61525127	-	75215	False
block1671	rs174564	61588305	SuSiE_95pct_CS:FinnGen_DEP:CS1	ENSG00000167994	RAB3IL1	protein_coding	61664773	61687741	-	76468	False
block1671	rs4246215	61564299	SuSiE_95pct_CS:FinnGen_DEP:CS1	ENSG00000221968	FADS3	protein_coding	61640991	61659523	-	76692	False
block1671	rs174566	61592362	SuSiE_95pct_CS:FinnGen_DEP:CS1	ENSG00000134780	DAGLA	protein_coding	61447905	61514473	+	77889	False
block1671	rs174576	61603510	SuSiE_95pct_CS:FinnGen_DEP:CS1	ENSG00000124915	RP11-467L20.10	lincRNA	61513965	61525127	-	78383	False
block1671	rs174567	61593005	SuSiE_95pct_CS:FinnGen_DEP:CS1	ENSG00000134780	DAGLA	protein_coding	61447905	61514473	+	78532	False
block1671	rs174568	61593816	SuSiE_95pct_CS:FinnGen_DEP:CS1	ENSG00000134780	DAGLA	protein_coding	61447905	61514473	+	79343	False
block1671	rs174562	61585144	SuSiE_95pct_CS:FinnGen_DEP:CS1	ENSG00000167994	RAB3IL1	protein_coding	61664773	61687741	-	79629	False
block1671	rs174577	61604814	SuSiE_95pct_CS:FinnGen_DEP:CS1	ENSG00000124915	RP11-467L20.10	lincRNA	61513965	61525127	-	79687	False
block1671	rs174538	61560081	SuSiE_95pct_CS:FinnGen_DEP:CS1	ENSG00000221968	FADS3	protein_coding	61640991	61659523	-	80910	False
block1671	rs97384	61624181	SuSiE_95pct_CS:FinnGen_DEP:CS1	ENSG00000200898	RNU6-1243P	snRNA	61705366	61705472	+	81185	False
block1671	rs174580	61606642	SuSiE_95pct_CS:FinnGen_DEP:CS1	ENSG00000124915	RP11-467L20.10	lincRNA	61513965	61525127	-	81515	False
block1671	rs174581	61606683	PLACO_lead	ENSG00000124915	RP11-467L20.10	lincRNA	61513965	61525127	-	81556	False
block1671	rs174581	61606683	SuSiE_95pct_CS:FinnGen_DEP:CS1	ENSG00000124915	RP11-467L20.10	lincRNA	61513965	61525127	-	81556	False
block1671	rs99780	61596633	SuSiE_95pct_CS:FinnGen_DEP:CS1	ENSG00000134780	DAGLA	protein_coding	61447905	61514473	+	82160	False
block1671	rs174601	61623140	SuSiE_95pct_CS:FinnGen_DEP:CS1	ENSG00000200898	RNU6-1243P	snRNA	61705366	61705472	+	82226	False
block1671	rs174600	61622227	SuSiE_95pct_CS:FinnGen_DEP:CS1	ENSG00000200898	RNU6-1243P	snRNA	61705366	61705472	+	83139	False
block1671	rs102274	61557826	SuSiE_95pct_CS:FinnGen_DEP:CS1	ENSG00000221968	FADS3	protein_coding	61640991	61659523	-	83165	False
block1671	rs102275	61557803	SuSiE_95pct_CS:FinnGen_DEP:CS1	ENSG00000221968	FADS3	protein_coding	61640991	61659523	-	83188	False
block1671	rs1535	61597972	SuSiE_95pct_CS:FinnGen_DEP:CS1	ENSG00000134780	DAGLA	protein_coding	61447905	61514473	+	83499	False
block1671	rs174598	61621194	SuSiE_95pct_CS:FinnGen_DEP:CS1	ENSG00000200898	RNU6-1243P	snRNA	61705366	61705472	+	84172	False
block1671	rs174583	61609750	SuSiE_95pct_CS:FinnGen_DEP:CS1	ENSG00000124915	RP11-467L20.10	lincRNA	61513965	61525127	-	84623	False
block1671	rs174554	61579463	SuSiE_95pct_CS:FinnGen_DEP:CS1	ENSG00000167994	RAB3IL1	protein_coding	61664773	61687741	-	85310	False
block1671	rs174594	61619829	SuSiE_95pct_CS:FinnGen_DEP:CS1	ENSG00000200898	RNU6-1243P	snRNA	61705366	61705472	+	85537	False
block1671	rs174584	61610750	SuSiE_95pct_CS:FinnGen_DEP:CS1	ENSG00000124915	RP11-467L20.10	lincRNA	61513965	61525127	-	85623	False
block1671	rs174574	61600342	SuSiE_95pct_CS:FinnGen_DEP:CS1	ENSG00000134780	DAGLA	protein_coding	61447905	61514473	+	85869	False
block1671	rs174592	61618608	SuSiE_95pct_CS:FinnGen_DEP:CS1	ENSG00000200898	RNU6-1243P	snRNA	61705366	61705472	+	86758	False
block1671	rs198457	61471678	SuSiE_95pct_CS:Howard_DEP:CS1	ENSG00000207601	MIR611	miRNA	61559967	61560033	-	88289	False
block1671	rs174537	61552680	SuSiE_95pct_CS:FinnGen_DEP:CS1	ENSG00000221968	FADS3	protein_coding	61640991	61659523	-	88311	False
block1671	rs198457	61471678	SuSiE_95pct_CS:Howard_DEP:CS1	ENSG00000168496	FEN1	protein_coding	61560109	61564716	+	88431	False
block1671	rs198457	61471678	SuSiE_95pct_CS:Howard_DEP:CS1	ENSG00000134824	FADS2	protein_coding	61560452	61634826	+	88774	False
block1671	rs174576	61603510	SuSiE_95pct_CS:FinnGen_DEP:CS1	ENSG00000134780	DAGLA	protein_coding	61447905	61514473	+	89037	False
block1671	rs174536	61551927	SuSiE_95pct_CS:FinnGen_DEP:CS1	ENSG00000221968	FADS3	protein_coding	61640991	61659523	-	89064	False
block1671	rs174553	61575158	SuSiE_95pct_CS:FinnGen_DEP:CS1	ENSG00000167994	RAB3IL1	protein_coding	61664773	61687741	-	89615	False
block1671	rs174535	61551356	SuSiE_95pct_CS:FinnGen_DEP:CS1	ENSG00000221968	FADS3	protein_coding	61640991	61659523	-	89635	False
block1671	rs174577	61604814	SuSiE_95pct_CS:FinnGen_DEP:CS1	ENSG00000134780	DAGLA	protein_coding	61447905	61514473	+	90341	False
block1671	rs174551	61573684	SuSiE_95pct_CS:FinnGen_DEP:CS1	ENSG00000167994	RAB3IL1	protein_coding	61664773	61687741	-	91089	False
block1671	rs174533	61549025	SuSiE_95pct_CS:FinnGen_DEP:CS1	ENSG00000221968	FADS3	protein_coding	61640991	61659523	-	91966	False
block1671	rs174580	61606642	SuSiE_95pct_CS:FinnGen_DEP:CS1	ENSG00000134780	DAGLA	protein_coding	61447905	61514473	+	92169	False
block1671	rs174581	61606683	PLACO_lead	ENSG00000134780	DAGLA	protein_coding	61447905	61514473	+	92210	False
block1671	rs174581	61606683	SuSiE_95pct_CS:FinnGen_DEP:CS1	ENSG00000134780	DAGLA	protein_coding	61447905	61514473	+	92210	False
block1671	rs97384	61624181	SuSiE_95pct_CS:FinnGen_DEP:CS1	ENSG00000167995	BEST1	protein_coding	61717293	61732987	+	93112	False
block1671	rs174550	61571478	SuSiE_95pct_CS:FinnGen_DEP:CS1	ENSG00000167994	RAB3IL1	protein_coding	61664773	61687741	-	93295	False
block1671	rs174592	61618608	SuSiE_95pct_CS:FinnGen_DEP:CS1	ENSG00000124915	RP11-467L20.10	lincRNA	61513965	61525127	-	93481	False
block1671	rs108499	61547237	SuSiE_95pct_CS:FinnGen_DEP:CS1	ENSG00000221968	FADS3	protein_coding	61640991	61659523	-	93754	False
block1671	rs174547	61570783	SuSiE_95pct_CS:FinnGen_DEP:CS1	ENSG00000167994	RAB3IL1	protein_coding	61664773	61687741	-	93990	False
block1671	rs174601	61623140	SuSiE_95pct_CS:FinnGen_DEP:CS1	ENSG00000167995	BEST1	protein_coding	61717293	61732987	+	94153	False
block1671	rs174530	61546592	SuSiE_95pct_CS:FinnGen_DEP:CS1	ENSG00000221968	FADS3	protein_coding	61640991	61659523	-	94399	False
block1671	rs174584	61610750	SuSiE_95pct_CS:FinnGen_DEP:CS1	ENSG00000200898	RNU6-1243P	snRNA	61705366	61705472	+	94616	False
block1671	rs174594	61619829	SuSiE_95pct_CS:FinnGen_DEP:CS1	ENSG00000124915	RP11-467L20.10	lincRNA	61513965	61525127	-	94702	False
block1671	rs174546	61569830	SuSiE_95pct_CS:FinnGen_DEP:CS1	ENSG00000167994	RAB3IL1	protein_coding	61664773	61687741	-	94943	False
block1671	rs174600	61622227	SuSiE_95pct_CS:FinnGen_DEP:CS1	ENSG00000167995	BEST1	protein_coding	61717293	61732987	+	95066	False
block1671	rs174583	61609750	SuSiE_95pct_CS:FinnGen_DEP:CS1	ENSG00000134780	DAGLA	protein_coding	61447905	61514473	+	95277	False
block1671	rs198457	61471678	SuSiE_95pct_CS:Howard_DEP:CS1	ENSG00000149485	FADS1	protein_coding	61567099	61596790	-	95421	False
block1671	rs174583	61609750	SuSiE_95pct_CS:FinnGen_DEP:CS1	ENSG00000200898	RNU6-1243P	snRNA	61705366	61705472	+	95616	False
block1671	rs174598	61621194	SuSiE_95pct_CS:FinnGen_DEP:CS1	ENSG00000124915	RP11-467L20.10	lincRNA	61513965	61525127	-	96067	False
block1671	rs174598	61621194	SuSiE_95pct_CS:FinnGen_DEP:CS1	ENSG00000167995	BEST1	protein_coding	61717293	61732987	+	96099	False
block1671	rs174584	61610750	SuSiE_95pct_CS:FinnGen_DEP:CS1	ENSG00000134780	DAGLA	protein_coding	61447905	61514473	+	96277	False
block1671	rs198457	61471678	SuSiE_95pct_CS:Howard_DEP:CS1	ENSG00000250230	RP11-855O10.2	lincRNA	61355966	61375022	+	96656	False
block1671	rs174529	61543961	SuSiE_95pct_CS:FinnGen_DEP:CS1	ENSG00000221968	FADS3	protein_coding	61640991	61659523	-	97030	False
block1671	rs174600	61622227	SuSiE_95pct_CS:FinnGen_DEP:CS1	ENSG00000124915	RP11-467L20.10	lincRNA	61513965	61525127	-	97100	False
block1671	rs174594	61619829	SuSiE_95pct_CS:FinnGen_DEP:CS1	ENSG00000167995	BEST1	protein_coding	61717293	61732987	+	97464	False
block1671	rs174528	61543499	SuSiE_95pct_CS:FinnGen_DEP:CS1	ENSG00000221968	FADS3	protein_coding	61640991	61659523	-	97492	False
block1671	rs174601	61623140	SuSiE_95pct_CS:FinnGen_DEP:CS1	ENSG00000124915	RP11-467L20.10	lincRNA	61513965	61525127	-	98013	False
block1671	rs174581	61606683	PLACO_lead	ENSG00000200898	RNU6-1243P	snRNA	61705366	61705472	+	98683	False
block1671	rs174581	61606683	SuSiE_95pct_CS:FinnGen_DEP:CS1	ENSG00000200898	RNU6-1243P	snRNA	61705366	61705472	+	98683	False
block1671	rs174592	61618608	SuSiE_95pct_CS:FinnGen_DEP:CS1	ENSG00000167995	BEST1	protein_coding	61717293	61732987	+	98685	False
block1671	rs174580	61606642	SuSiE_95pct_CS:FinnGen_DEP:CS1	ENSG00000200898	RNU6-1243P	snRNA	61705366	61705472	+	98724	False
block1671	rs174541	61565908	SuSiE_95pct_CS:FinnGen_DEP:CS1	ENSG00000167994	RAB3IL1	protein_coding	61664773	61687741	-	98865	False
block1671	rs97384	61624181	SuSiE_95pct_CS:FinnGen_DEP:CS1	ENSG00000124915	RP11-467L20.10	lincRNA	61513965	61525127	-	99054	False
block464	rs10640	49454277	SuSiE_95pct_CS:FinnGen_DEP:CS1	ENSG00000145020	AMT	protein_coding	49454211	49460186	-	0	True
block464	rs11715915	49455330	SuSiE_95pct_CS:FinnGen_DEP:CS1	ENSG00000145020	AMT	protein_coding	49454211	49460186	-	0	True
block464	rs11130213	49712297	SuSiE_95pct_CS:FinnGen_DEP:CS1	ENSG00000164062	APEH	protein_coding	49711435	49721396	+	0	True
block464	rs11130213	49712297	SuSiE_95pct_CS:deLange_IBD:CS1	ENSG00000164062	APEH	protein_coding	49711435	49721396	+	0	True
block464	rs11130213	49712297	SuSiE_95pct_CS:FinnGen_IBD:CS1	ENSG00000164062	APEH	protein_coding	49711435	49721396	+	0	True
block464	rs1131095	49714225	SuSiE_95pct_CS:FinnGen_DEP:CS1	ENSG00000164062	APEH	protein_coding	49711435	49721396	+	0	True
block464	rs1131095	49714225	SuSiE_95pct_CS:deLange_IBD:CS1	ENSG00000164062	APEH	protein_coding	49711435	49721396	+	0	True
block464	rs1131095	49714225	SuSiE_95pct_CS:FinnGen_IBD:CS1	ENSG00000164062	APEH	protein_coding	49711435	49721396	+	0	True
block464	rs9822268	49719729	SuSiE_95pct_CS:FinnGen_DEP:CS1	ENSG00000164062	APEH	protein_coding	49711435	49721396	+	0	True
block464	rs9822268	49719729	SuSiE_95pct_CS:deLange_IBD:CS1	ENSG00000164062	APEH	protein_coding	49711435	49721396	+	0	True
block464	rs9822268	49719729	SuSiE_95pct_CS:FinnGen_IBD:CS1	ENSG00000164062	APEH	protein_coding	49711435	49721396	+	0	True
block464	rs11709525	49690496	SuSiE_95pct_CS:FinnGen_DEP:CS1	ENSG00000164061	BSN	protein_coding	49591922	49708978	+	0	True
block464	rs11709525	49690496	SuSiE_95pct_CS:deLange_IBD:CS1	ENSG00000164061	BSN	protein_coding	49591922	49708978	+	0	True
block464	rs11709525	49690496	SuSiE_95pct_CS:FinnGen_IBD:CS1	ENSG00000164061	BSN	protein_coding	49591922	49708978	+	0	True
block464	rs11713474	49611457	SuSiE_95pct_CS:FinnGen_DEP:CS1	ENSG00000164061	BSN	protein_coding	49591922	49708978	+	0	True
block464	rs11718165	49696797	SuSiE_95pct_CS:FinnGen_DEP:CS1	ENSG00000164061	BSN	protein_coding	49591922	49708978	+	0	True
block464	rs11718165	49696797	SuSiE_95pct_CS:FinnGen_IBD:CS1	ENSG00000164061	BSN	protein_coding	49591922	49708978	+	0	True
block464	rs11720597	49635354	SuSiE_95pct_CS:FinnGen_DEP:CS1	ENSG00000164061	BSN	protein_coding	49591922	49708978	+	0	True
block464	rs11917431	49644012	SuSiE_95pct_CS:FinnGen_DEP:CS1	ENSG00000164061	BSN	protein_coding	49591922	49708978	+	0	True
block464	rs11921590	49644193	SuSiE_95pct_CS:FinnGen_DEP:CS1	ENSG00000164061	BSN	protein_coding	49591922	49708978	+	0	True
block464	rs11926781	49603289	SuSiE_95pct_CS:FinnGen_DEP:CS1	ENSG00000164061	BSN	protein_coding	49591922	49708978	+	0	True
block464	rs13064576	49642430	SuSiE_95pct_CS:FinnGen_DEP:CS1	ENSG00000164061	BSN	protein_coding	49591922	49708978	+	0	True
block464	rs1873625	49666964	SuSiE_95pct_CS:FinnGen_DEP:CS1	ENSG00000164061	BSN	protein_coding	49591922	49708978	+	0	True
block464	rs34427167	49610223	SuSiE_95pct_CS:FinnGen_DEP:CS1	ENSG00000164061	BSN	protein_coding	49591922	49708978	+	0	True
block464	rs34762726	49689210	SuSiE_95pct_CS:FinnGen_DEP:CS1	ENSG00000164061	BSN	protein_coding	49591922	49708978	+	0	True
block464	rs34762726	49689210	SuSiE_95pct_CS:deLange_IBD:CS1	ENSG00000164061	BSN	protein_coding	49591922	49708978	+	0	True
block464	rs34762726	49689210	SuSiE_95pct_CS:FinnGen_IBD:CS1	ENSG00000164061	BSN	protein_coding	49591922	49708978	+	0	True
block464	rs4283605	49678651	SuSiE_95pct_CS:FinnGen_DEP:CS1	ENSG00000164061	BSN	protein_coding	49591922	49708978	+	0	True
block464	rs4283605	49678651	SuSiE_95pct_CS:deLange_IBD:CS1	ENSG00000164061	BSN	protein_coding	49591922	49708978	+	0	True
block464	rs4283605	49678651	SuSiE_95pct_CS:FinnGen_IBD:CS1	ENSG00000164061	BSN	protein_coding	49591922	49708978	+	0	True
block464	rs6770670	49686682	SuSiE_95pct_CS:FinnGen_DEP:CS1	ENSG00000164061	BSN	protein_coding	49591922	49708978	+	0	True
block464	rs6770670	49686682	SuSiE_95pct_CS:deLange_IBD:CS1	ENSG00000164061	BSN	protein_coding	49591922	49708978	+	0	True
block464	rs6770670	49686682	SuSiE_95pct_CS:FinnGen_IBD:CS1	ENSG00000164061	BSN	protein_coding	49591922	49708978	+	0	True
block464	rs6803222	49665976	SuSiE_95pct_CS:FinnGen_DEP:CS1	ENSG00000164061	BSN	protein_coding	49591922	49708978	+	0	True
block464	rs71324979	49619651	SuSiE_95pct_CS:FinnGen_DEP:CS1	ENSG00000164061	BSN	protein_coding	49591922	49708978	+	0	True
block464	rs7614725	49650395	SuSiE_95pct_CS:FinnGen_DEP:CS1	ENSG00000164061	BSN	protein_coding	49591922	49708978	+	0	True
block464	rs9811982	49624377	SuSiE_95pct_CS:FinnGen_DEP:CS1	ENSG00000164061	BSN	protein_coding	49591922	49708978	+	0	True
block464	rs9812791	49682311	SuSiE_95pct_CS:FinnGen_DEP:CS1	ENSG00000164061	BSN	protein_coding	49591922	49708978	+	0	True
block464	rs9812791	49682311	SuSiE_95pct_CS:deLange_IBD:CS1	ENSG00000164061	BSN	protein_coding	49591922	49708978	+	0	True
block464	rs9812791	49682311	SuSiE_95pct_CS:FinnGen_IBD:CS1	ENSG00000164061	BSN	protein_coding	49591922	49708978	+	0	True
block464	rs9833611	49651210	SuSiE_95pct_CS:FinnGen_DEP:CS1	ENSG00000164061	BSN	protein_coding	49591922	49708978	+	0	True
block464	rs9836291	49697459	SuSiE_95pct_CS:FinnGen_DEP:CS1	ENSG00000164061	BSN	protein_coding	49591922	49708978	+	0	True
block464	rs9836291	49697459	SuSiE_95pct_CS:deLange_IBD:CS1	ENSG00000164061	BSN	protein_coding	49591922	49708978	+	0	True
block464	rs9836291	49697459	SuSiE_95pct_CS:FinnGen_IBD:CS1	ENSG00000164061	BSN	protein_coding	49591922	49708978	+	0	True
block464	rs9837027	49597013	SuSiE_95pct_CS:FinnGen_DEP:CS1	ENSG00000164061	BSN	protein_coding	49591922	49708978	+	0	True
block464	rs9837341	49664767	SuSiE_95pct_CS:FinnGen_DEP:CS1	ENSG00000164061	BSN	protein_coding	49591922	49708978	+	0	True
block464	rs9858280	49597737	SuSiE_95pct_CS:FinnGen_DEP:CS1	ENSG00000164061	BSN	protein_coding	49591922	49708978	+	0	True
block464	rs9858542	49701983	SuSiE_95pct_CS:FinnGen_DEP:CS1	ENSG00000164061	BSN	protein_coding	49591922	49708978	+	0	True
block464	rs9858542	49701983	SuSiE_95pct_CS:deLange_IBD:CS1	ENSG00000164061	BSN	protein_coding	49591922	49708978	+	0	True
block464	rs9858542	49701983	SuSiE_95pct_CS:FinnGen_IBD:CS1	ENSG00000164061	BSN	protein_coding	49591922	49708978	+	0	True
block464	rs9862080	49674458	PLACO_lead	ENSG00000164061	BSN	protein_coding	49591922	49708978	+	0	True
block464	rs9862080	49674458	SuSiE_95pct_CS:FinnGen_DEP:CS1	ENSG00000164061	BSN	protein_coding	49591922	49708978	+	0	True
block464	rs9875617	49634696	SuSiE_95pct_CS:FinnGen_DEP:CS1	ENSG00000164061	BSN	protein_coding	49591922	49708978	+	0	True
block464	rs9882740	49702484	SuSiE_95pct_CS:FinnGen_DEP:CS1	ENSG00000164061	BSN	protein_coding	49591922	49708978	+	0	True
block464	rs9882740	49702484	SuSiE_95pct_CS:deLange_IBD:CS1	ENSG00000164061	BSN	protein_coding	49591922	49708978	+	0	True
block464	rs9882740	49702484	SuSiE_95pct_CS:FinnGen_IBD:CS1	ENSG00000164061	BSN	protein_coding	49591922	49708978	+	0	True
block464	rs4283605	49678651	SuSiE_95pct_CS:FinnGen_DEP:CS1	ENSG00000235120	BSN-AS1	antisense	49677916	49679202	-	0	True
block464	rs4283605	49678651	SuSiE_95pct_CS:deLange_IBD:CS1	ENSG00000235120	BSN-AS1	antisense	49677916	49679202	-	0	True
block464	rs4283605	49678651	SuSiE_95pct_CS:FinnGen_IBD:CS1	ENSG00000235120	BSN-AS1	antisense	49677916	49679202	-	0	True
block464	rs3811697	49590770	SuSiE_95pct_CS:FinnGen_DEP:CS1	ENSG00000226913	BSN-AS2	lincRNA	49586739	49591799	-	0	True
block464	rs10212296	49542273	SuSiE_95pct_CS:FinnGen_DEP:CS1	ENSG00000173402	DAG1	protein_coding	49506146	49573048	+	0	True
block464	rs11708955	49540114	SuSiE_95pct_CS:FinnGen_DEP:CS1	ENSG00000173402	DAG1	protein_coding	49506146	49573048	+	0	True
block464	rs11712569	49540152	SuSiE_95pct_CS:FinnGen_DEP:CS1	ENSG00000173402	DAG1	protein_coding	49506146	49573048	+	0	True
block464	rs11719996	49525958	SuSiE_95pct_CS:FinnGen_DEP:CS1	ENSG00000173402	DAG1	protein_coding	49506146	49573048	+	0	True
block464	rs12330269	49513910	SuSiE_95pct_CS:FinnGen_DEP:CS1	ENSG00000173402	DAG1	protein_coding	49506146	49573048	+	0	True
block464	rs13062429	49559485	SuSiE_95pct_CS:FinnGen_DEP:CS1	ENSG00000173402	DAG1	protein_coding	49506146	49573048	+	0	True
block464	rs1801143	49570200	SuSiE_95pct_CS:FinnGen_DEP:CS1	ENSG00000173402	DAG1	protein_coding	49506146	49573048	+	0	True
block464	rs34196454	49563456	SuSiE_95pct_CS:FinnGen_DEP:CS1	ENSG00000173402	DAG1	protein_coding	49506146	49573048	+	0	True
block464	rs34363169	49537712	SuSiE_95pct_CS:FinnGen_DEP:CS1	ENSG00000173402	DAG1	protein_coding	49506146	49573048	+	0	True
block464	rs3926569	49558716	SuSiE_95pct_CS:FinnGen_DEP:CS1	ENSG00000173402	DAG1	protein_coding	49506146	49573048	+	0	True
block464	rs4625	49572140	SuSiE_95pct_CS:FinnGen_DEP:CS1	ENSG00000173402	DAG1	protein_coding	49506146	49573048	+	0	True
block464	rs6766131	49538932	SuSiE_95pct_CS:FinnGen_DEP:CS1	ENSG00000173402	DAG1	protein_coding	49506146	49573048	+	0	True
block464	rs6766581	49539401	SuSiE_95pct_CS:FinnGen_DEP:CS1	ENSG00000173402	DAG1	protein_coding	49506146	49573048	+	0	True
block464	rs6797664	49539222	SuSiE_95pct_CS:FinnGen_DEP:CS1	ENSG00000173402	DAG1	protein_coding	49506146	49573048	+	0	True
block464	rs7630869	49522543	SuSiE_95pct_CS:FinnGen_DEP:CS1	ENSG00000173402	DAG1	protein_coding	49506146	49573048	+	0	True
block464	rs7633271	49555963	SuSiE_95pct_CS:FinnGen_DEP:CS1	ENSG00000173402	DAG1	protein_coding	49506146	49573048	+	0	True
block464	rs9821311	49543656	SuSiE_95pct_CS:FinnGen_DEP:CS1	ENSG00000173402	DAG1	protein_coding	49506146	49573048	+	0	True
block464	rs9850072	49529482	SuSiE_95pct_CS:FinnGen_DEP:CS1	ENSG00000173402	DAG1	protein_coding	49506146	49573048	+	0	True
block464	rs9853683	49512588	SuSiE_95pct_CS:FinnGen_DEP:CS1	ENSG00000173402	DAG1	protein_coding	49506146	49573048	+	0	True
block464	rs9858418	49543288	SuSiE_95pct_CS:FinnGen_DEP:CS1	ENSG00000173402	DAG1	protein_coding	49506146	49573048	+	0	True
block464	rs1050450	49394834	SuSiE_95pct_CS:FinnGen_DEP:CS1	ENSG00000233276	GPX1	protein_coding	49394609	49396033	-	0	True
block464	rs1800668	49395757	SuSiE_95pct_CS:FinnGen_DEP:CS1	ENSG00000233276	GPX1	protein_coding	49394609	49396033	-	0	True
block464	rs7426497	49789814	SuSiE_95pct_CS:FinnGen_DEP:CS1	ENSG00000176095	IP6K1	protein_coding	49761727	49823975	-	0	True
block464	rs7634902	49762662	SuSiE_95pct_CS:FinnGen_DEP:CS1	ENSG00000176095	IP6K1	protein_coding	49761727	49823975	-	0	True
block464	rs116068666	48034051	SuSiE_95pct_CS:FinnGen_IBD:CS2	ENSG00000047849	MAP4	protein_coding	47892182	48130769	-	0	True
block464	rs73087139	48009271	SuSiE_95pct_CS:FinnGen_IBD:CS2	ENSG00000047849	MAP4	protein_coding	47892182	48130769	-	0	True
block464	rs13085791	49721798	SuSiE_95pct_CS:FinnGen_DEP:CS1	ENSG00000173531	MST1	protein_coding	49721380	49726934	-	0	True
block464	rs13085791	49721798	SuSiE_95pct_CS:deLange_IBD:CS1	ENSG00000173531	MST1	protein_coding	49721380	49726934	-	0	True
block464	rs13085791	49721798	SuSiE_95pct_CS:FinnGen_IBD:CS1	ENSG00000173531	MST1	protein_coding	49721380	49726934	-	0	True
block464	rs6446272	49463287	SuSiE_95pct_CS:FinnGen_DEP:CS1	ENSG00000145029	NICN1	protein_coding	49460379	49466759	-	0	True
block464	rs11706370	49441091	SuSiE_95pct_CS:FinnGen_DEP:CS1	ENSG00000067560	RHOA	protein_coding	49396578	49450431	-	0	True
block464	rs11716974	49431853	SuSiE_95pct_CS:FinnGen_DEP:CS1	ENSG00000067560	RHOA	protein_coding	49396578	49450431	-	0	True
block464	rs13087851	49408974	SuSiE_95pct_CS:FinnGen_DEP:CS1	ENSG00000067560	RHOA	protein_coding	49396578	49450431	-	0	True
block464	rs1987628	49399259	SuSiE_95pct_CS:FinnGen_DEP:CS1	ENSG00000067560	RHOA	protein_coding	49396578	49450431	-	0	True
block464	rs35169793	49423274	SuSiE_95pct_CS:FinnGen_DEP:CS1	ENSG00000067560	RHOA	protein_coding	49396578	49450431	-	0	True
block464	rs6446264	49417243	SuSiE_95pct_CS:FinnGen_DEP:CS1	ENSG00000067560	RHOA	protein_coding	49396578	49450431	-	0	True
block464	rs67485053	49405164	SuSiE_95pct_CS:FinnGen_DEP:CS1	ENSG00000067560	RHOA	protein_coding	49396578	49450431	-	0	True
block464	rs6793308	49424283	SuSiE_95pct_CS:FinnGen_DEP:CS1	ENSG00000067560	RHOA	protein_coding	49396578	49450431	-	0	True
block464	rs6809216	49412559	SuSiE_95pct_CS:FinnGen_DEP:CS1	ENSG00000067560	RHOA	protein_coding	49396578	49450431	-	0	True
block464	rs7623659	49414791	SuSiE_95pct_CS:FinnGen_DEP:CS1	ENSG00000067560	RHOA	protein_coding	49396578	49450431	-	0	True
block464	rs7648841	49416825	SuSiE_95pct_CS:FinnGen_DEP:CS1	ENSG00000067560	RHOA	protein_coding	49396578	49450431	-	0	True
block464	rs9871380	49438221	SuSiE_95pct_CS:FinnGen_DEP:CS1	ENSG00000067560	RHOA	protein_coding	49396578	49450431	-	0	True
block464	rs9878943	49434654	SuSiE_95pct_CS:FinnGen_DEP:CS1	ENSG00000067560	RHOA	protein_coding	49396578	49450431	-	0	True
block464	rs11130218	49752372	SuSiE_95pct_CS:FinnGen_DEP:CS1	ENSG00000164068	RNF123	protein_coding	49726932	49758962	+	0	True
block464	rs11130219	49752427	SuSiE_95pct_CS:FinnGen_DEP:CS1	ENSG00000164068	RNF123	protein_coding	49726932	49758962	+	0	True
block464	rs1491986	49739086	SuSiE_95pct_CS:FinnGen_DEP:CS1	ENSG00000164068	RNF123	protein_coding	49726932	49758962	+	0	True
block464	rs6785549	49736565	SuSiE_95pct_CS:FinnGen_DEP:CS1	ENSG00000164068	RNF123	protein_coding	49726932	49758962	+	0	True
block464	rs9852529	49730625	SuSiE_95pct_CS:FinnGen_DEP:CS1	ENSG00000164068	RNF123	protein_coding	49726932	49758962	+	0	True
block464	rs9852529	49730625	SuSiE_95pct_CS:FinnGen_IBD:CS1	ENSG00000164068	RNF123	protein_coding	49726932	49758962	+	0	True
block464	rs9858213	49731861	SuSiE_95pct_CS:FinnGen_DEP:CS1	ENSG00000164068	RNF123	protein_coding	49726932	49758962	+	0	True
block464	rs9858213	49731861	SuSiE_95pct_CS:FinnGen_IBD:CS1	ENSG00000164068	RNF123	protein_coding	49726932	49758962	+	0	True
block464	rs142495009	47806534	SuSiE_95pct_CS:FinnGen_IBD:CS2	ENSG00000173473	SMARCC1	protein_coding	47626762	47823596	-	0	True
block464	rs6779524	49450449	SuSiE_95pct_CS:FinnGen_DEP:CS1	ENSG00000145022	TCTA	protein_coding	49449639	49453908	+	0	True
block464	rs6997	49453834	SuSiE_95pct_CS:FinnGen_DEP:CS1	ENSG00000145022	TCTA	protein_coding	49449639	49453908	+	0	True
block464	rs1128535	49866392	SuSiE_95pct_CS:FinnGen_DEP:CS1	ENSG00000183763	TRAIP	protein_coding	49866034	49894007	-	0	True
block464	rs13085679	49869631	SuSiE_95pct_CS:FinnGen_DEP:CS1	ENSG00000183763	TRAIP	protein_coding	49866034	49894007	-	0	True
block464	rs695238	49869158	SuSiE_95pct_CS:FinnGen_DEP:CS1	ENSG00000183763	TRAIP	protein_coding	49866034	49894007	-	0	True
block464	rs7645061	49868842	SuSiE_95pct_CS:FinnGen_DEP:CS1	ENSG00000183763	TRAIP	protein_coding	49866034	49894007	-	0	True
block464	rs7648987	49868455	SuSiE_95pct_CS:FinnGen_DEP:CS1	ENSG00000183763	TRAIP	protein_coding	49866034	49894007	-	0	True
block464	rs6779524	49450449	SuSiE_95pct_CS:FinnGen_DEP:CS1	ENSG00000067560	RHOA	protein_coding	49396578	49450431	-	18	False
block464	rs9814873	49454112	SuSiE_95pct_CS:FinnGen_DEP:CS1	ENSG00000145020	AMT	protein_coding	49454211	49460186	-	99	False
block464	rs13085791	49721798	SuSiE_95pct_CS:FinnGen_DEP:CS1	ENSG00000259970	AC099668.5	processed_transcript	49721913	49722416	-	115	False
block464	rs13085791	49721798	SuSiE_95pct_CS:deLange_IBD:CS1	ENSG00000259970	AC099668.5	processed_transcript	49721913	49722416	-	115	False
block464	rs13085791	49721798	SuSiE_95pct_CS:FinnGen_IBD:CS1	ENSG00000259970	AC099668.5	processed_transcript	49721913	49722416	-	115	False
block464	rs9814873	49454112	SuSiE_95pct_CS:FinnGen_DEP:CS1	ENSG00000145022	TCTA	protein_coding	49449639	49453908	+	204	False
block464	rs3811699	49396360	SuSiE_95pct_CS:FinnGen_DEP:CS1	ENSG00000067560	RHOA	protein_coding	49396578	49450431	-	218	False
block464	rs3811699	49396360	SuSiE_95pct_CS:FinnGen_DEP:CS1	ENSG00000233276	GPX1	protein_coding	49394609	49396033	-	327	False
block464	rs10640	49454277	SuSiE_95pct_CS:FinnGen_DEP:CS1	ENSG00000145022	TCTA	protein_coding	49449639	49453908	+	369	False
block464	rs6997	49453834	SuSiE_95pct_CS:FinnGen_DEP:CS1	ENSG00000145020	AMT	protein_coding	49454211	49460186	-	377	False
block464	rs13085791	49721798	SuSiE_95pct_CS:FinnGen_DEP:CS1	ENSG00000164062	APEH	protein_coding	49711435	49721396	+	402	False
block464	rs13085791	49721798	SuSiE_95pct_CS:deLange_IBD:CS1	ENSG00000164062	APEH	protein_coding	49711435	49721396	+	402	False
block464	rs13085791	49721798	SuSiE_95pct_CS:FinnGen_IBD:CS1	ENSG00000164062	APEH	protein_coding	49711435	49721396	+	402	False
block464	rs67485053	49405164	SuSiE_95pct_CS:FinnGen_DEP:CS1	ENSG00000235908	RHOA-IT1	sense_intronic	49402578	49404439	-	725	False
block464	rs1800668	49395757	SuSiE_95pct_CS:FinnGen_DEP:CS1	ENSG00000067560	RHOA	protein_coding	49396578	49450431	-	821	False
block464	rs3811697	49590770	SuSiE_95pct_CS:FinnGen_DEP:CS1	ENSG00000164061	BSN	protein_coding	49591922	49708978	+	1152	False
block464	rs7634902	49762662	SuSiE_95pct_CS:FinnGen_DEP:CS1	ENSG00000173540	GMPPB	protein_coding	49754277	49761384	-	1278	False
block464	rs7634902	49762662	SuSiE_95pct_CS:FinnGen_DEP:CS1	ENSG00000176020	AMIGO3	protein_coding	49754267	49761349	-	1313	False
block464	rs9871654	49825370	SuSiE_95pct_CS:FinnGen_DEP:CS1	ENSG00000176095	IP6K1	protein_coding	49761727	49823975	-	1395	False
block464	rs11715915	49455330	SuSiE_95pct_CS:FinnGen_DEP:CS1	ENSG00000145022	TCTA	protein_coding	49449639	49453908	+	1422	False
block464	rs6446272	49463287	SuSiE_95pct_CS:FinnGen_DEP:CS1	ENSG00000235261	NICN1-AS1	antisense	49460379	49461864	+	1423	False
block464	rs9822268	49719729	SuSiE_95pct_CS:FinnGen_DEP:CS1	ENSG00000173531	MST1	protein_coding	49721380	49726934	-	1651	False
block464	rs9822268	49719729	SuSiE_95pct_CS:deLange_IBD:CS1	ENSG00000173531	MST1	protein_coding	49721380	49726934	-	1651	False
block464	rs9822268	49719729	SuSiE_95pct_CS:FinnGen_IBD:CS1	ENSG00000173531	MST1	protein_coding	49721380	49726934	-	1651	False
block464	rs10865958	49858142	SuSiE_95pct_CS:FinnGen_DEP:CS1	ENSG00000263651	AC139451.1	miRNA	49856387	49856486	-	1656	False
block464	rs6775384	49853073	SuSiE_95pct_CS:FinnGen_DEP:CS1	ENSG00000182179	UBA7	protein_coding	49842640	49851379	-	1694	False
block464	rs1050450	49394834	SuSiE_95pct_CS:FinnGen_DEP:CS1	ENSG00000067560	RHOA	protein_coding	49396578	49450431	-	1744	False
block464	rs11130219	49752427	SuSiE_95pct_CS:FinnGen_DEP:CS1	ENSG00000176020	AMIGO3	protein_coding	49754267	49761349	-	1840	False
block464	rs11130219	49752427	SuSiE_95pct_CS:FinnGen_DEP:CS1	ENSG00000173540	GMPPB	protein_coding	49754277	49761384	-	1850	False
block464	rs11130218	49752372	SuSiE_95pct_CS:FinnGen_DEP:CS1	ENSG00000176020	AMIGO3	protein_coding	49754267	49761349	-	1895	False
block464	rs11130218	49752372	SuSiE_95pct_CS:FinnGen_DEP:CS1	ENSG00000173540	GMPPB	protein_coding	49754277	49761384	-	1905	False
block464	rs9822268	49719729	SuSiE_95pct_CS:FinnGen_DEP:CS1	ENSG00000259970	AC099668.5	processed_transcript	49721913	49722416	-	2184	False
block464	rs9822268	49719729	SuSiE_95pct_CS:deLange_IBD:CS1	ENSG00000259970	AC099668.5	processed_transcript	49721913	49722416	-	2184	False
block464	rs9822268	49719729	SuSiE_95pct_CS:FinnGen_IBD:CS1	ENSG00000259970	AC099668.5	processed_transcript	49721913	49722416	-	2184	False
block464	rs11130203	49575367	SuSiE_95pct_CS:FinnGen_DEP:CS1	ENSG00000173402	DAG1	protein_coding	49506146	49573048	+	2319	False
block464	rs9871654	49825370	SuSiE_95pct_CS:FinnGen_DEP:CS1	ENSG00000187492	CDHR4	protein_coding	49828165	49837268	-	2795	False
block464	rs6446272	49463287	SuSiE_95pct_CS:FinnGen_DEP:CS1	ENSG00000145020	AMT	protein_coding	49454211	49460186	-	3101	False
block464	rs9812791	49682311	SuSiE_95pct_CS:FinnGen_DEP:CS1	ENSG00000235120	BSN-AS1	antisense	49677916	49679202	-	3109	False
block464	rs9812791	49682311	SuSiE_95pct_CS:deLange_IBD:CS1	ENSG00000235120	BSN-AS1	antisense	49677916	49679202	-	3109	False
block464	rs9812791	49682311	SuSiE_95pct_CS:FinnGen_IBD:CS1	ENSG00000235120	BSN-AS1	antisense	49677916	49679202	-	3109	False
block464	rs1987628	49399259	SuSiE_95pct_CS:FinnGen_DEP:CS1	ENSG00000233276	GPX1	protein_coding	49394609	49396033	-	3226	False
block464	rs6775384	49853073	SuSiE_95pct_CS:FinnGen_DEP:CS1	ENSG00000263651	AC139451.1	miRNA	49856387	49856486	-	3314	False
block464	rs11130213	49712297	SuSiE_95pct_CS:FinnGen_DEP:CS1	ENSG00000164061	BSN	protein_coding	49591922	49708978	+	3319	False
block464	rs11130213	49712297	SuSiE_95pct_CS:deLange_IBD:CS1	ENSG00000164061	BSN	protein_coding	49591922	49708978	+	3319	False
block464	rs11130213	49712297	SuSiE_95pct_CS:FinnGen_IBD:CS1	ENSG00000164061	BSN	protein_coding	49591922	49708978	+	3319	False
block464	rs1987628	49399259	SuSiE_95pct_CS:FinnGen_DEP:CS1	ENSG00000235908	RHOA-IT1	sense_intronic	49402578	49404439	-	3319	False
block464	rs11711536	49391240	SuSiE_95pct_CS:FinnGen_DEP:CS1	ENSG00000233276	GPX1	protein_coding	49394609	49396033	-	3369	False
block464	rs6997	49453834	SuSiE_95pct_CS:FinnGen_DEP:CS1	ENSG00000067560	RHOA	protein_coding	49396578	49450431	-	3403	False
block464	rs9862080	49674458	PLACO_lead	ENSG00000235120	BSN-AS1	antisense	49677916	49679202	-	3458	False
block464	rs9862080	49674458	SuSiE_95pct_CS:FinnGen_DEP:CS1	ENSG00000235120	BSN-AS1	antisense	49677916	49679202	-	3458	False
block464	rs13090388	49391082	SuSiE_95pct_CS:FinnGen_DEP:CS1	ENSG00000233276	GPX1	protein_coding	49394609	49396033	-	3527	False
block464	rs9814873	49454112	SuSiE_95pct_CS:FinnGen_DEP:CS1	ENSG00000067560	RHOA	protein_coding	49396578	49450431	-	3681	False
block464	rs9852529	49730625	SuSiE_95pct_CS:FinnGen_DEP:CS1	ENSG00000173531	MST1	protein_coding	49721380	49726934	-	3691	False
block464	rs9852529	49730625	SuSiE_95pct_CS:FinnGen_IBD:CS1	ENSG00000173531	MST1	protein_coding	49721380	49726934	-	3691	False
block464	rs7634902	49762662	SuSiE_95pct_CS:FinnGen_DEP:CS1	ENSG00000164068	RNF123	protein_coding	49726932	49758962	+	3700	False
block464	rs6779524	49450449	SuSiE_95pct_CS:FinnGen_DEP:CS1	ENSG00000145020	AMT	protein_coding	49454211	49460186	-	3762	False
block464	rs10640	49454277	SuSiE_95pct_CS:FinnGen_DEP:CS1	ENSG00000067560	RHOA	protein_coding	49396578	49450431	-	3846	False
block464	rs7646366	49470668	SuSiE_95pct_CS:FinnGen_DEP:CS1	ENSG00000145029	NICN1	protein_coding	49460379	49466759	-	3909	False
block464	rs142495009	47806534	SuSiE_95pct_CS:FinnGen_IBD:CS2	ENSG00000266457	AC026318.1	miRNA	47810601	47810701	+	4067	False
block464	rs13087851	49408974	SuSiE_95pct_CS:FinnGen_DEP:CS1	ENSG00000235908	RHOA-IT1	sense_intronic	49402578	49404439	-	4535	False
block464	rs17080528	49389842	SuSiE_95pct_CS:FinnGen_DEP:CS1	ENSG00000233276	GPX1	protein_coding	49394609	49396033	-	4767	False
block464	rs11715915	49455330	SuSiE_95pct_CS:FinnGen_DEP:CS1	ENSG00000067560	RHOA	protein_coding	49396578	49450431	-	4899	False
block464	rs9858213	49731861	SuSiE_95pct_CS:FinnGen_DEP:CS1	ENSG00000173531	MST1	protein_coding	49721380	49726934	-	4927	False
block464	rs9858213	49731861	SuSiE_95pct_CS:FinnGen_IBD:CS1	ENSG00000173531	MST1	protein_coding	49721380	49726934	-	4927	False
block464	rs11715915	49455330	SuSiE_95pct_CS:FinnGen_DEP:CS1	ENSG00000145029	NICN1	protein_coding	49460379	49466759	-	5049	False
block464	rs11715915	49455330	SuSiE_95pct_CS:FinnGen_DEP:CS1	ENSG00000235261	NICN1-AS1	antisense	49460379	49461864	+	5049	False
block464	rs13085791	49721798	SuSiE_95pct_CS:FinnGen_DEP:CS1	ENSG00000164068	RNF123	protein_coding	49726932	49758962	+	5134	False
block464	rs13085791	49721798	SuSiE_95pct_CS:deLange_IBD:CS1	ENSG00000164068	RNF123	protein_coding	49726932	49758962	+	5134	False
block464	rs13085791	49721798	SuSiE_95pct_CS:FinnGen_IBD:CS1	ENSG00000164068	RNF123	protein_coding	49726932	49758962	+	5134	False
block464	rs9837027	49597013	SuSiE_95pct_CS:FinnGen_DEP:CS1	ENSG00000226913	BSN-AS2	lincRNA	49586739	49591799	-	5214	False
block464	rs1131095	49714225	SuSiE_95pct_CS:FinnGen_DEP:CS1	ENSG00000164061	BSN	protein_coding	49591922	49708978	+	5247	False
block464	rs1131095	49714225	SuSiE_95pct_CS:deLange_IBD:CS1	ENSG00000164061	BSN	protein_coding	49591922	49708978	+	5247	False
block464	rs1131095	49714225	SuSiE_95pct_CS:FinnGen_IBD:CS1	ENSG00000164061	BSN	protein_coding	49591922	49708978	+	5247	False
block464	rs11711536	49391240	SuSiE_95pct_CS:FinnGen_DEP:CS1	ENSG00000067560	RHOA	protein_coding	49396578	49450431	-	5338	False
block464	rs13090388	49391082	SuSiE_95pct_CS:FinnGen_DEP:CS1	ENSG00000067560	RHOA	protein_coding	49396578	49450431	-	5496	False
block464	rs9858280	49597737	SuSiE_95pct_CS:FinnGen_DEP:CS1	ENSG00000226913	BSN-AS2	lincRNA	49586739	49591799	-	5938	False
block464	rs34293138	49579017	SuSiE_95pct_CS:FinnGen_DEP:CS1	ENSG00000173402	DAG1	protein_coding	49506146	49573048	+	5969	False
block464	rs10640	49454277	SuSiE_95pct_CS:FinnGen_DEP:CS1	ENSG00000145029	NICN1	protein_coding	49460379	49466759	-	6102	False
block464	rs10640	49454277	SuSiE_95pct_CS:FinnGen_DEP:CS1	ENSG00000235261	NICN1-AS1	antisense	49460379	49461864	+	6102	False
block464	rs7426497	49789814	SuSiE_95pct_CS:FinnGen_DEP:CS1	ENSG00000239576	RP13-480C15.1	pseudogene	49795916	49796089	+	6102	False
block464	rs3811699	49396360	SuSiE_95pct_CS:FinnGen_DEP:CS1	ENSG00000235908	RHOA-IT1	sense_intronic	49402578	49404439	-	6218	False
block464	rs9814873	49454112	SuSiE_95pct_CS:FinnGen_DEP:CS1	ENSG00000145029	NICN1	protein_coding	49460379	49466759	-	6267	False
block464	rs9814873	49454112	SuSiE_95pct_CS:FinnGen_DEP:CS1	ENSG00000235261	NICN1-AS1	antisense	49460379	49461864	+	6267	False
block464	rs6446277	49473077	SuSiE_95pct_CS:FinnGen_DEP:CS1	ENSG00000145029	NICN1	protein_coding	49460379	49466759	-	6318	False
block464	rs6997	49453834	SuSiE_95pct_CS:FinnGen_DEP:CS1	ENSG00000145029	NICN1	protein_coding	49460379	49466759	-	6545	False
block464	rs6997	49453834	SuSiE_95pct_CS:FinnGen_DEP:CS1	ENSG00000235261	NICN1-AS1	antisense	49460379	49461864	+	6545	False
block464	rs73087139	48009271	SuSiE_95pct_CS:FinnGen_IBD:CS2	ENSG00000224895	VPS26BP1	pseudogene	48001817	48002571	-	6700	False
block464	rs17080528	49389842	SuSiE_95pct_CS:FinnGen_DEP:CS1	ENSG00000067560	RHOA	protein_coding	49396578	49450431	-	6736	False
block464	rs10865958	49858142	SuSiE_95pct_CS:FinnGen_DEP:CS1	ENSG00000182179	UBA7	protein_coding	49842640	49851379	-	6763	False
block464	rs1800668	49395757	SuSiE_95pct_CS:FinnGen_DEP:CS1	ENSG00000235908	RHOA-IT1	sense_intronic	49402578	49404439	-	6821	False
block464	rs1131095	49714225	SuSiE_95pct_CS:FinnGen_DEP:CS1	ENSG00000173531	MST1	protein_coding	49721380	49726934	-	7155	False
block464	rs1131095	49714225	SuSiE_95pct_CS:deLange_IBD:CS1	ENSG00000173531	MST1	protein_coding	49721380	49726934	-	7155	False
block464	rs1131095	49714225	SuSiE_95pct_CS:FinnGen_IBD:CS1	ENSG00000173531	MST1	protein_coding	49721380	49726934	-	7155	False
block464	rs9822268	49719729	SuSiE_95pct_CS:FinnGen_DEP:CS1	ENSG00000164068	RNF123	protein_coding	49726932	49758962	+	7203	False
block464	rs9822268	49719729	SuSiE_95pct_CS:deLange_IBD:CS1	ENSG00000164068	RNF123	protein_coding	49726932	49758962	+	7203	False
block464	rs9822268	49719729	SuSiE_95pct_CS:FinnGen_IBD:CS1	ENSG00000164068	RNF123	protein_coding	49726932	49758962	+	7203	False
block464	rs6770670	49686682	SuSiE_95pct_CS:FinnGen_DEP:CS1	ENSG00000235120	BSN-AS1	antisense	49677916	49679202	-	7480	False
block464	rs6770670	49686682	SuSiE_95pct_CS:deLange_IBD:CS1	ENSG00000235120	BSN-AS1	antisense	49677916	49679202	-	7480	False
block464	rs6770670	49686682	SuSiE_95pct_CS:FinnGen_IBD:CS1	ENSG00000235120	BSN-AS1	antisense	49677916	49679202	-	7480	False
block464	rs1131095	49714225	SuSiE_95pct_CS:FinnGen_DEP:CS1	ENSG00000259970	AC099668.5	processed_transcript	49721913	49722416	-	7688	False
block464	rs1131095	49714225	SuSiE_95pct_CS:deLange_IBD:CS1	ENSG00000259970	AC099668.5	processed_transcript	49721913	49722416	-	7688	False
block464	rs1131095	49714225	SuSiE_95pct_CS:FinnGen_IBD:CS1	ENSG00000259970	AC099668.5	processed_transcript	49721913	49722416	-	7688	False
block464	rs34293138	49579017	SuSiE_95pct_CS:FinnGen_DEP:CS1	ENSG00000226913	BSN-AS2	lincRNA	49586739	49591799	-	7722	False
block464	rs1050450	49394834	SuSiE_95pct_CS:FinnGen_DEP:CS1	ENSG00000235908	RHOA-IT1	sense_intronic	49402578	49404439	-	7744	False
block464	rs10865958	49858142	SuSiE_95pct_CS:FinnGen_DEP:CS1	ENSG00000183763	TRAIP	protein_coding	49866034	49894007	-	7892	False
block464	rs9853683	49512588	SuSiE_95pct_CS:FinnGen_DEP:CS1	ENSG00000201301	RNA5SP130	rRNA	49504548	49504661	-	7927	False
block464	rs6809216	49412559	SuSiE_95pct_CS:FinnGen_DEP:CS1	ENSG00000235908	RHOA-IT1	sense_intronic	49402578	49404439	-	8120	False
block464	rs9852529	49730625	SuSiE_95pct_CS:FinnGen_DEP:CS1	ENSG00000259970	AC099668.5	processed_transcript	49721913	49722416	-	8209	False
block464	rs9852529	49730625	SuSiE_95pct_CS:FinnGen_IBD:CS1	ENSG00000259970	AC099668.5	processed_transcript	49721913	49722416	-	8209	False
block464	rs35115732	49475155	SuSiE_95pct_CS:FinnGen_DEP:CS1	ENSG00000145029	NICN1	protein_coding	49460379	49466759	-	8396	False
block464	rs11706370	49441091	SuSiE_95pct_CS:FinnGen_DEP:CS1	ENSG00000145022	TCTA	protein_coding	49449639	49453908	+	8548	False
block464	rs7646366	49470668	SuSiE_95pct_CS:FinnGen_DEP:CS1	ENSG00000235261	NICN1-AS1	antisense	49460379	49461864	+	8804	False
block464	rs9882740	49702484	SuSiE_95pct_CS:FinnGen_DEP:CS1	ENSG00000164062	APEH	protein_coding	49711435	49721396	+	8951	False
block464	rs9882740	49702484	SuSiE_95pct_CS:deLange_IBD:CS1	ENSG00000164062	APEH	protein_coding	49711435	49721396	+	8951	False
block464	rs9882740	49702484	SuSiE_95pct_CS:FinnGen_IBD:CS1	ENSG00000164062	APEH	protein_coding	49711435	49721396	+	8951	False
block464	rs11130213	49712297	SuSiE_95pct_CS:FinnGen_DEP:CS1	ENSG00000173531	MST1	protein_coding	49721380	49726934	-	9083	False
block464	rs11130213	49712297	SuSiE_95pct_CS:deLange_IBD:CS1	ENSG00000173531	MST1	protein_coding	49721380	49726934	-	9083	False
block464	rs11130213	49712297	SuSiE_95pct_CS:FinnGen_IBD:CS1	ENSG00000173531	MST1	protein_coding	49721380	49726934	-	9083	False
block464	rs67485053	49405164	SuSiE_95pct_CS:FinnGen_DEP:CS1	ENSG00000233276	GPX1	protein_coding	49394609	49396033	-	9131	False
block464	rs9852529	49730625	SuSiE_95pct_CS:FinnGen_DEP:CS1	ENSG00000164062	APEH	protein_coding	49711435	49721396	+	9229	False
block464	rs9852529	49730625	SuSiE_95pct_CS:FinnGen_IBD:CS1	ENSG00000164062	APEH	protein_coding	49711435	49721396	+	9229	False
block464	rs12330269	49513910	SuSiE_95pct_CS:FinnGen_DEP:CS1	ENSG00000201301	RNA5SP130	rRNA	49504548	49504661	-	9249	False
block464	rs11130219	49752427	SuSiE_95pct_CS:FinnGen_DEP:CS1	ENSG00000176095	IP6K1	protein_coding	49761727	49823975	-	9300	False
block464	rs11130218	49752372	SuSiE_95pct_CS:FinnGen_DEP:CS1	ENSG00000176095	IP6K1	protein_coding	49761727	49823975	-	9355	False
block464	rs6446272	49463287	SuSiE_95pct_CS:FinnGen_DEP:CS1	ENSG00000145022	TCTA	protein_coding	49449639	49453908	+	9379	False
block464	rs6775384	49853073	SuSiE_95pct_CS:FinnGen_DEP:CS1	ENSG00000263506	MIR5193	miRNA	49843570	49843678	-	9395	False
block464	rs9858213	49731861	SuSiE_95pct_CS:FinnGen_DEP:CS1	ENSG00000259970	AC099668.5	processed_transcript	49721913	49722416	-	9445	False
block464	rs9858213	49731861	SuSiE_95pct_CS:FinnGen_IBD:CS1	ENSG00000259970	AC099668.5	processed_transcript	49721913	49722416	-	9445	False
block464	rs9858542	49701983	SuSiE_95pct_CS:FinnGen_DEP:CS1	ENSG00000164062	APEH	protein_coding	49711435	49721396	+	9452	False
block464	rs9858542	49701983	SuSiE_95pct_CS:deLange_IBD:CS1	ENSG00000164062	APEH	protein_coding	49711435	49721396	+	9452	False
block464	rs9858542	49701983	SuSiE_95pct_CS:FinnGen_IBD:CS1	ENSG00000164062	APEH	protein_coding	49711435	49721396	+	9452	False
block464	rs11130213	49712297	SuSiE_95pct_CS:FinnGen_DEP:CS1	ENSG00000259970	AC099668.5	processed_transcript	49721913	49722416	-	9616	False
block464	rs11130213	49712297	SuSiE_95pct_CS:deLange_IBD:CS1	ENSG00000259970	AC099668.5	processed_transcript	49721913	49722416	-	9616	False
block464	rs11130213	49712297	SuSiE_95pct_CS:FinnGen_IBD:CS1	ENSG00000259970	AC099668.5	processed_transcript	49721913	49722416	-	9616	False
block464	rs6785549	49736565	SuSiE_95pct_CS:FinnGen_DEP:CS1	ENSG00000173531	MST1	protein_coding	49721380	49726934	-	9631	False
block464	rs1128535	49866392	SuSiE_95pct_CS:FinnGen_DEP:CS1	ENSG00000263651	AC139451.1	miRNA	49856387	49856486	-	9906	False
block464	rs6779524	49450449	SuSiE_95pct_CS:FinnGen_DEP:CS1	ENSG00000145029	NICN1	protein_coding	49460379	49466759	-	9930	False
block464	rs6779524	49450449	SuSiE_95pct_CS:FinnGen_DEP:CS1	ENSG00000235261	NICN1-AS1	antisense	49460379	49461864	+	9930	False
block464	rs34762726	49689210	SuSiE_95pct_CS:FinnGen_DEP:CS1	ENSG00000235120	BSN-AS1	antisense	49677916	49679202	-	10008	False
block464	rs34762726	49689210	SuSiE_95pct_CS:deLange_IBD:CS1	ENSG00000235120	BSN-AS1	antisense	49677916	49679202	-	10008	False
block464	rs34762726	49689210	SuSiE_95pct_CS:FinnGen_IBD:CS1	ENSG00000235120	BSN-AS1	antisense	49677916	49679202	-	10008	False
block464	rs7623659	49414791	SuSiE_95pct_CS:FinnGen_DEP:CS1	ENSG00000235908	RHOA-IT1	sense_intronic	49402578	49404439	-	10352	False
block464	rs9858213	49731861	SuSiE_95pct_CS:FinnGen_DEP:CS1	ENSG00000164062	APEH	protein_coding	49711435	49721396	+	10465	False
block464	rs9858213	49731861	SuSiE_95pct_CS:FinnGen_IBD:CS1	ENSG00000164062	APEH	protein_coding	49711435	49721396	+	10465	False
block464	rs7646366	49470668	SuSiE_95pct_CS:FinnGen_DEP:CS1	ENSG00000145020	AMT	protein_coding	49454211	49460186	-	10482	False
block464	rs6775384	49853073	SuSiE_95pct_CS:FinnGen_DEP:CS1	ENSG00000185614	FAM212A	protein_coding	49840687	49842463	+	10610	False
block464	rs13079643	49477466	SuSiE_95pct_CS:FinnGen_DEP:CS1	ENSG00000145029	NICN1	protein_coding	49460379	49466759	-	10707	False
block464	rs9822268	49719729	SuSiE_95pct_CS:FinnGen_DEP:CS1	ENSG00000164061	BSN	protein_coding	49591922	49708978	+	10751	False
block464	rs9822268	49719729	SuSiE_95pct_CS:deLange_IBD:CS1	ENSG00000164061	BSN	protein_coding	49591922	49708978	+	10751	False
block464	rs9822268	49719729	SuSiE_95pct_CS:FinnGen_IBD:CS1	ENSG00000164061	BSN	protein_coding	49591922	49708978	+	10751	False
block464	rs1873625	49666964	SuSiE_95pct_CS:FinnGen_DEP:CS1	ENSG00000235120	BSN-AS1	antisense	49677916	49679202	-	10952	False
block464	rs6446277	49473077	SuSiE_95pct_CS:FinnGen_DEP:CS1	ENSG00000235261	NICN1-AS1	antisense	49460379	49461864	+	11213	False
block464	rs11709525	49690496	SuSiE_95pct_CS:FinnGen_DEP:CS1	ENSG00000235120	BSN-AS1	antisense	49677916	49679202	-	11294	False
block464	rs11709525	49690496	SuSiE_95pct_CS:deLange_IBD:CS1	ENSG00000235120	BSN-AS1	antisense	49677916	49679202	-	11294	False
block464	rs11709525	49690496	SuSiE_95pct_CS:FinnGen_IBD:CS1	ENSG00000235120	BSN-AS1	antisense	49677916	49679202	-	11294	False
block464	rs11711536	49391240	SuSiE_95pct_CS:FinnGen_DEP:CS1	ENSG00000235908	RHOA-IT1	sense_intronic	49402578	49404439	-	11338	False
block464	rs11130203	49575367	SuSiE_95pct_CS:FinnGen_DEP:CS1	ENSG00000226913	BSN-AS2	lincRNA	49586739	49591799	-	11372	False
block464	rs67216675	49493151	SuSiE_95pct_CS:FinnGen_DEP:CS1	ENSG00000201301	RNA5SP130	rRNA	49504548	49504661	-	11397	False
block464	rs9871380	49438221	SuSiE_95pct_CS:FinnGen_DEP:CS1	ENSG00000145022	TCTA	protein_coding	49449639	49453908	+	11418	False
block464	rs11926781	49603289	SuSiE_95pct_CS:FinnGen_DEP:CS1	ENSG00000226913	BSN-AS2	lincRNA	49586739	49591799	-	11490	False
block464	rs13090388	49391082	SuSiE_95pct_CS:FinnGen_DEP:CS1	ENSG00000235908	RHOA-IT1	sense_intronic	49402578	49404439	-	11496	False
block464	rs17080528	49389842	SuSiE_95pct_CS:FinnGen_DEP:CS1	ENSG00000114316	USP4	protein_coding	49315264	49378145	-	11697	False
block464	rs6803222	49665976	SuSiE_95pct_CS:FinnGen_DEP:CS1	ENSG00000235120	BSN-AS1	antisense	49677916	49679202	-	11940	False
block464	rs7648987	49868455	SuSiE_95pct_CS:FinnGen_DEP:CS1	ENSG00000263651	AC139451.1	miRNA	49856387	49856486	-	11969	False
block464	rs1491986	49739086	SuSiE_95pct_CS:FinnGen_DEP:CS1	ENSG00000173531	MST1	protein_coding	49721380	49726934	-	12152	False
block464	rs9871654	49825370	SuSiE_95pct_CS:FinnGen_DEP:CS1	ENSG00000244730	RP13-1056D16.2	pseudogene	49812718	49813047	+	12323	False
block464	rs7645061	49868842	SuSiE_95pct_CS:FinnGen_DEP:CS1	ENSG00000263651	AC139451.1	miRNA	49856387	49856486	-	12356	False
block464	rs7648841	49416825	SuSiE_95pct_CS:FinnGen_DEP:CS1	ENSG00000235908	RHOA-IT1	sense_intronic	49402578	49404439	-	12386	False
block464	rs695238	49869158	SuSiE_95pct_CS:FinnGen_DEP:CS1	ENSG00000263651	AC139451.1	miRNA	49856387	49856486	-	12672	False
block464	rs1131095	49714225	SuSiE_95pct_CS:FinnGen_DEP:CS1	ENSG00000164068	RNF123	protein_coding	49726932	49758962	+	12707	False
block464	rs1131095	49714225	SuSiE_95pct_CS:deLange_IBD:CS1	ENSG00000164068	RNF123	protein_coding	49726932	49758962	+	12707	False
block464	rs1131095	49714225	SuSiE_95pct_CS:FinnGen_IBD:CS1	ENSG00000164068	RNF123	protein_coding	49726932	49758962	+	12707	False
block464	rs17080528	49389842	SuSiE_95pct_CS:FinnGen_DEP:CS1	ENSG00000235908	RHOA-IT1	sense_intronic	49402578	49404439	-	12736	False
block464	rs6446264	49417243	SuSiE_95pct_CS:FinnGen_DEP:CS1	ENSG00000235908	RHOA-IT1	sense_intronic	49402578	49404439	-	12804	False
block464	rs13085791	49721798	SuSiE_95pct_CS:FinnGen_DEP:CS1	ENSG00000164061	BSN	protein_coding	49591922	49708978	+	12820	False
block464	rs13085791	49721798	SuSiE_95pct_CS:deLange_IBD:CS1	ENSG00000164061	BSN	protein_coding	49591922	49708978	+	12820	False
block464	rs13085791	49721798	SuSiE_95pct_CS:FinnGen_IBD:CS1	ENSG00000164061	BSN	protein_coding	49591922	49708978	+	12820	False
block464	rs6446272	49463287	SuSiE_95pct_CS:FinnGen_DEP:CS1	ENSG00000067560	RHOA	protein_coding	49396578	49450431	-	12856	False
block464	rs6446277	49473077	SuSiE_95pct_CS:FinnGen_DEP:CS1	ENSG00000145020	AMT	protein_coding	49454211	49460186	-	12891	False
block464	rs34293138	49579017	SuSiE_95pct_CS:FinnGen_DEP:CS1	ENSG00000164061	BSN	protein_coding	49591922	49708978	+	12905	False
block464	rs13090388	49391082	SuSiE_95pct_CS:FinnGen_DEP:CS1	ENSG00000114316	USP4	protein_coding	49315264	49378145	-	12937	False
block464	rs13087851	49408974	SuSiE_95pct_CS:FinnGen_DEP:CS1	ENSG00000233276	GPX1	protein_coding	49394609	49396033	-	12941	False
block464	rs6775384	49853073	SuSiE_95pct_CS:FinnGen_DEP:CS1	ENSG00000183763	TRAIP	protein_coding	49866034	49894007	-	12961	False
block464	rs67216675	49493151	SuSiE_95pct_CS:FinnGen_DEP:CS1	ENSG00000173402	DAG1	protein_coding	49506146	49573048	+	12995	False
block464	rs11711536	49391240	SuSiE_95pct_CS:FinnGen_DEP:CS1	ENSG00000114316	USP4	protein_coding	49315264	49378145	-	13095	False
block464	rs11706370	49441091	SuSiE_95pct_CS:FinnGen_DEP:CS1	ENSG00000145020	AMT	protein_coding	49454211	49460186	-	13120	False
block464	rs13085679	49869631	SuSiE_95pct_CS:FinnGen_DEP:CS1	ENSG00000263651	AC139451.1	miRNA	49856387	49856486	-	13145	False
block464	rs9837341	49664767	SuSiE_95pct_CS:FinnGen_DEP:CS1	ENSG00000235120	BSN-AS1	antisense	49677916	49679202	-	13149	False
block464	rs35115732	49475155	SuSiE_95pct_CS:FinnGen_DEP:CS1	ENSG00000235261	NICN1-AS1	antisense	49460379	49461864	+	13291	False
block464	rs9836291	49697459	SuSiE_95pct_CS:FinnGen_DEP:CS1	ENSG00000164062	APEH	protein_coding	49711435	49721396	+	13976	False
block464	rs9836291	49697459	SuSiE_95pct_CS:deLange_IBD:CS1	ENSG00000164062	APEH	protein_coding	49711435	49721396	+	13976	False
block464	rs9836291	49697459	SuSiE_95pct_CS:FinnGen_IBD:CS1	ENSG00000164062	APEH	protein_coding	49711435	49721396	+	13976	False
block464	rs6785549	49736565	SuSiE_95pct_CS:FinnGen_DEP:CS1	ENSG00000259970	AC099668.5	processed_transcript	49721913	49722416	-	14149	False
block464	rs10865958	49858142	SuSiE_95pct_CS:FinnGen_DEP:CS1	ENSG00000263506	MIR5193	miRNA	49843570	49843678	-	14464	False
block464	rs4625	49572140	SuSiE_95pct_CS:FinnGen_DEP:CS1	ENSG00000226913	BSN-AS2	lincRNA	49586739	49591799	-	14599	False
block464	rs11130213	49712297	SuSiE_95pct_CS:FinnGen_DEP:CS1	ENSG00000164068	RNF123	protein_coding	49726932	49758962	+	14635	False
block464	rs11130213	49712297	SuSiE_95pct_CS:deLange_IBD:CS1	ENSG00000164068	RNF123	protein_coding	49726932	49758962	+	14635	False
block464	rs11130213	49712297	SuSiE_95pct_CS:FinnGen_IBD:CS1	ENSG00000164068	RNF123	protein_coding	49726932	49758962	+	14635	False
block464	rs11718165	49696797	SuSiE_95pct_CS:FinnGen_DEP:CS1	ENSG00000164062	APEH	protein_coding	49711435	49721396	+	14638	False
block464	rs11718165	49696797	SuSiE_95pct_CS:FinnGen_IBD:CS1	ENSG00000164062	APEH	protein_coding	49711435	49721396	+	14638	False
block464	rs35115732	49475155	SuSiE_95pct_CS:FinnGen_DEP:CS1	ENSG00000145020	AMT	protein_coding	49454211	49460186	-	14969	False
block464	rs9878943	49434654	SuSiE_95pct_CS:FinnGen_DEP:CS1	ENSG00000145022	TCTA	protein_coding	49449639	49453908	+	14985	False
block464	rs1128535	49866392	SuSiE_95pct_CS:FinnGen_DEP:CS1	ENSG00000182179	UBA7	protein_coding	49842640	49851379	-	15013	False
block464	rs6785549	49736565	SuSiE_95pct_CS:FinnGen_DEP:CS1	ENSG00000164062	APEH	protein_coding	49711435	49721396	+	15169	False
block464	rs1491986	49739086	SuSiE_95pct_CS:FinnGen_DEP:CS1	ENSG00000176020	AMIGO3	protein_coding	49754267	49761349	-	15181	False
block464	rs1491986	49739086	SuSiE_95pct_CS:FinnGen_DEP:CS1	ENSG00000173540	GMPPB	protein_coding	49754277	49761384	-	15191	False
block464	rs9871654	49825370	SuSiE_95pct_CS:FinnGen_DEP:CS1	ENSG00000185614	FAM212A	protein_coding	49840687	49842463	+	15317	False
block464	rs13079643	49477466	SuSiE_95pct_CS:FinnGen_DEP:CS1	ENSG00000235261	NICN1-AS1	antisense	49460379	49461864	+	15602	False
block464	rs10865958	49858142	SuSiE_95pct_CS:FinnGen_DEP:CS1	ENSG00000185614	FAM212A	protein_coding	49840687	49842463	+	15679	False
block464	rs6775384	49853073	SuSiE_95pct_CS:FinnGen_DEP:CS1	ENSG00000187492	CDHR4	protein_coding	49828165	49837268	-	15805	False
block464	rs9871380	49438221	SuSiE_95pct_CS:FinnGen_DEP:CS1	ENSG00000145020	AMT	protein_coding	49454211	49460186	-	15990	False
block464	rs6809216	49412559	SuSiE_95pct_CS:FinnGen_DEP:CS1	ENSG00000233276	GPX1	protein_coding	49394609	49396033	-	16526	False
block464	rs1801143	49570200	SuSiE_95pct_CS:FinnGen_DEP:CS1	ENSG00000226913	BSN-AS2	lincRNA	49586739	49591799	-	16539	False
block464	rs11130203	49575367	SuSiE_95pct_CS:FinnGen_DEP:CS1	ENSG00000164061	BSN	protein_coding	49591922	49708978	+	16555	False
block464	rs1491986	49739086	SuSiE_95pct_CS:FinnGen_DEP:CS1	ENSG00000259970	AC099668.5	processed_transcript	49721913	49722416	-	16670	False
block464	rs1050450	49394834	SuSiE_95pct_CS:FinnGen_DEP:CS1	ENSG00000114316	USP4	protein_coding	49315264	49378145	-	16689	False
block464	rs7646366	49470668	SuSiE_95pct_CS:FinnGen_DEP:CS1	ENSG00000145022	TCTA	protein_coding	49449639	49453908	+	16760	False
block464	rs71324962	49487487	SuSiE_95pct_CS:FinnGen_DEP:CS1	ENSG00000201301	RNA5SP130	rRNA	49504548	49504661	-	17061	False
block464	rs7648987	49868455	SuSiE_95pct_CS:FinnGen_DEP:CS1	ENSG00000182179	UBA7	protein_coding	49842640	49851379	-	17076	False
block464	rs9871654	49825370	SuSiE_95pct_CS:FinnGen_DEP:CS1	ENSG00000182179	UBA7	protein_coding	49842640	49851379	-	17270	False
block464	rs13079643	49477466	SuSiE_95pct_CS:FinnGen_DEP:CS1	ENSG00000145020	AMT	protein_coding	49454211	49460186	-	17280	False
block464	rs7645061	49868842	SuSiE_95pct_CS:FinnGen_DEP:CS1	ENSG00000182179	UBA7	protein_coding	49842640	49851379	-	17463	False
block464	rs11718165	49696797	SuSiE_95pct_CS:FinnGen_DEP:CS1	ENSG00000235120	BSN-AS1	antisense	49677916	49679202	-	17595	False
block464	rs11718165	49696797	SuSiE_95pct_CS:FinnGen_IBD:CS1	ENSG00000235120	BSN-AS1	antisense	49677916	49679202	-	17595	False
block464	rs1800668	49395757	SuSiE_95pct_CS:FinnGen_DEP:CS1	ENSG00000114316	USP4	protein_coding	49315264	49378145	-	17612	False
block464	rs1491986	49739086	SuSiE_95pct_CS:FinnGen_DEP:CS1	ENSG00000164062	APEH	protein_coding	49711435	49721396	+	17690	False
block464	rs6785549	49736565	SuSiE_95pct_CS:FinnGen_DEP:CS1	ENSG00000176020	AMIGO3	protein_coding	49754267	49761349	-	17702	False
block464	rs6785549	49736565	SuSiE_95pct_CS:FinnGen_DEP:CS1	ENSG00000173540	GMPPB	protein_coding	49754277	49761384	-	17712	False
block464	rs3811697	49590770	SuSiE_95pct_CS:FinnGen_DEP:CS1	ENSG00000173402	DAG1	protein_coding	49506146	49573048	+	17722	False
block464	rs695238	49869158	SuSiE_95pct_CS:FinnGen_DEP:CS1	ENSG00000182179	UBA7	protein_coding	49842640	49851379	-	17779	False
block464	rs11716974	49431853	SuSiE_95pct_CS:FinnGen_DEP:CS1	ENSG00000145022	TCTA	protein_coding	49449639	49453908	+	17786	False
block464	rs7630869	49522543	SuSiE_95pct_CS:FinnGen_DEP:CS1	ENSG00000201301	RNA5SP130	rRNA	49504548	49504661	-	17882	False
block464	rs9871654	49825370	SuSiE_95pct_CS:FinnGen_DEP:CS1	ENSG00000263506	MIR5193	miRNA	49843570	49843678	-	18200	False
block464	rs3811699	49396360	SuSiE_95pct_CS:FinnGen_DEP:CS1	ENSG00000114316	USP4	protein_coding	49315264	49378145	-	18215	False
block464	rs13085679	49869631	SuSiE_95pct_CS:FinnGen_DEP:CS1	ENSG00000182179	UBA7	protein_coding	49842640	49851379	-	18252	False
block464	rs9836291	49697459	SuSiE_95pct_CS:FinnGen_DEP:CS1	ENSG00000235120	BSN-AS1	antisense	49677916	49679202	-	18257	False
block464	rs9836291	49697459	SuSiE_95pct_CS:deLange_IBD:CS1	ENSG00000235120	BSN-AS1	antisense	49677916	49679202	-	18257	False
block464	rs9836291	49697459	SuSiE_95pct_CS:FinnGen_IBD:CS1	ENSG00000235120	BSN-AS1	antisense	49677916	49679202	-	18257	False
block464	rs34427167	49610223	SuSiE_95pct_CS:FinnGen_DEP:CS1	ENSG00000226913	BSN-AS2	lincRNA	49586739	49591799	-	18424	False
block464	rs71324962	49487487	SuSiE_95pct_CS:FinnGen_DEP:CS1	ENSG00000173402	DAG1	protein_coding	49506146	49573048	+	18659	False
block464	rs7623659	49414791	SuSiE_95pct_CS:FinnGen_DEP:CS1	ENSG00000233276	GPX1	protein_coding	49394609	49396033	-	18758	False
block464	rs35169793	49423274	SuSiE_95pct_CS:FinnGen_DEP:CS1	ENSG00000235908	RHOA-IT1	sense_intronic	49402578	49404439	-	18835	False
block464	rs9882740	49702484	SuSiE_95pct_CS:FinnGen_DEP:CS1	ENSG00000173531	MST1	protein_coding	49721380	49726934	-	18896	False
block464	rs9882740	49702484	SuSiE_95pct_CS:deLange_IBD:CS1	ENSG00000173531	MST1	protein_coding	49721380	49726934	-	18896	False
block464	rs9882740	49702484	SuSiE_95pct_CS:FinnGen_IBD:CS1	ENSG00000173531	MST1	protein_coding	49721380	49726934	-	18896	False
block464	rs6446277	49473077	SuSiE_95pct_CS:FinnGen_DEP:CS1	ENSG00000145022	TCTA	protein_coding	49449639	49453908	+	19169	False
block464	rs11706370	49441091	SuSiE_95pct_CS:FinnGen_DEP:CS1	ENSG00000145029	NICN1	protein_coding	49460379	49466759	-	19288	False
block464	rs11706370	49441091	SuSiE_95pct_CS:FinnGen_DEP:CS1	ENSG00000235261	NICN1-AS1	antisense	49460379	49461864	+	19288	False
block464	rs9858542	49701983	SuSiE_95pct_CS:FinnGen_DEP:CS1	ENSG00000173531	MST1	protein_coding	49721380	49726934	-	19397	False
block464	rs9858542	49701983	SuSiE_95pct_CS:deLange_IBD:CS1	ENSG00000173531	MST1	protein_coding	49721380	49726934	-	19397	False
block464	rs9858542	49701983	SuSiE_95pct_CS:FinnGen_IBD:CS1	ENSG00000173531	MST1	protein_coding	49721380	49726934	-	19397	False
block464	rs9882740	49702484	SuSiE_95pct_CS:FinnGen_DEP:CS1	ENSG00000259970	AC099668.5	processed_transcript	49721913	49722416	-	19429	False
block464	rs9882740	49702484	SuSiE_95pct_CS:deLange_IBD:CS1	ENSG00000259970	AC099668.5	processed_transcript	49721913	49722416	-	19429	False
block464	rs9882740	49702484	SuSiE_95pct_CS:FinnGen_IBD:CS1	ENSG00000259970	AC099668.5	processed_transcript	49721913	49722416	-	19429	False
block464	rs9878943	49434654	SuSiE_95pct_CS:FinnGen_DEP:CS1	ENSG00000145020	AMT	protein_coding	49454211	49460186	-	19557	False
block464	rs11713474	49611457	SuSiE_95pct_CS:FinnGen_DEP:CS1	ENSG00000226913	BSN-AS2	lincRNA	49586739	49591799	-	19658	False
block464	rs4625	49572140	SuSiE_95pct_CS:FinnGen_DEP:CS1	ENSG00000164061	BSN	protein_coding	49591922	49708978	+	19782	False
block464	rs6793308	49424283	SuSiE_95pct_CS:FinnGen_DEP:CS1	ENSG00000235908	RHOA-IT1	sense_intronic	49402578	49404439	-	19844	False
block464	rs9858542	49701983	SuSiE_95pct_CS:FinnGen_DEP:CS1	ENSG00000259970	AC099668.5	processed_transcript	49721913	49722416	-	19930	False
block464	rs9858542	49701983	SuSiE_95pct_CS:deLange_IBD:CS1	ENSG00000259970	AC099668.5	processed_transcript	49721913	49722416	-	19930	False
block464	rs9858542	49701983	SuSiE_95pct_CS:FinnGen_IBD:CS1	ENSG00000259970	AC099668.5	processed_transcript	49721913	49722416	-	19930	False
block464	rs7646366	49470668	SuSiE_95pct_CS:FinnGen_DEP:CS1	ENSG00000067560	RHOA	protein_coding	49396578	49450431	-	20237	False
block464	rs71324962	49487487	SuSiE_95pct_CS:FinnGen_DEP:CS1	ENSG00000145029	NICN1	protein_coding	49460379	49466759	-	20728	False
block464	rs7648841	49416825	SuSiE_95pct_CS:FinnGen_DEP:CS1	ENSG00000233276	GPX1	protein_coding	49394609	49396033	-	20792	False
block464	rs10865958	49858142	SuSiE_95pct_CS:FinnGen_DEP:CS1	ENSG00000187492	CDHR4	protein_coding	49828165	49837268	-	20874	False
block464	rs11709525	49690496	SuSiE_95pct_CS:FinnGen_DEP:CS1	ENSG00000164062	APEH	protein_coding	49711435	49721396	+	20939	False
block464	rs11709525	49690496	SuSiE_95pct_CS:deLange_IBD:CS1	ENSG00000164062	APEH	protein_coding	49711435	49721396	+	20939	False
block464	rs11709525	49690496	SuSiE_95pct_CS:FinnGen_IBD:CS1	ENSG00000164062	APEH	protein_coding	49711435	49721396	+	20939	False
block464	rs1987628	49399259	SuSiE_95pct_CS:FinnGen_DEP:CS1	ENSG00000114316	USP4	protein_coding	49315264	49378145	-	21114	False
block464	rs6446264	49417243	SuSiE_95pct_CS:FinnGen_DEP:CS1	ENSG00000233276	GPX1	protein_coding	49394609	49396033	-	21210	False
block464	rs35115732	49475155	SuSiE_95pct_CS:FinnGen_DEP:CS1	ENSG00000145022	TCTA	protein_coding	49449639	49453908	+	21247	False
block464	rs11719996	49525958	SuSiE_95pct_CS:FinnGen_DEP:CS1	ENSG00000201301	RNA5SP130	rRNA	49504548	49504661	-	21297	False
block464	rs9852529	49730625	SuSiE_95pct_CS:FinnGen_DEP:CS1	ENSG00000164061	BSN	protein_coding	49591922	49708978	+	21647	False
block464	rs9852529	49730625	SuSiE_95pct_CS:FinnGen_IBD:CS1	ENSG00000164061	BSN	protein_coding	49591922	49708978	+	21647	False
block464	rs1801143	49570200	SuSiE_95pct_CS:FinnGen_DEP:CS1	ENSG00000164061	BSN	protein_coding	49591922	49708978	+	21722	False
block464	rs9871380	49438221	SuSiE_95pct_CS:FinnGen_DEP:CS1	ENSG00000145029	NICN1	protein_coding	49460379	49466759	-	22158	False
block464	rs9871380	49438221	SuSiE_95pct_CS:FinnGen_DEP:CS1	ENSG00000235261	NICN1-AS1	antisense	49460379	49461864	+	22158	False
block464	rs34762726	49689210	SuSiE_95pct_CS:FinnGen_DEP:CS1	ENSG00000164062	APEH	protein_coding	49711435	49721396	+	22225	False
block464	rs34762726	49689210	SuSiE_95pct_CS:deLange_IBD:CS1	ENSG00000164062	APEH	protein_coding	49711435	49721396	+	22225	False
block464	rs34762726	49689210	SuSiE_95pct_CS:FinnGen_IBD:CS1	ENSG00000164062	APEH	protein_coding	49711435	49721396	+	22225	False
block464	rs11716974	49431853	SuSiE_95pct_CS:FinnGen_DEP:CS1	ENSG00000145020	AMT	protein_coding	49454211	49460186	-	22358	False
block464	rs9858213	49731861	SuSiE_95pct_CS:FinnGen_DEP:CS1	ENSG00000176020	AMIGO3	protein_coding	49754267	49761349	-	22406	False
block464	rs9858213	49731861	SuSiE_95pct_CS:FinnGen_IBD:CS1	ENSG00000176020	AMIGO3	protein_coding	49754267	49761349	-	22406	False
block464	rs9858213	49731861	SuSiE_95pct_CS:FinnGen_DEP:CS1	ENSG00000173540	GMPPB	protein_coding	49754277	49761384	-	22416	False
block464	rs9858213	49731861	SuSiE_95pct_CS:FinnGen_IBD:CS1	ENSG00000173540	GMPPB	protein_coding	49754277	49761384	-	22416	False
block464	rs1491986	49739086	SuSiE_95pct_CS:FinnGen_DEP:CS1	ENSG00000176095	IP6K1	protein_coding	49761727	49823975	-	22641	False
block464	rs6446277	49473077	SuSiE_95pct_CS:FinnGen_DEP:CS1	ENSG00000067560	RHOA	protein_coding	49396578	49450431	-	22646	False
block464	rs1128535	49866392	SuSiE_95pct_CS:FinnGen_DEP:CS1	ENSG00000263506	MIR5193	miRNA	49843570	49843678	-	22714	False
block464	rs9858542	49701983	SuSiE_95pct_CS:FinnGen_DEP:CS1	ENSG00000235120	BSN-AS1	antisense	49677916	49679202	-	22781	False
block464	rs9858542	49701983	SuSiE_95pct_CS:deLange_IBD:CS1	ENSG00000235120	BSN-AS1	antisense	49677916	49679202	-	22781	False
block464	rs9858542	49701983	SuSiE_95pct_CS:FinnGen_IBD:CS1	ENSG00000235120	BSN-AS1	antisense	49677916	49679202	-	22781	False
block464	rs9858213	49731861	SuSiE_95pct_CS:FinnGen_DEP:CS1	ENSG00000164061	BSN	protein_coding	49591922	49708978	+	22883	False
block464	rs9858213	49731861	SuSiE_95pct_CS:FinnGen_IBD:CS1	ENSG00000164061	BSN	protein_coding	49591922	49708978	+	22883	False
block464	rs7426497	49789814	SuSiE_95pct_CS:FinnGen_DEP:CS1	ENSG00000244730	RP13-1056D16.2	pseudogene	49812718	49813047	+	22904	False
block464	rs9882740	49702484	SuSiE_95pct_CS:FinnGen_DEP:CS1	ENSG00000235120	BSN-AS1	antisense	49677916	49679202	-	23282	False
block464	rs9882740	49702484	SuSiE_95pct_CS:deLange_IBD:CS1	ENSG00000235120	BSN-AS1	antisense	49677916	49679202	-	23282	False
block464	rs9882740	49702484	SuSiE_95pct_CS:FinnGen_IBD:CS1	ENSG00000235120	BSN-AS1	antisense	49677916	49679202	-	23282	False
block464	rs34196454	49563456	SuSiE_95pct_CS:FinnGen_DEP:CS1	ENSG00000226913	BSN-AS2	lincRNA	49586739	49591799	-	23283	False
block464	rs13079643	49477466	SuSiE_95pct_CS:FinnGen_DEP:CS1	ENSG00000145022	TCTA	protein_coding	49449639	49453908	+	23558	False
block464	rs9852529	49730625	SuSiE_95pct_CS:FinnGen_DEP:CS1	ENSG00000176020	AMIGO3	protein_coding	49754267	49761349	-	23642	False
block464	rs9852529	49730625	SuSiE_95pct_CS:FinnGen_IBD:CS1	ENSG00000176020	AMIGO3	protein_coding	49754267	49761349	-	23642	False
block464	rs9852529	49730625	SuSiE_95pct_CS:FinnGen_DEP:CS1	ENSG00000173540	GMPPB	protein_coding	49754277	49761384	-	23652	False
block464	rs9852529	49730625	SuSiE_95pct_CS:FinnGen_IBD:CS1	ENSG00000173540	GMPPB	protein_coding	49754277	49761384	-	23652	False
block464	rs9836291	49697459	SuSiE_95pct_CS:FinnGen_DEP:CS1	ENSG00000173531	MST1	protein_coding	49721380	49726934	-	23921	False
block464	rs9836291	49697459	SuSiE_95pct_CS:deLange_IBD:CS1	ENSG00000173531	MST1	protein_coding	49721380	49726934	-	23921	False
block464	rs9836291	49697459	SuSiE_95pct_CS:FinnGen_IBD:CS1	ENSG00000173531	MST1	protein_coding	49721380	49726934	-	23921	False
block464	rs1128535	49866392	SuSiE_95pct_CS:FinnGen_DEP:CS1	ENSG00000185614	FAM212A	protein_coding	49840687	49842463	+	23929	False
block464	rs9837027	49597013	SuSiE_95pct_CS:FinnGen_DEP:CS1	ENSG00000173402	DAG1	protein_coding	49506146	49573048	+	23965	False
block464	rs9882740	49702484	SuSiE_95pct_CS:FinnGen_DEP:CS1	ENSG00000164068	RNF123	protein_coding	49726932	49758962	+	24448	False
block464	rs9882740	49702484	SuSiE_95pct_CS:deLange_IBD:CS1	ENSG00000164068	RNF123	protein_coding	49726932	49758962	+	24448	False
block464	rs9882740	49702484	SuSiE_95pct_CS:FinnGen_IBD:CS1	ENSG00000164068	RNF123	protein_coding	49726932	49758962	+	24448	False
block464	rs9836291	49697459	SuSiE_95pct_CS:FinnGen_DEP:CS1	ENSG00000259970	AC099668.5	processed_transcript	49721913	49722416	-	24454	False
block464	rs9836291	49697459	SuSiE_95pct_CS:deLange_IBD:CS1	ENSG00000259970	AC099668.5	processed_transcript	49721913	49722416	-	24454	False
block464	rs9836291	49697459	SuSiE_95pct_CS:FinnGen_IBD:CS1	ENSG00000259970	AC099668.5	processed_transcript	49721913	49722416	-	24454	False
block464	rs11718165	49696797	SuSiE_95pct_CS:FinnGen_DEP:CS1	ENSG00000173531	MST1	protein_coding	49721380	49726934	-	24583	False
block464	rs11718165	49696797	SuSiE_95pct_CS:FinnGen_IBD:CS1	ENSG00000173531	MST1	protein_coding	49721380	49726934	-	24583	False
block464	rs9858280	49597737	SuSiE_95pct_CS:FinnGen_DEP:CS1	ENSG00000173402	DAG1	protein_coding	49506146	49573048	+	24689	False
block464	rs35115732	49475155	SuSiE_95pct_CS:FinnGen_DEP:CS1	ENSG00000067560	RHOA	protein_coding	49396578	49450431	-	24724	False
block464	rs6770670	49686682	SuSiE_95pct_CS:FinnGen_DEP:CS1	ENSG00000164062	APEH	protein_coding	49711435	49721396	+	24753	False
block464	rs6770670	49686682	SuSiE_95pct_CS:deLange_IBD:CS1	ENSG00000164062	APEH	protein_coding	49711435	49721396	+	24753	False
block464	rs6770670	49686682	SuSiE_95pct_CS:FinnGen_IBD:CS1	ENSG00000164062	APEH	protein_coding	49711435	49721396	+	24753	False
block464	rs7648987	49868455	SuSiE_95pct_CS:FinnGen_DEP:CS1	ENSG00000263506	MIR5193	miRNA	49843570	49843678	-	24777	False
block464	rs9850072	49529482	SuSiE_95pct_CS:FinnGen_DEP:CS1	ENSG00000201301	RNA5SP130	rRNA	49504548	49504661	-	24821	False
block464	rs9858542	49701983	SuSiE_95pct_CS:FinnGen_DEP:CS1	ENSG00000164068	RNF123	protein_coding	49726932	49758962	+	24949	False
block464	rs9858542	49701983	SuSiE_95pct_CS:deLange_IBD:CS1	ENSG00000164068	RNF123	protein_coding	49726932	49758962	+	24949	False
block464	rs9858542	49701983	SuSiE_95pct_CS:FinnGen_IBD:CS1	ENSG00000164068	RNF123	protein_coding	49726932	49758962	+	24949	False
block464	rs11718165	49696797	SuSiE_95pct_CS:FinnGen_DEP:CS1	ENSG00000259970	AC099668.5	processed_transcript	49721913	49722416	-	25116	False
block464	rs11718165	49696797	SuSiE_95pct_CS:FinnGen_IBD:CS1	ENSG00000259970	AC099668.5	processed_transcript	49721913	49722416	-	25116	False
block464	rs6785549	49736565	SuSiE_95pct_CS:FinnGen_DEP:CS1	ENSG00000176095	IP6K1	protein_coding	49761727	49823975	-	25162	False
block464	rs7645061	49868842	SuSiE_95pct_CS:FinnGen_DEP:CS1	ENSG00000263506	MIR5193	miRNA	49843570	49843678	-	25164	False
block464	rs6793308	49424283	SuSiE_95pct_CS:FinnGen_DEP:CS1	ENSG00000145022	TCTA	protein_coding	49449639	49453908	+	25356	False
block464	rs11130218	49752372	SuSiE_95pct_CS:FinnGen_DEP:CS1	ENSG00000173531	MST1	protein_coding	49721380	49726934	-	25438	False
block464	rs695238	49869158	SuSiE_95pct_CS:FinnGen_DEP:CS1	ENSG00000263506	MIR5193	miRNA	49843570	49843678	-	25480	False
block464	rs11130219	49752427	SuSiE_95pct_CS:FinnGen_DEP:CS1	ENSG00000173531	MST1	protein_coding	49721380	49726934	-	25493	False
block464	rs71324962	49487487	SuSiE_95pct_CS:FinnGen_DEP:CS1	ENSG00000235261	NICN1-AS1	antisense	49460379	49461864	+	25623	False
block464	rs9878943	49434654	SuSiE_95pct_CS:FinnGen_DEP:CS1	ENSG00000145029	NICN1	protein_coding	49460379	49466759	-	25725	False
block464	rs9878943	49434654	SuSiE_95pct_CS:FinnGen_DEP:CS1	ENSG00000235261	NICN1-AS1	antisense	49460379	49461864	+	25725	False
block464	rs13085679	49869631	SuSiE_95pct_CS:FinnGen_DEP:CS1	ENSG00000164076	CAMKV	protein_coding	49895421	49907655	-	25790	False
block464	rs13085679	49869631	SuSiE_95pct_CS:FinnGen_DEP:CS1	ENSG00000263506	MIR5193	miRNA	49843570	49843678	-	25953	False
block464	rs7648987	49868455	SuSiE_95pct_CS:FinnGen_DEP:CS1	ENSG00000185614	FAM212A	protein_coding	49840687	49842463	+	25992	False
block464	rs695238	49869158	SuSiE_95pct_CS:FinnGen_DEP:CS1	ENSG00000164076	CAMKV	protein_coding	49895421	49907655	-	26263	False
block464	rs35169793	49423274	SuSiE_95pct_CS:FinnGen_DEP:CS1	ENSG00000145022	TCTA	protein_coding	49449639	49453908	+	26365	False
block464	rs7645061	49868842	SuSiE_95pct_CS:FinnGen_DEP:CS1	ENSG00000185614	FAM212A	protein_coding	49840687	49842463	+	26379	False
block464	rs67216675	49493151	SuSiE_95pct_CS:FinnGen_DEP:CS1	ENSG00000145029	NICN1	protein_coding	49460379	49466759	-	26392	False
block464	rs7645061	49868842	SuSiE_95pct_CS:FinnGen_DEP:CS1	ENSG00000164076	CAMKV	protein_coding	49895421	49907655	-	26579	False
block464	rs695238	49869158	SuSiE_95pct_CS:FinnGen_DEP:CS1	ENSG00000185614	FAM212A	protein_coding	49840687	49842463	+	26695	False
block464	rs9833611	49651210	SuSiE_95pct_CS:FinnGen_DEP:CS1	ENSG00000235120	BSN-AS1	antisense	49677916	49679202	-	26706	False
block464	rs7648987	49868455	SuSiE_95pct_CS:FinnGen_DEP:CS1	ENSG00000164076	CAMKV	protein_coding	49895421	49907655	-	26966	False
block464	rs67485053	49405164	SuSiE_95pct_CS:FinnGen_DEP:CS1	ENSG00000114316	USP4	protein_coding	49315264	49378145	-	27019	False
block464	rs13079643	49477466	SuSiE_95pct_CS:FinnGen_DEP:CS1	ENSG00000067560	RHOA	protein_coding	49396578	49450431	-	27035	False
block464	rs13079643	49477466	SuSiE_95pct_CS:FinnGen_DEP:CS1	ENSG00000201301	RNA5SP130	rRNA	49504548	49504661	-	27082	False
block464	rs13085679	49869631	SuSiE_95pct_CS:FinnGen_DEP:CS1	ENSG00000185614	FAM212A	protein_coding	49840687	49842463	+	27168	False
block464	rs35169793	49423274	SuSiE_95pct_CS:FinnGen_DEP:CS1	ENSG00000233276	GPX1	protein_coding	49394609	49396033	-	27241	False
block464	rs13062429	49559485	SuSiE_95pct_CS:FinnGen_DEP:CS1	ENSG00000226913	BSN-AS2	lincRNA	49586739	49591799	-	27254	False
block464	rs71324962	49487487	SuSiE_95pct_CS:FinnGen_DEP:CS1	ENSG00000145020	AMT	protein_coding	49454211	49460186	-	27301	False
block464	rs11716974	49431853	SuSiE_95pct_CS:FinnGen_DEP:CS1	ENSG00000235908	RHOA-IT1	sense_intronic	49402578	49404439	-	27414	False
block464	rs7614725	49650395	SuSiE_95pct_CS:FinnGen_DEP:CS1	ENSG00000235120	BSN-AS1	antisense	49677916	49679202	-	27521	False
block464	rs6785549	49736565	SuSiE_95pct_CS:FinnGen_DEP:CS1	ENSG00000164061	BSN	protein_coding	49591922	49708978	+	27587	False
block464	rs71324979	49619651	SuSiE_95pct_CS:FinnGen_DEP:CS1	ENSG00000226913	BSN-AS2	lincRNA	49586739	49591799	-	27852	False
block464	rs3926569	49558716	SuSiE_95pct_CS:FinnGen_DEP:CS1	ENSG00000226913	BSN-AS2	lincRNA	49586739	49591799	-	28023	False
block464	rs6793308	49424283	SuSiE_95pct_CS:FinnGen_DEP:CS1	ENSG00000233276	GPX1	protein_coding	49394609	49396033	-	28250	False
block464	rs7426497	49789814	SuSiE_95pct_CS:FinnGen_DEP:CS1	ENSG00000173540	GMPPB	protein_coding	49754277	49761384	-	28430	False
block464	rs7426497	49789814	SuSiE_95pct_CS:FinnGen_DEP:CS1	ENSG00000176020	AMIGO3	protein_coding	49754267	49761349	-	28465	False
block464	rs34196454	49563456	SuSiE_95pct_CS:FinnGen_DEP:CS1	ENSG00000164061	BSN	protein_coding	49591922	49708978	+	28466	False
block464	rs11716974	49431853	SuSiE_95pct_CS:FinnGen_DEP:CS1	ENSG00000145029	NICN1	protein_coding	49460379	49466759	-	28526	False
block464	rs11716974	49431853	SuSiE_95pct_CS:FinnGen_DEP:CS1	ENSG00000235261	NICN1-AS1	antisense	49460379	49461864	+	28526	False
block464	rs13079643	49477466	SuSiE_95pct_CS:FinnGen_DEP:CS1	ENSG00000173402	DAG1	protein_coding	49506146	49573048	+	28680	False
block464	rs1128535	49866392	SuSiE_95pct_CS:FinnGen_DEP:CS1	ENSG00000164076	CAMKV	protein_coding	49895421	49907655	-	29029	False
block464	rs6775384	49853073	SuSiE_95pct_CS:FinnGen_DEP:CS1	ENSG00000176095	IP6K1	protein_coding	49761727	49823975	-	29098	False
block464	rs9812791	49682311	SuSiE_95pct_CS:FinnGen_DEP:CS1	ENSG00000164062	APEH	protein_coding	49711435	49721396	+	29124	False
block464	rs9812791	49682311	SuSiE_95pct_CS:deLange_IBD:CS1	ENSG00000164062	APEH	protein_coding	49711435	49721396	+	29124	False
block464	rs9812791	49682311	SuSiE_95pct_CS:FinnGen_IBD:CS1	ENSG00000164062	APEH	protein_coding	49711435	49721396	+	29124	False
block464	rs1128535	49866392	SuSiE_95pct_CS:FinnGen_DEP:CS1	ENSG00000187492	CDHR4	protein_coding	49828165	49837268	-	29124	False
block464	rs9871654	49825370	SuSiE_95pct_CS:FinnGen_DEP:CS1	ENSG00000239576	RP13-480C15.1	pseudogene	49795916	49796089	+	29281	False
block464	rs35115732	49475155	SuSiE_95pct_CS:FinnGen_DEP:CS1	ENSG00000201301	RNA5SP130	rRNA	49504548	49504661	-	29393	False
block464	rs9836291	49697459	SuSiE_95pct_CS:FinnGen_DEP:CS1	ENSG00000164068	RNF123	protein_coding	49726932	49758962	+	29473	False
block464	rs9836291	49697459	SuSiE_95pct_CS:deLange_IBD:CS1	ENSG00000164068	RNF123	protein_coding	49726932	49758962	+	29473	False
block464	rs9836291	49697459	SuSiE_95pct_CS:FinnGen_IBD:CS1	ENSG00000164068	RNF123	protein_coding	49726932	49758962	+	29473	False
block464	rs9858213	49731861	SuSiE_95pct_CS:FinnGen_DEP:CS1	ENSG00000176095	IP6K1	protein_coding	49761727	49823975	-	29866	False
block464	rs9858213	49731861	SuSiE_95pct_CS:FinnGen_IBD:CS1	ENSG00000176095	IP6K1	protein_coding	49761727	49823975	-	29866	False
block464	rs6793308	49424283	SuSiE_95pct_CS:FinnGen_DEP:CS1	ENSG00000145020	AMT	protein_coding	49454211	49460186	-	29928	False
block464	rs11130218	49752372	SuSiE_95pct_CS:FinnGen_DEP:CS1	ENSG00000259970	AC099668.5	processed_transcript	49721913	49722416	-	29956	False
block464	rs11130219	49752427	SuSiE_95pct_CS:FinnGen_DEP:CS1	ENSG00000259970	AC099668.5	processed_transcript	49721913	49722416	-	30011	False
block464	rs1491986	49739086	SuSiE_95pct_CS:FinnGen_DEP:CS1	ENSG00000164061	BSN	protein_coding	49591922	49708978	+	30108	False
block464	rs11718165	49696797	SuSiE_95pct_CS:FinnGen_DEP:CS1	ENSG00000164068	RNF123	protein_coding	49726932	49758962	+	30135	False
block464	rs11718165	49696797	SuSiE_95pct_CS:FinnGen_IBD:CS1	ENSG00000164068	RNF123	protein_coding	49726932	49758962	+	30135	False
block464	rs9878943	49434654	SuSiE_95pct_CS:FinnGen_DEP:CS1	ENSG00000235908	RHOA-IT1	sense_intronic	49402578	49404439	-	30215	False
block464	rs11926781	49603289	SuSiE_95pct_CS:FinnGen_DEP:CS1	ENSG00000173402	DAG1	protein_coding	49506146	49573048	+	30241	False
block464	rs7633271	49555963	SuSiE_95pct_CS:FinnGen_DEP:CS1	ENSG00000226913	BSN-AS2	lincRNA	49586739	49591799	-	30776	False
block464	rs13087851	49408974	SuSiE_95pct_CS:FinnGen_DEP:CS1	ENSG00000114316	USP4	protein_coding	49315264	49378145	-	30829	False
block464	rs7426497	49789814	SuSiE_95pct_CS:FinnGen_DEP:CS1	ENSG00000164068	RNF123	protein_coding	49726932	49758962	+	30852	False
block464	rs11709525	49690496	SuSiE_95pct_CS:FinnGen_DEP:CS1	ENSG00000173531	MST1	protein_coding	49721380	49726934	-	30884	False
block464	rs11709525	49690496	SuSiE_95pct_CS:deLange_IBD:CS1	ENSG00000173531	MST1	protein_coding	49721380	49726934	-	30884	False
block464	rs11709525	49690496	SuSiE_95pct_CS:FinnGen_IBD:CS1	ENSG00000173531	MST1	protein_coding	49721380	49726934	-	30884	False
block464	rs35169793	49423274	SuSiE_95pct_CS:FinnGen_DEP:CS1	ENSG00000145020	AMT	protein_coding	49454211	49460186	-	30937	False
block464	rs11130218	49752372	SuSiE_95pct_CS:FinnGen_DEP:CS1	ENSG00000164062	APEH	protein_coding	49711435	49721396	+	30976	False
block464	rs35115732	49475155	SuSiE_95pct_CS:FinnGen_DEP:CS1	ENSG00000173402	DAG1	protein_coding	49506146	49573048	+	30991	False
block464	rs9871654	49825370	SuSiE_95pct_CS:FinnGen_DEP:CS1	ENSG00000263651	AC139451.1	miRNA	49856387	49856486	-	31017	False
block464	rs11130219	49752427	SuSiE_95pct_CS:FinnGen_DEP:CS1	ENSG00000164062	APEH	protein_coding	49711435	49721396	+	31031	False
block464	rs9852529	49730625	SuSiE_95pct_CS:FinnGen_DEP:CS1	ENSG00000176095	IP6K1	protein_coding	49761727	49823975	-	31102	False
block464	rs9852529	49730625	SuSiE_95pct_CS:FinnGen_IBD:CS1	ENSG00000176095	IP6K1	protein_coding	49761727	49823975	-	31102	False
block464	rs7648987	49868455	SuSiE_95pct_CS:FinnGen_DEP:CS1	ENSG00000187492	CDHR4	protein_coding	49828165	49837268	-	31187	False
block464	rs13085679	49869631	SuSiE_95pct_CS:FinnGen_DEP:CS1	ENSG00000264706	RN7SL217P	misc_RNA	49900819	49901093	-	31188	False
block464	rs67216675	49493151	SuSiE_95pct_CS:FinnGen_DEP:CS1	ENSG00000235261	NICN1-AS1	antisense	49460379	49461864	+	31287	False
block464	rs11709525	49690496	SuSiE_95pct_CS:FinnGen_DEP:CS1	ENSG00000259970	AC099668.5	processed_transcript	49721913	49722416	-	31417	False
block464	rs11709525	49690496	SuSiE_95pct_CS:deLange_IBD:CS1	ENSG00000259970	AC099668.5	processed_transcript	49721913	49722416	-	31417	False
block464	rs11709525	49690496	SuSiE_95pct_CS:FinnGen_IBD:CS1	ENSG00000259970	AC099668.5	processed_transcript	49721913	49722416	-	31417	False
block464	rs6446277	49473077	SuSiE_95pct_CS:FinnGen_DEP:CS1	ENSG00000201301	RNA5SP130	rRNA	49504548	49504661	-	31471	False
block464	rs116068666	48034051	SuSiE_95pct_CS:FinnGen_IBD:CS2	ENSG00000224895	VPS26BP1	pseudogene	48001817	48002571	-	31480	False
block464	rs7645061	49868842	SuSiE_95pct_CS:FinnGen_DEP:CS1	ENSG00000187492	CDHR4	protein_coding	49828165	49837268	-	31574	False
block464	rs695238	49869158	SuSiE_95pct_CS:FinnGen_DEP:CS1	ENSG00000264706	RN7SL217P	misc_RNA	49900819	49901093	-	31661	False
block464	rs695238	49869158	SuSiE_95pct_CS:FinnGen_DEP:CS1	ENSG00000187492	CDHR4	protein_coding	49828165	49837268	-	31890	False
block464	rs7645061	49868842	SuSiE_95pct_CS:FinnGen_DEP:CS1	ENSG00000264706	RN7SL217P	misc_RNA	49900819	49901093	-	31977	False
block464	rs34762726	49689210	SuSiE_95pct_CS:FinnGen_DEP:CS1	ENSG00000173531	MST1	protein_coding	49721380	49726934	-	32170	False
block464	rs34762726	49689210	SuSiE_95pct_CS:deLange_IBD:CS1	ENSG00000173531	MST1	protein_coding	49721380	49726934	-	32170	False
block464	rs34762726	49689210	SuSiE_95pct_CS:FinnGen_IBD:CS1	ENSG00000173531	MST1	protein_coding	49721380	49726934	-	32170	False
block464	rs13085679	49869631	SuSiE_95pct_CS:FinnGen_DEP:CS1	ENSG00000187492	CDHR4	protein_coding	49828165	49837268	-	32363	False
block464	rs7648987	49868455	SuSiE_95pct_CS:FinnGen_DEP:CS1	ENSG00000264706	RN7SL217P	misc_RNA	49900819	49901093	-	32364	False
block464	rs6446264	49417243	SuSiE_95pct_CS:FinnGen_DEP:CS1	ENSG00000145022	TCTA	protein_coding	49449639	49453908	+	32396	False
block464	rs13062429	49559485	SuSiE_95pct_CS:FinnGen_DEP:CS1	ENSG00000164061	BSN	protein_coding	49591922	49708978	+	32437	False
block464	rs13085791	49721798	SuSiE_95pct_CS:FinnGen_DEP:CS1	ENSG00000176020	AMIGO3	protein_coding	49754267	49761349	-	32469	False
block464	rs13085791	49721798	SuSiE_95pct_CS:deLange_IBD:CS1	ENSG00000176020	AMIGO3	protein_coding	49754267	49761349	-	32469	False
block464	rs13085791	49721798	SuSiE_95pct_CS:FinnGen_IBD:CS1	ENSG00000176020	AMIGO3	protein_coding	49754267	49761349	-	32469	False
block464	rs13085791	49721798	SuSiE_95pct_CS:FinnGen_DEP:CS1	ENSG00000173540	GMPPB	protein_coding	49754277	49761384	-	32479	False
block464	rs13085791	49721798	SuSiE_95pct_CS:deLange_IBD:CS1	ENSG00000173540	GMPPB	protein_coding	49754277	49761384	-	32479	False
block464	rs13085791	49721798	SuSiE_95pct_CS:FinnGen_IBD:CS1	ENSG00000173540	GMPPB	protein_coding	49754277	49761384	-	32479	False
block464	rs9811982	49624377	SuSiE_95pct_CS:FinnGen_DEP:CS1	ENSG00000226913	BSN-AS2	lincRNA	49586739	49591799	-	32578	False
block464	rs34762726	49689210	SuSiE_95pct_CS:FinnGen_DEP:CS1	ENSG00000259970	AC099668.5	processed_transcript	49721913	49722416	-	32703	False
block464	rs34762726	49689210	SuSiE_95pct_CS:deLange_IBD:CS1	ENSG00000259970	AC099668.5	processed_transcript	49721913	49722416	-	32703	False
block464	rs34762726	49689210	SuSiE_95pct_CS:FinnGen_IBD:CS1	ENSG00000259970	AC099668.5	processed_transcript	49721913	49722416	-	32703	False
block464	rs4283605	49678651	SuSiE_95pct_CS:FinnGen_DEP:CS1	ENSG00000164062	APEH	protein_coding	49711435	49721396	+	32784	False
block464	rs4283605	49678651	SuSiE_95pct_CS:deLange_IBD:CS1	ENSG00000164062	APEH	protein_coding	49711435	49721396	+	32784	False
block464	rs4283605	49678651	SuSiE_95pct_CS:FinnGen_IBD:CS1	ENSG00000164062	APEH	protein_coding	49711435	49721396	+	32784	False
block464	rs7648841	49416825	SuSiE_95pct_CS:FinnGen_DEP:CS1	ENSG00000145022	TCTA	protein_coding	49449639	49453908	+	32814	False
block464	rs67216675	49493151	SuSiE_95pct_CS:FinnGen_DEP:CS1	ENSG00000145020	AMT	protein_coding	49454211	49460186	-	32965	False
block464	rs34363169	49537712	SuSiE_95pct_CS:FinnGen_DEP:CS1	ENSG00000201301	RNA5SP130	rRNA	49504548	49504661	-	33051	False
block464	rs6446277	49473077	SuSiE_95pct_CS:FinnGen_DEP:CS1	ENSG00000173402	DAG1	protein_coding	49506146	49573048	+	33069	False
block464	rs11130213	49712297	SuSiE_95pct_CS:FinnGen_DEP:CS1	ENSG00000235120	BSN-AS1	antisense	49677916	49679202	-	33095	False
block464	rs11130213	49712297	SuSiE_95pct_CS:deLange_IBD:CS1	ENSG00000235120	BSN-AS1	antisense	49677916	49679202	-	33095	False
block464	rs11130213	49712297	SuSiE_95pct_CS:FinnGen_IBD:CS1	ENSG00000235120	BSN-AS1	antisense	49677916	49679202	-	33095	False
block464	rs3926569	49558716	SuSiE_95pct_CS:FinnGen_DEP:CS1	ENSG00000164061	BSN	protein_coding	49591922	49708978	+	33206	False
block464	rs7634902	49762662	SuSiE_95pct_CS:FinnGen_DEP:CS1	ENSG00000239576	RP13-480C15.1	pseudogene	49795916	49796089	+	33254	False
block464	rs71324962	49487487	SuSiE_95pct_CS:FinnGen_DEP:CS1	ENSG00000145022	TCTA	protein_coding	49449639	49453908	+	33579	False
block464	rs11921590	49644193	SuSiE_95pct_CS:FinnGen_DEP:CS1	ENSG00000235120	BSN-AS1	antisense	49677916	49679202	-	33723	False
block464	rs9871380	49438221	SuSiE_95pct_CS:FinnGen_DEP:CS1	ENSG00000235908	RHOA-IT1	sense_intronic	49402578	49404439	-	33782	False
block464	rs7646366	49470668	SuSiE_95pct_CS:FinnGen_DEP:CS1	ENSG00000201301	RNA5SP130	rRNA	49504548	49504661	-	33880	False
block464	rs11917431	49644012	SuSiE_95pct_CS:FinnGen_DEP:CS1	ENSG00000235120	BSN-AS1	antisense	49677916	49679202	-	33904	False
block464	rs10865958	49858142	SuSiE_95pct_CS:FinnGen_DEP:CS1	ENSG00000176095	IP6K1	protein_coding	49761727	49823975	-	34167	False
block464	rs6766131	49538932	SuSiE_95pct_CS:FinnGen_DEP:CS1	ENSG00000201301	RNA5SP130	rRNA	49504548	49504661	-	34271	False
block464	rs6809216	49412559	SuSiE_95pct_CS:FinnGen_DEP:CS1	ENSG00000114316	USP4	protein_coding	49315264	49378145	-	34414	False
block464	rs1128535	49866392	SuSiE_95pct_CS:FinnGen_DEP:CS1	ENSG00000264706	RN7SL217P	misc_RNA	49900819	49901093	-	34427	False
block464	rs9822268	49719729	SuSiE_95pct_CS:FinnGen_DEP:CS1	ENSG00000176020	AMIGO3	protein_coding	49754267	49761349	-	34538	False
block464	rs9822268	49719729	SuSiE_95pct_CS:deLange_IBD:CS1	ENSG00000176020	AMIGO3	protein_coding	49754267	49761349	-	34538	False
block464	rs9822268	49719729	SuSiE_95pct_CS:FinnGen_IBD:CS1	ENSG00000176020	AMIGO3	protein_coding	49754267	49761349	-	34538	False
block464	rs9822268	49719729	SuSiE_95pct_CS:FinnGen_DEP:CS1	ENSG00000173540	GMPPB	protein_coding	49754277	49761384	-	34548	False
block464	rs9822268	49719729	SuSiE_95pct_CS:deLange_IBD:CS1	ENSG00000173540	GMPPB	protein_coding	49754277	49761384	-	34548	False
block464	rs9822268	49719729	SuSiE_95pct_CS:FinnGen_IBD:CS1	ENSG00000173540	GMPPB	protein_coding	49754277	49761384	-	34548	False
block464	rs6797664	49539222	SuSiE_95pct_CS:FinnGen_DEP:CS1	ENSG00000201301	RNA5SP130	rRNA	49504548	49504661	-	34561	False
block464	rs6770670	49686682	SuSiE_95pct_CS:FinnGen_DEP:CS1	ENSG00000173531	MST1	protein_coding	49721380	49726934	-	34698	False
block464	rs6770670	49686682	SuSiE_95pct_CS:deLange_IBD:CS1	ENSG00000173531	MST1	protein_coding	49721380	49726934	-	34698	False
block464	rs6770670	49686682	SuSiE_95pct_CS:FinnGen_IBD:CS1	ENSG00000173531	MST1	protein_coding	49721380	49726934	-	34698	False
block464	rs6766581	49539401	SuSiE_95pct_CS:FinnGen_DEP:CS1	ENSG00000201301	RNA5SP130	rRNA	49504548	49504661	-	34740	False
block464	rs7623659	49414791	SuSiE_95pct_CS:FinnGen_DEP:CS1	ENSG00000145022	TCTA	protein_coding	49449639	49453908	+	34848	False
block464	rs1131095	49714225	SuSiE_95pct_CS:FinnGen_DEP:CS1	ENSG00000235120	BSN-AS1	antisense	49677916	49679202	-	35023	False
block464	rs1131095	49714225	SuSiE_95pct_CS:deLange_IBD:CS1	ENSG00000235120	BSN-AS1	antisense	49677916	49679202	-	35023	False
block464	rs1131095	49714225	SuSiE_95pct_CS:FinnGen_IBD:CS1	ENSG00000235120	BSN-AS1	antisense	49677916	49679202	-	35023	False
block464	rs6770670	49686682	SuSiE_95pct_CS:FinnGen_DEP:CS1	ENSG00000259970	AC099668.5	processed_transcript	49721913	49722416	-	35231	False
block464	rs6770670	49686682	SuSiE_95pct_CS:deLange_IBD:CS1	ENSG00000259970	AC099668.5	processed_transcript	49721913	49722416	-	35231	False
block464	rs6770670	49686682	SuSiE_95pct_CS:FinnGen_IBD:CS1	ENSG00000259970	AC099668.5	processed_transcript	49721913	49722416	-	35231	False
block464	rs11708955	49540114	SuSiE_95pct_CS:FinnGen_DEP:CS1	ENSG00000201301	RNA5SP130	rRNA	49504548	49504661	-	35453	False
block464	rs7646366	49470668	SuSiE_95pct_CS:FinnGen_DEP:CS1	ENSG00000173402	DAG1	protein_coding	49506146	49573048	+	35478	False
block464	rs13064576	49642430	SuSiE_95pct_CS:FinnGen_DEP:CS1	ENSG00000235120	BSN-AS1	antisense	49677916	49679202	-	35486	False
block464	rs11712569	49540152	SuSiE_95pct_CS:FinnGen_DEP:CS1	ENSG00000201301	RNA5SP130	rRNA	49504548	49504661	-	35491	False
block464	rs7634902	49762662	SuSiE_95pct_CS:FinnGen_DEP:CS1	ENSG00000173531	MST1	protein_coding	49721380	49726934	-	35728	False
block464	rs11716974	49431853	SuSiE_95pct_CS:FinnGen_DEP:CS1	ENSG00000233276	GPX1	protein_coding	49394609	49396033	-	35820	False
block464	rs73087139	48009271	SuSiE_95pct_CS:FinnGen_IBD:CS2	ENSG00000199591	Y_RNA	misc_RNA	47973298	47973404	-	35867	False
block464	rs7633271	49555963	SuSiE_95pct_CS:FinnGen_DEP:CS1	ENSG00000164061	BSN	protein_coding	49591922	49708978	+	35959	False
block464	rs6793308	49424283	SuSiE_95pct_CS:FinnGen_DEP:CS1	ENSG00000145029	NICN1	protein_coding	49460379	49466759	-	36096	False
block464	rs6793308	49424283	SuSiE_95pct_CS:FinnGen_DEP:CS1	ENSG00000235261	NICN1-AS1	antisense	49460379	49461864	+	36096	False
block464	rs11709525	49690496	SuSiE_95pct_CS:FinnGen_DEP:CS1	ENSG00000164068	RNF123	protein_coding	49726932	49758962	+	36436	False
block464	rs11709525	49690496	SuSiE_95pct_CS:deLange_IBD:CS1	ENSG00000164068	RNF123	protein_coding	49726932	49758962	+	36436	False
block464	rs11709525	49690496	SuSiE_95pct_CS:FinnGen_IBD:CS1	ENSG00000164068	RNF123	protein_coding	49726932	49758962	+	36436	False
block464	rs7623659	49414791	SuSiE_95pct_CS:FinnGen_DEP:CS1	ENSG00000114316	USP4	protein_coding	49315264	49378145	-	36646	False
block464	rs11706370	49441091	SuSiE_95pct_CS:FinnGen_DEP:CS1	ENSG00000235908	RHOA-IT1	sense_intronic	49402578	49404439	-	36652	False
block464	rs6446264	49417243	SuSiE_95pct_CS:FinnGen_DEP:CS1	ENSG00000145020	AMT	protein_coding	49454211	49460186	-	36968	False
block464	rs9862080	49674458	PLACO_lead	ENSG00000164062	APEH	protein_coding	49711435	49721396	+	36977	False
block464	rs9862080	49674458	SuSiE_95pct_CS:FinnGen_DEP:CS1	ENSG00000164062	APEH	protein_coding	49711435	49721396	+	36977	False
block464	rs71324962	49487487	SuSiE_95pct_CS:FinnGen_DEP:CS1	ENSG00000067560	RHOA	protein_coding	49396578	49450431	-	37056	False
block464	rs6809216	49412559	SuSiE_95pct_CS:FinnGen_DEP:CS1	ENSG00000145022	TCTA	protein_coding	49449639	49453908	+	37080	False
block464	rs35169793	49423274	SuSiE_95pct_CS:FinnGen_DEP:CS1	ENSG00000145029	NICN1	protein_coding	49460379	49466759	-	37105	False
block464	rs35169793	49423274	SuSiE_95pct_CS:FinnGen_DEP:CS1	ENSG00000235261	NICN1-AS1	antisense	49460379	49461864	+	37105	False
block464	rs34427167	49610223	SuSiE_95pct_CS:FinnGen_DEP:CS1	ENSG00000173402	DAG1	protein_coding	49506146	49573048	+	37175	False
block464	rs10865958	49858142	SuSiE_95pct_CS:FinnGen_DEP:CS1	ENSG00000164076	CAMKV	protein_coding	49895421	49907655	-	37279	False
block464	rs7648841	49416825	SuSiE_95pct_CS:FinnGen_DEP:CS1	ENSG00000145020	AMT	protein_coding	49454211	49460186	-	37386	False
block464	rs10212296	49542273	SuSiE_95pct_CS:FinnGen_DEP:CS1	ENSG00000201301	RNA5SP130	rRNA	49504548	49504661	-	37612	False
block464	rs34762726	49689210	SuSiE_95pct_CS:FinnGen_DEP:CS1	ENSG00000164068	RNF123	protein_coding	49726932	49758962	+	37722	False
block464	rs34762726	49689210	SuSiE_95pct_CS:deLange_IBD:CS1	ENSG00000164068	RNF123	protein_coding	49726932	49758962	+	37722	False
block464	rs34762726	49689210	SuSiE_95pct_CS:FinnGen_IBD:CS1	ENSG00000164068	RNF123	protein_coding	49726932	49758962	+	37722	False
block464	rs142495009	47806534	SuSiE_95pct_CS:FinnGen_IBD:CS2	ENSG00000132153	DHX30	protein_coding	47844399	47891685	+	37865	False
block464	rs7426497	49789814	SuSiE_95pct_CS:FinnGen_DEP:CS1	ENSG00000187492	CDHR4	protein_coding	49828165	49837268	-	38351	False
block464	rs11713474	49611457	SuSiE_95pct_CS:FinnGen_DEP:CS1	ENSG00000173402	DAG1	protein_coding	49506146	49573048	+	38409	False
block464	rs9878943	49434654	SuSiE_95pct_CS:FinnGen_DEP:CS1	ENSG00000233276	GPX1	protein_coding	49394609	49396033	-	38621	False
block464	rs9858418	49543288	SuSiE_95pct_CS:FinnGen_DEP:CS1	ENSG00000201301	RNA5SP130	rRNA	49504548	49504661	-	38627	False
block464	rs7648841	49416825	SuSiE_95pct_CS:FinnGen_DEP:CS1	ENSG00000114316	USP4	protein_coding	49315264	49378145	-	38680	False
block464	rs9821311	49543656	SuSiE_95pct_CS:FinnGen_DEP:CS1	ENSG00000201301	RNA5SP130	rRNA	49504548	49504661	-	38995	False
block464	rs9812791	49682311	SuSiE_95pct_CS:FinnGen_DEP:CS1	ENSG00000173531	MST1	protein_coding	49721380	49726934	-	39069	False
block464	rs9812791	49682311	SuSiE_95pct_CS:deLange_IBD:CS1	ENSG00000173531	MST1	protein_coding	49721380	49726934	-	39069	False
block464	rs9812791	49682311	SuSiE_95pct_CS:FinnGen_IBD:CS1	ENSG00000173531	MST1	protein_coding	49721380	49726934	-	39069	False
block464	rs6446264	49417243	SuSiE_95pct_CS:FinnGen_DEP:CS1	ENSG00000114316	USP4	protein_coding	49315264	49378145	-	39098	False
block464	rs67216675	49493151	SuSiE_95pct_CS:FinnGen_DEP:CS1	ENSG00000145022	TCTA	protein_coding	49449639	49453908	+	39243	False
block464	rs7623659	49414791	SuSiE_95pct_CS:FinnGen_DEP:CS1	ENSG00000145020	AMT	protein_coding	49454211	49460186	-	39420	False
block464	rs9812791	49682311	SuSiE_95pct_CS:FinnGen_DEP:CS1	ENSG00000259970	AC099668.5	processed_transcript	49721913	49722416	-	39602	False
block464	rs9812791	49682311	SuSiE_95pct_CS:deLange_IBD:CS1	ENSG00000259970	AC099668.5	processed_transcript	49721913	49722416	-	39602	False
block464	rs9812791	49682311	SuSiE_95pct_CS:FinnGen_IBD:CS1	ENSG00000259970	AC099668.5	processed_transcript	49721913	49722416	-	39602	False
block464	rs13085791	49721798	SuSiE_95pct_CS:FinnGen_DEP:CS1	ENSG00000176095	IP6K1	protein_coding	49761727	49823975	-	39929	False
block464	rs13085791	49721798	SuSiE_95pct_CS:deLange_IBD:CS1	ENSG00000176095	IP6K1	protein_coding	49761727	49823975	-	39929	False
block464	rs13085791	49721798	SuSiE_95pct_CS:FinnGen_IBD:CS1	ENSG00000176095	IP6K1	protein_coding	49761727	49823975	-	39929	False
block464	rs6775384	49853073	SuSiE_95pct_CS:FinnGen_DEP:CS1	ENSG00000244730	RP13-1056D16.2	pseudogene	49812718	49813047	+	40026	False
block464	rs1131095	49714225	SuSiE_95pct_CS:FinnGen_DEP:CS1	ENSG00000176020	AMIGO3	protein_coding	49754267	49761349	-	40042	False
block464	rs1131095	49714225	SuSiE_95pct_CS:deLange_IBD:CS1	ENSG00000176020	AMIGO3	protein_coding	49754267	49761349	-	40042	False
block464	rs1131095	49714225	SuSiE_95pct_CS:FinnGen_IBD:CS1	ENSG00000176020	AMIGO3	protein_coding	49754267	49761349	-	40042	False
block464	rs1131095	49714225	SuSiE_95pct_CS:FinnGen_DEP:CS1	ENSG00000173540	GMPPB	protein_coding	49754277	49761384	-	40052	False
block464	rs1131095	49714225	SuSiE_95pct_CS:deLange_IBD:CS1	ENSG00000173540	GMPPB	protein_coding	49754277	49761384	-	40052	False
block464	rs1131095	49714225	SuSiE_95pct_CS:FinnGen_IBD:CS1	ENSG00000173540	GMPPB	protein_coding	49754277	49761384	-	40052	False
block464	rs7634902	49762662	SuSiE_95pct_CS:FinnGen_DEP:CS1	ENSG00000259970	AC099668.5	processed_transcript	49721913	49722416	-	40246	False
block464	rs6770670	49686682	SuSiE_95pct_CS:FinnGen_DEP:CS1	ENSG00000164068	RNF123	protein_coding	49726932	49758962	+	40250	False
block464	rs6770670	49686682	SuSiE_95pct_CS:deLange_IBD:CS1	ENSG00000164068	RNF123	protein_coding	49726932	49758962	+	40250	False
block464	rs6770670	49686682	SuSiE_95pct_CS:FinnGen_IBD:CS1	ENSG00000164068	RNF123	protein_coding	49726932	49758962	+	40250	False
block464	rs9822268	49719729	SuSiE_95pct_CS:FinnGen_DEP:CS1	ENSG00000235120	BSN-AS1	antisense	49677916	49679202	-	40527	False
block464	rs9822268	49719729	SuSiE_95pct_CS:deLange_IBD:CS1	ENSG00000235120	BSN-AS1	antisense	49677916	49679202	-	40527	False
block464	rs9822268	49719729	SuSiE_95pct_CS:FinnGen_IBD:CS1	ENSG00000235120	BSN-AS1	antisense	49677916	49679202	-	40527	False
block464	rs9871654	49825370	SuSiE_95pct_CS:FinnGen_DEP:CS1	ENSG00000183763	TRAIP	protein_coding	49866034	49894007	-	40664	False
block464	rs13087851	49408974	SuSiE_95pct_CS:FinnGen_DEP:CS1	ENSG00000145022	TCTA	protein_coding	49449639	49453908	+	40665	False
block464	rs13085679	49869631	SuSiE_95pct_CS:FinnGen_DEP:CS1	ENSG00000234667	ACTBP13	pseudogene	49910780	49915413	-	41149	False
block464	rs6446272	49463287	SuSiE_95pct_CS:FinnGen_DEP:CS1	ENSG00000201301	RNA5SP130	rRNA	49504548	49504661	-	41261	False
block464	rs7634902	49762662	SuSiE_95pct_CS:FinnGen_DEP:CS1	ENSG00000164062	APEH	protein_coding	49711435	49721396	+	41266	False
block464	rs695238	49869158	SuSiE_95pct_CS:FinnGen_DEP:CS1	ENSG00000234667	ACTBP13	pseudogene	49910780	49915413	-	41622	False
block464	rs6809216	49412559	SuSiE_95pct_CS:FinnGen_DEP:CS1	ENSG00000145020	AMT	protein_coding	49454211	49460186	-	41652	False
block464	rs7645061	49868842	SuSiE_95pct_CS:FinnGen_DEP:CS1	ENSG00000234667	ACTBP13	pseudogene	49910780	49915413	-	41938	False
block464	rs11130213	49712297	SuSiE_95pct_CS:FinnGen_DEP:CS1	ENSG00000176020	AMIGO3	protein_coding	49754267	49761349	-	41970	False
block464	rs11130213	49712297	SuSiE_95pct_CS:deLange_IBD:CS1	ENSG00000176020	AMIGO3	protein_coding	49754267	49761349	-	41970	False
block464	rs11130213	49712297	SuSiE_95pct_CS:FinnGen_IBD:CS1	ENSG00000176020	AMIGO3	protein_coding	49754267	49761349	-	41970	False
block464	rs11130213	49712297	SuSiE_95pct_CS:FinnGen_DEP:CS1	ENSG00000173540	GMPPB	protein_coding	49754277	49761384	-	41980	False
block464	rs11130213	49712297	SuSiE_95pct_CS:deLange_IBD:CS1	ENSG00000173540	GMPPB	protein_coding	49754277	49761384	-	41980	False
block464	rs11130213	49712297	SuSiE_95pct_CS:FinnGen_IBD:CS1	ENSG00000173540	GMPPB	protein_coding	49754277	49761384	-	41980	False
block464	rs9822268	49719729	SuSiE_95pct_CS:FinnGen_DEP:CS1	ENSG00000176095	IP6K1	protein_coding	49761727	49823975	-	41998	False
block464	rs9822268	49719729	SuSiE_95pct_CS:deLange_IBD:CS1	ENSG00000176095	IP6K1	protein_coding	49761727	49823975	-	41998	False
block464	rs9822268	49719729	SuSiE_95pct_CS:FinnGen_IBD:CS1	ENSG00000176095	IP6K1	protein_coding	49761727	49823975	-	41998	False
block464	rs9871380	49438221	SuSiE_95pct_CS:FinnGen_DEP:CS1	ENSG00000233276	GPX1	protein_coding	49394609	49396033	-	42188	False
block464	rs7648987	49868455	SuSiE_95pct_CS:FinnGen_DEP:CS1	ENSG00000234667	ACTBP13	pseudogene	49910780	49915413	-	42325	False
block464	rs6775384	49853073	SuSiE_95pct_CS:FinnGen_DEP:CS1	ENSG00000164076	CAMKV	protein_coding	49895421	49907655	-	42348	False
block464	rs1128535	49866392	SuSiE_95pct_CS:FinnGen_DEP:CS1	ENSG00000176095	IP6K1	protein_coding	49761727	49823975	-	42417	False
block464	rs11720597	49635354	SuSiE_95pct_CS:FinnGen_DEP:CS1	ENSG00000235120	BSN-AS1	antisense	49677916	49679202	-	42562	False
block464	rs13085791	49721798	SuSiE_95pct_CS:FinnGen_DEP:CS1	ENSG00000235120	BSN-AS1	antisense	49677916	49679202	-	42596	False
block464	rs13085791	49721798	SuSiE_95pct_CS:deLange_IBD:CS1	ENSG00000235120	BSN-AS1	antisense	49677916	49679202	-	42596	False
block464	rs13085791	49721798	SuSiE_95pct_CS:FinnGen_IBD:CS1	ENSG00000235120	BSN-AS1	antisense	49677916	49679202	-	42596	False
block464	rs10865958	49858142	SuSiE_95pct_CS:FinnGen_DEP:CS1	ENSG00000264706	RN7SL217P	misc_RNA	49900819	49901093	-	42677	False
block464	rs67216675	49493151	SuSiE_95pct_CS:FinnGen_DEP:CS1	ENSG00000067560	RHOA	protein_coding	49396578	49450431	-	42720	False
block464	rs4283605	49678651	SuSiE_95pct_CS:FinnGen_DEP:CS1	ENSG00000173531	MST1	protein_coding	49721380	49726934	-	42729	False
block464	rs4283605	49678651	SuSiE_95pct_CS:deLange_IBD:CS1	ENSG00000173531	MST1	protein_coding	49721380	49726934	-	42729	False
block464	rs4283605	49678651	SuSiE_95pct_CS:FinnGen_IBD:CS1	ENSG00000173531	MST1	protein_coding	49721380	49726934	-	42729	False
block464	rs6446272	49463287	SuSiE_95pct_CS:FinnGen_DEP:CS1	ENSG00000173402	DAG1	protein_coding	49506146	49573048	+	42859	False
block464	rs9875617	49634696	SuSiE_95pct_CS:FinnGen_DEP:CS1	ENSG00000226913	BSN-AS2	lincRNA	49586739	49591799	-	42897	False
block464	rs9821311	49543656	SuSiE_95pct_CS:FinnGen_DEP:CS1	ENSG00000226913	BSN-AS2	lincRNA	49586739	49591799	-	43083	False
block464	rs6446264	49417243	SuSiE_95pct_CS:FinnGen_DEP:CS1	ENSG00000145029	NICN1	protein_coding	49460379	49466759	-	43136	False
block464	rs6446264	49417243	SuSiE_95pct_CS:FinnGen_DEP:CS1	ENSG00000235261	NICN1-AS1	antisense	49460379	49461864	+	43136	False
block464	rs9875617	49634696	SuSiE_95pct_CS:FinnGen_DEP:CS1	ENSG00000235120	BSN-AS1	antisense	49677916	49679202	-	43220	False
block464	rs4283605	49678651	SuSiE_95pct_CS:FinnGen_DEP:CS1	ENSG00000259970	AC099668.5	processed_transcript	49721913	49722416	-	43262	False
block464	rs4283605	49678651	SuSiE_95pct_CS:deLange_IBD:CS1	ENSG00000259970	AC099668.5	processed_transcript	49721913	49722416	-	43262	False
block464	rs4283605	49678651	SuSiE_95pct_CS:FinnGen_IBD:CS1	ENSG00000259970	AC099668.5	processed_transcript	49721913	49722416	-	43262	False
block464	rs11130218	49752372	SuSiE_95pct_CS:FinnGen_DEP:CS1	ENSG00000164061	BSN	protein_coding	49591922	49708978	+	43394	False
block464	rs11130219	49752427	SuSiE_95pct_CS:FinnGen_DEP:CS1	ENSG00000164061	BSN	protein_coding	49591922	49708978	+	43449	False
block464	rs9858418	49543288	SuSiE_95pct_CS:FinnGen_DEP:CS1	ENSG00000226913	BSN-AS2	lincRNA	49586739	49591799	-	43451	False
block464	rs11130219	49752427	SuSiE_95pct_CS:FinnGen_DEP:CS1	ENSG00000239576	RP13-480C15.1	pseudogene	49795916	49796089	+	43489	False
block464	rs11130218	49752372	SuSiE_95pct_CS:FinnGen_DEP:CS1	ENSG00000239576	RP13-480C15.1	pseudogene	49795916	49796089	+	43544	False
block464	rs7648841	49416825	SuSiE_95pct_CS:FinnGen_DEP:CS1	ENSG00000145029	NICN1	protein_coding	49460379	49466759	-	43554	False
block464	rs7648841	49416825	SuSiE_95pct_CS:FinnGen_DEP:CS1	ENSG00000235261	NICN1-AS1	antisense	49460379	49461864	+	43554	False
block464	rs11720597	49635354	SuSiE_95pct_CS:FinnGen_DEP:CS1	ENSG00000226913	BSN-AS2	lincRNA	49586739	49591799	-	43555	False
block464	rs1128535	49866392	SuSiE_95pct_CS:FinnGen_DEP:CS1	ENSG00000234667	ACTBP13	pseudogene	49910780	49915413	-	44388	False
block464	rs10212296	49542273	SuSiE_95pct_CS:FinnGen_DEP:CS1	ENSG00000226913	BSN-AS2	lincRNA	49586739	49591799	-	44466	False
block464	rs1873625	49666964	SuSiE_95pct_CS:FinnGen_DEP:CS1	ENSG00000164062	APEH	protein_coding	49711435	49721396	+	44471	False
block464	rs67485053	49405164	SuSiE_95pct_CS:FinnGen_DEP:CS1	ENSG00000145022	TCTA	protein_coding	49449639	49453908	+	44475	False
block464	rs7648987	49868455	SuSiE_95pct_CS:FinnGen_DEP:CS1	ENSG00000176095	IP6K1	protein_coding	49761727	49823975	-	44480	False
block464	rs9812791	49682311	SuSiE_95pct_CS:FinnGen_DEP:CS1	ENSG00000164068	RNF123	protein_coding	49726932	49758962	+	44621	False
block464	rs9812791	49682311	SuSiE_95pct_CS:deLange_IBD:CS1	ENSG00000164068	RNF123	protein_coding	49726932	49758962	+	44621	False
block464	rs9812791	49682311	SuSiE_95pct_CS:FinnGen_IBD:CS1	ENSG00000164068	RNF123	protein_coding	49726932	49758962	+	44621	False
block464	rs7645061	49868842	SuSiE_95pct_CS:FinnGen_DEP:CS1	ENSG00000176095	IP6K1	protein_coding	49761727	49823975	-	44867	False
block464	rs11706370	49441091	SuSiE_95pct_CS:FinnGen_DEP:CS1	ENSG00000233276	GPX1	protein_coding	49394609	49396033	-	45058	False
block464	rs10865958	49858142	SuSiE_95pct_CS:FinnGen_DEP:CS1	ENSG00000244730	RP13-1056D16.2	pseudogene	49812718	49813047	+	45095	False
block464	rs35169793	49423274	SuSiE_95pct_CS:FinnGen_DEP:CS1	ENSG00000114316	USP4	protein_coding	49315264	49378145	-	45129	False
block464	rs695238	49869158	SuSiE_95pct_CS:FinnGen_DEP:CS1	ENSG00000176095	IP6K1	protein_coding	49761727	49823975	-	45183	False
block464	rs13087851	49408974	SuSiE_95pct_CS:FinnGen_DEP:CS1	ENSG00000145020	AMT	protein_coding	49454211	49460186	-	45237	False
block464	rs6803222	49665976	SuSiE_95pct_CS:FinnGen_DEP:CS1	ENSG00000164062	APEH	protein_coding	49711435	49721396	+	45459	False
block464	rs7623659	49414791	SuSiE_95pct_CS:FinnGen_DEP:CS1	ENSG00000145029	NICN1	protein_coding	49460379	49466759	-	45588	False
block464	rs7623659	49414791	SuSiE_95pct_CS:FinnGen_DEP:CS1	ENSG00000235261	NICN1-AS1	antisense	49460379	49461864	+	45588	False
block464	rs13085679	49869631	SuSiE_95pct_CS:FinnGen_DEP:CS1	ENSG00000176095	IP6K1	protein_coding	49761727	49823975	-	45656	False
block464	rs9853683	49512588	SuSiE_95pct_CS:FinnGen_DEP:CS1	ENSG00000145029	NICN1	protein_coding	49460379	49466759	-	45829	False
block464	rs6779524	49450449	SuSiE_95pct_CS:FinnGen_DEP:CS1	ENSG00000235908	RHOA-IT1	sense_intronic	49402578	49404439	-	46010	False
block464	rs6793308	49424283	SuSiE_95pct_CS:FinnGen_DEP:CS1	ENSG00000114316	USP4	protein_coding	49315264	49378145	-	46138	False
block464	rs11712569	49540152	SuSiE_95pct_CS:FinnGen_DEP:CS1	ENSG00000226913	BSN-AS2	lincRNA	49586739	49591799	-	46587	False
block464	rs71324979	49619651	SuSiE_95pct_CS:FinnGen_DEP:CS1	ENSG00000173402	DAG1	protein_coding	49506146	49573048	+	46603	False
block464	rs11708955	49540114	SuSiE_95pct_CS:FinnGen_DEP:CS1	ENSG00000226913	BSN-AS2	lincRNA	49586739	49591799	-	46625	False
block464	rs9837341	49664767	SuSiE_95pct_CS:FinnGen_DEP:CS1	ENSG00000164062	APEH	protein_coding	49711435	49721396	+	46668	False
block464	rs116068666	48034051	SuSiE_95pct_CS:FinnGen_IBD:CS2	ENSG00000270285	RP11-1029M24.4	pseudogene	48080757	48080980	+	46706	False
block464	rs9862080	49674458	PLACO_lead	ENSG00000173531	MST1	protein_coding	49721380	49726934	-	46922	False
block464	rs9862080	49674458	SuSiE_95pct_CS:FinnGen_DEP:CS1	ENSG00000173531	MST1	protein_coding	49721380	49726934	-	46922	False
block464	rs12330269	49513910	SuSiE_95pct_CS:FinnGen_DEP:CS1	ENSG00000145029	NICN1	protein_coding	49460379	49466759	-	47151	False
block464	rs6766581	49539401	SuSiE_95pct_CS:FinnGen_DEP:CS1	ENSG00000226913	BSN-AS2	lincRNA	49586739	49591799	-	47338	False
block464	rs9862080	49674458	PLACO_lead	ENSG00000259970	AC099668.5	processed_transcript	49721913	49722416	-	47455	False
block464	rs9862080	49674458	SuSiE_95pct_CS:FinnGen_DEP:CS1	ENSG00000259970	AC099668.5	processed_transcript	49721913	49722416	-	47455	False
block464	rs1131095	49714225	SuSiE_95pct_CS:FinnGen_DEP:CS1	ENSG00000176095	IP6K1	protein_coding	49761727	49823975	-	47502	False
block464	rs1131095	49714225	SuSiE_95pct_CS:deLange_IBD:CS1	ENSG00000176095	IP6K1	protein_coding	49761727	49823975	-	47502	False
block464	rs1131095	49714225	SuSiE_95pct_CS:FinnGen_IBD:CS1	ENSG00000176095	IP6K1	protein_coding	49761727	49823975	-	47502	False
block464	rs6797664	49539222	SuSiE_95pct_CS:FinnGen_DEP:CS1	ENSG00000226913	BSN-AS2	lincRNA	49586739	49591799	-	47517	False
block464	rs6775384	49853073	SuSiE_95pct_CS:FinnGen_DEP:CS1	ENSG00000264706	RN7SL217P	misc_RNA	49900819	49901093	-	47746	False
block464	rs6766131	49538932	SuSiE_95pct_CS:FinnGen_DEP:CS1	ENSG00000226913	BSN-AS2	lincRNA	49586739	49591799	-	47807	False
block464	rs6809216	49412559	SuSiE_95pct_CS:FinnGen_DEP:CS1	ENSG00000145029	NICN1	protein_coding	49460379	49466759	-	47820	False
block464	rs6809216	49412559	SuSiE_95pct_CS:FinnGen_DEP:CS1	ENSG00000235261	NICN1-AS1	antisense	49460379	49461864	+	47820	False
block464	rs9821311	49543656	SuSiE_95pct_CS:FinnGen_DEP:CS1	ENSG00000164061	BSN	protein_coding	49591922	49708978	+	48266	False
block464	rs4283605	49678651	SuSiE_95pct_CS:FinnGen_DEP:CS1	ENSG00000164068	RNF123	protein_coding	49726932	49758962	+	48281	False
block464	rs4283605	49678651	SuSiE_95pct_CS:deLange_IBD:CS1	ENSG00000164068	RNF123	protein_coding	49726932	49758962	+	48281	False
block464	rs4283605	49678651	SuSiE_95pct_CS:FinnGen_IBD:CS1	ENSG00000164068	RNF123	protein_coding	49726932	49758962	+	48281	False
block464	rs9858418	49543288	SuSiE_95pct_CS:FinnGen_DEP:CS1	ENSG00000164061	BSN	protein_coding	49591922	49708978	+	48634	False
block464	rs34363169	49537712	SuSiE_95pct_CS:FinnGen_DEP:CS1	ENSG00000226913	BSN-AS2	lincRNA	49586739	49591799	-	49027	False
block464	rs67485053	49405164	SuSiE_95pct_CS:FinnGen_DEP:CS1	ENSG00000145020	AMT	protein_coding	49454211	49460186	-	49047	False
block464	rs11715915	49455330	SuSiE_95pct_CS:FinnGen_DEP:CS1	ENSG00000201301	RNA5SP130	rRNA	49504548	49504661	-	49218	False
block464	rs6997	49453834	SuSiE_95pct_CS:FinnGen_DEP:CS1	ENSG00000235908	RHOA-IT1	sense_intronic	49402578	49404439	-	49395	False
block464	rs11130213	49712297	SuSiE_95pct_CS:FinnGen_DEP:CS1	ENSG00000176095	IP6K1	protein_coding	49761727	49823975	-	49430	False
block464	rs11130213	49712297	SuSiE_95pct_CS:deLange_IBD:CS1	ENSG00000176095	IP6K1	protein_coding	49761727	49823975	-	49430	False
block464	rs11130213	49712297	SuSiE_95pct_CS:FinnGen_IBD:CS1	ENSG00000176095	IP6K1	protein_coding	49761727	49823975	-	49430	False
block464	rs10212296	49542273	SuSiE_95pct_CS:FinnGen_DEP:CS1	ENSG00000164061	BSN	protein_coding	49591922	49708978	+	49649	False
block464	rs9814873	49454112	SuSiE_95pct_CS:FinnGen_DEP:CS1	ENSG00000235908	RHOA-IT1	sense_intronic	49402578	49404439	-	49673	False
block464	rs10640	49454277	SuSiE_95pct_CS:FinnGen_DEP:CS1	ENSG00000235908	RHOA-IT1	sense_intronic	49402578	49404439	-	49838	False
block464	rs7634902	49762662	SuSiE_95pct_CS:FinnGen_DEP:CS1	ENSG00000244730	RP13-1056D16.2	pseudogene	49812718	49813047	+	50056	False
block464	rs10640	49454277	SuSiE_95pct_CS:FinnGen_DEP:CS1	ENSG00000201301	RNA5SP130	rRNA	49504548	49504661	-	50271	False
block464	rs1987628	49399259	SuSiE_95pct_CS:FinnGen_DEP:CS1	ENSG00000145022	TCTA	protein_coding	49449639	49453908	+	50380	False
block464	rs9814873	49454112	SuSiE_95pct_CS:FinnGen_DEP:CS1	ENSG00000201301	RNA5SP130	rRNA	49504548	49504661	-	50436	False
block464	rs13064576	49642430	SuSiE_95pct_CS:FinnGen_DEP:CS1	ENSG00000226913	BSN-AS2	lincRNA	49586739	49591799	-	50631	False
block464	rs6997	49453834	SuSiE_95pct_CS:FinnGen_DEP:CS1	ENSG00000201301	RNA5SP130	rRNA	49504548	49504661	-	50714	False
block464	rs9853683	49512588	SuSiE_95pct_CS:FinnGen_DEP:CS1	ENSG00000235261	NICN1-AS1	antisense	49460379	49461864	+	50724	False
block464	rs11715915	49455330	SuSiE_95pct_CS:FinnGen_DEP:CS1	ENSG00000173402	DAG1	protein_coding	49506146	49573048	+	50816	False
block464	rs7426497	49789814	SuSiE_95pct_CS:FinnGen_DEP:CS1	ENSG00000185614	FAM212A	protein_coding	49840687	49842463	+	50873	False
block464	rs11715915	49455330	SuSiE_95pct_CS:FinnGen_DEP:CS1	ENSG00000235908	RHOA-IT1	sense_intronic	49402578	49404439	-	50891	False
block464	rs7633271	49555963	SuSiE_95pct_CS:FinnGen_DEP:CS1	ENSG00000201301	RNA5SP130	rRNA	49504548	49504661	-	51302	False
block464	rs9811982	49624377	SuSiE_95pct_CS:FinnGen_DEP:CS1	ENSG00000173402	DAG1	protein_coding	49506146	49573048	+	51329	False
block464	rs13087851	49408974	SuSiE_95pct_CS:FinnGen_DEP:CS1	ENSG00000145029	NICN1	protein_coding	49460379	49466759	-	51405	False
block464	rs13087851	49408974	SuSiE_95pct_CS:FinnGen_DEP:CS1	ENSG00000235261	NICN1-AS1	antisense	49460379	49461864	+	51405	False
block464	rs9852529	49730625	SuSiE_95pct_CS:FinnGen_DEP:CS1	ENSG00000235120	BSN-AS1	antisense	49677916	49679202	-	51423	False
block464	rs9852529	49730625	SuSiE_95pct_CS:FinnGen_IBD:CS1	ENSG00000235120	BSN-AS1	antisense	49677916	49679202	-	51423	False
block464	rs11712569	49540152	SuSiE_95pct_CS:FinnGen_DEP:CS1	ENSG00000164061	BSN	protein_coding	49591922	49708978	+	51770	False
block464	rs9882740	49702484	SuSiE_95pct_CS:FinnGen_DEP:CS1	ENSG00000176020	AMIGO3	protein_coding	49754267	49761349	-	51783	False
block464	rs9882740	49702484	SuSiE_95pct_CS:deLange_IBD:CS1	ENSG00000176020	AMIGO3	protein_coding	49754267	49761349	-	51783	False
block464	rs9882740	49702484	SuSiE_95pct_CS:FinnGen_IBD:CS1	ENSG00000176020	AMIGO3	protein_coding	49754267	49761349	-	51783	False
block464	rs9882740	49702484	SuSiE_95pct_CS:FinnGen_DEP:CS1	ENSG00000173540	GMPPB	protein_coding	49754277	49761384	-	51793	False
block464	rs9882740	49702484	SuSiE_95pct_CS:deLange_IBD:CS1	ENSG00000173540	GMPPB	protein_coding	49754277	49761384	-	51793	False
block464	rs9882740	49702484	SuSiE_95pct_CS:FinnGen_IBD:CS1	ENSG00000173540	GMPPB	protein_coding	49754277	49761384	-	51793	False
block464	rs11708955	49540114	SuSiE_95pct_CS:FinnGen_DEP:CS1	ENSG00000164061	BSN	protein_coding	49591922	49708978	+	51808	False
block464	rs10640	49454277	SuSiE_95pct_CS:FinnGen_DEP:CS1	ENSG00000173402	DAG1	protein_coding	49506146	49573048	+	51869	False
block464	rs9814873	49454112	SuSiE_95pct_CS:FinnGen_DEP:CS1	ENSG00000173402	DAG1	protein_coding	49506146	49573048	+	52034	False
block464	rs12330269	49513910	SuSiE_95pct_CS:FinnGen_DEP:CS1	ENSG00000235261	NICN1-AS1	antisense	49460379	49461864	+	52046	False
block464	rs11917431	49644012	SuSiE_95pct_CS:FinnGen_DEP:CS1	ENSG00000226913	BSN-AS2	lincRNA	49586739	49591799	-	52213	False
block464	rs9858542	49701983	SuSiE_95pct_CS:FinnGen_DEP:CS1	ENSG00000176020	AMIGO3	protein_coding	49754267	49761349	-	52284	False
block464	rs9858542	49701983	SuSiE_95pct_CS:deLange_IBD:CS1	ENSG00000176020	AMIGO3	protein_coding	49754267	49761349	-	52284	False
block464	rs9858542	49701983	SuSiE_95pct_CS:FinnGen_IBD:CS1	ENSG00000176020	AMIGO3	protein_coding	49754267	49761349	-	52284	False
block464	rs9858542	49701983	SuSiE_95pct_CS:FinnGen_DEP:CS1	ENSG00000173540	GMPPB	protein_coding	49754277	49761384	-	52294	False
block464	rs9858542	49701983	SuSiE_95pct_CS:deLange_IBD:CS1	ENSG00000173540	GMPPB	protein_coding	49754277	49761384	-	52294	False
block464	rs9858542	49701983	SuSiE_95pct_CS:FinnGen_IBD:CS1	ENSG00000173540	GMPPB	protein_coding	49754277	49761384	-	52294	False
block464	rs6997	49453834	SuSiE_95pct_CS:FinnGen_DEP:CS1	ENSG00000173402	DAG1	protein_coding	49506146	49573048	+	52312	False
block464	rs11921590	49644193	SuSiE_95pct_CS:FinnGen_DEP:CS1	ENSG00000226913	BSN-AS2	lincRNA	49586739	49591799	-	52394	False
block464	rs9853683	49512588	SuSiE_95pct_CS:FinnGen_DEP:CS1	ENSG00000145020	AMT	protein_coding	49454211	49460186	-	52402	False
block464	rs9862080	49674458	PLACO_lead	ENSG00000164068	RNF123	protein_coding	49726932	49758962	+	52474	False
block464	rs9862080	49674458	SuSiE_95pct_CS:FinnGen_DEP:CS1	ENSG00000164068	RNF123	protein_coding	49726932	49758962	+	52474	False
block464	rs6766581	49539401	SuSiE_95pct_CS:FinnGen_DEP:CS1	ENSG00000164061	BSN	protein_coding	49591922	49708978	+	52521	False
block464	rs10865958	49858142	SuSiE_95pct_CS:FinnGen_DEP:CS1	ENSG00000234667	ACTBP13	pseudogene	49910780	49915413	-	52638	False
block464	rs9858213	49731861	SuSiE_95pct_CS:FinnGen_DEP:CS1	ENSG00000235120	BSN-AS1	antisense	49677916	49679202	-	52659	False
block464	rs9858213	49731861	SuSiE_95pct_CS:FinnGen_IBD:CS1	ENSG00000235120	BSN-AS1	antisense	49677916	49679202	-	52659	False
block464	rs6797664	49539222	SuSiE_95pct_CS:FinnGen_DEP:CS1	ENSG00000164061	BSN	protein_coding	49591922	49708978	+	52700	False
block464	rs7426497	49789814	SuSiE_95pct_CS:FinnGen_DEP:CS1	ENSG00000182179	UBA7	protein_coding	49842640	49851379	-	52826	False
block464	rs6766131	49538932	SuSiE_95pct_CS:FinnGen_DEP:CS1	ENSG00000164061	BSN	protein_coding	49591922	49708978	+	52990	False
block464	rs3811699	49396360	SuSiE_95pct_CS:FinnGen_DEP:CS1	ENSG00000145022	TCTA	protein_coding	49449639	49453908	+	53279	False
block464	rs1128535	49866392	SuSiE_95pct_CS:FinnGen_DEP:CS1	ENSG00000244730	RP13-1056D16.2	pseudogene	49812718	49813047	+	53345	False
block464	rs9811982	49624377	SuSiE_95pct_CS:FinnGen_DEP:CS1	ENSG00000235120	BSN-AS1	antisense	49677916	49679202	-	53539	False
block464	rs7634902	49762662	SuSiE_95pct_CS:FinnGen_DEP:CS1	ENSG00000164061	BSN	protein_coding	49591922	49708978	+	53684	False
block464	rs11716974	49431853	SuSiE_95pct_CS:FinnGen_DEP:CS1	ENSG00000114316	USP4	protein_coding	49315264	49378145	-	53708	False
block464	rs12330269	49513910	SuSiE_95pct_CS:FinnGen_DEP:CS1	ENSG00000145020	AMT	protein_coding	49454211	49460186	-	53724	False
block464	rs7426497	49789814	SuSiE_95pct_CS:FinnGen_DEP:CS1	ENSG00000263506	MIR5193	miRNA	49843570	49843678	-	53756	False
block464	rs1800668	49395757	SuSiE_95pct_CS:FinnGen_DEP:CS1	ENSG00000145022	TCTA	protein_coding	49449639	49453908	+	53882	False
block464	rs3926569	49558716	SuSiE_95pct_CS:FinnGen_DEP:CS1	ENSG00000201301	RNA5SP130	rRNA	49504548	49504661	-	54055	False
block464	rs6779524	49450449	SuSiE_95pct_CS:FinnGen_DEP:CS1	ENSG00000201301	RNA5SP130	rRNA	49504548	49504661	-	54099	False
block464	rs34363169	49537712	SuSiE_95pct_CS:FinnGen_DEP:CS1	ENSG00000164061	BSN	protein_coding	49591922	49708978	+	54210	False
block464	rs6779524	49450449	SuSiE_95pct_CS:FinnGen_DEP:CS1	ENSG00000233276	GPX1	protein_coding	49394609	49396033	-	54416	False
block464	rs1873625	49666964	SuSiE_95pct_CS:FinnGen_DEP:CS1	ENSG00000173531	MST1	protein_coding	49721380	49726934	-	54416	False
block464	rs13085679	49869631	SuSiE_95pct_CS:FinnGen_DEP:CS1	ENSG00000164078	MST1R	protein_coding	49924435	49941299	-	54804	False
block464	rs1050450	49394834	SuSiE_95pct_CS:FinnGen_DEP:CS1	ENSG00000145022	TCTA	protein_coding	49449639	49453908	+	54805	False
block464	rs13062429	49559485	SuSiE_95pct_CS:FinnGen_DEP:CS1	ENSG00000201301	RNA5SP130	rRNA	49504548	49504661	-	54824	False
block464	rs1873625	49666964	SuSiE_95pct_CS:FinnGen_DEP:CS1	ENSG00000259970	AC099668.5	processed_transcript	49721913	49722416	-	54949	False
block464	rs1987628	49399259	SuSiE_95pct_CS:FinnGen_DEP:CS1	ENSG00000145020	AMT	protein_coding	49454211	49460186	-	54952	False
block464	rs67485053	49405164	SuSiE_95pct_CS:FinnGen_DEP:CS1	ENSG00000145029	NICN1	protein_coding	49460379	49466759	-	55215	False
block464	rs67485053	49405164	SuSiE_95pct_CS:FinnGen_DEP:CS1	ENSG00000235261	NICN1-AS1	antisense	49460379	49461864	+	55215	False
block464	rs695238	49869158	SuSiE_95pct_CS:FinnGen_DEP:CS1	ENSG00000164078	MST1R	protein_coding	49924435	49941299	-	55277	False
block464	rs6803222	49665976	SuSiE_95pct_CS:FinnGen_DEP:CS1	ENSG00000173531	MST1	protein_coding	49721380	49726934	-	55404	False
block464	rs7648987	49868455	SuSiE_95pct_CS:FinnGen_DEP:CS1	ENSG00000244730	RP13-1056D16.2	pseudogene	49812718	49813047	+	55408	False
block464	rs7645061	49868842	SuSiE_95pct_CS:FinnGen_DEP:CS1	ENSG00000164078	MST1R	protein_coding	49924435	49941299	-	55593	False
block464	rs6779524	49450449	SuSiE_95pct_CS:FinnGen_DEP:CS1	ENSG00000173402	DAG1	protein_coding	49506146	49573048	+	55697	False
block464	rs7630869	49522543	SuSiE_95pct_CS:FinnGen_DEP:CS1	ENSG00000145029	NICN1	protein_coding	49460379	49466759	-	55784	False
block464	rs7645061	49868842	SuSiE_95pct_CS:FinnGen_DEP:CS1	ENSG00000244730	RP13-1056D16.2	pseudogene	49812718	49813047	+	55795	False
block464	rs6803222	49665976	SuSiE_95pct_CS:FinnGen_DEP:CS1	ENSG00000259970	AC099668.5	processed_transcript	49721913	49722416	-	55937	False
block464	rs7648987	49868455	SuSiE_95pct_CS:FinnGen_DEP:CS1	ENSG00000164078	MST1R	protein_coding	49924435	49941299	-	55980	False
block464	rs695238	49869158	SuSiE_95pct_CS:FinnGen_DEP:CS1	ENSG00000244730	RP13-1056D16.2	pseudogene	49812718	49813047	+	56111	False
block464	rs9878943	49434654	SuSiE_95pct_CS:FinnGen_DEP:CS1	ENSG00000114316	USP4	protein_coding	49315264	49378145	-	56509	False
block464	rs13085679	49869631	SuSiE_95pct_CS:FinnGen_DEP:CS1	ENSG00000244730	RP13-1056D16.2	pseudogene	49812718	49813047	+	56584	False
block464	rs9837341	49664767	SuSiE_95pct_CS:FinnGen_DEP:CS1	ENSG00000173531	MST1	protein_coding	49721380	49726934	-	56613	False
block464	rs9836291	49697459	SuSiE_95pct_CS:FinnGen_DEP:CS1	ENSG00000176020	AMIGO3	protein_coding	49754267	49761349	-	56808	False
block464	rs9836291	49697459	SuSiE_95pct_CS:deLange_IBD:CS1	ENSG00000176020	AMIGO3	protein_coding	49754267	49761349	-	56808	False
block464	rs9836291	49697459	SuSiE_95pct_CS:FinnGen_IBD:CS1	ENSG00000176020	AMIGO3	protein_coding	49754267	49761349	-	56808	False
block464	rs9836291	49697459	SuSiE_95pct_CS:FinnGen_DEP:CS1	ENSG00000173540	GMPPB	protein_coding	49754277	49761384	-	56818	False
block464	rs9836291	49697459	SuSiE_95pct_CS:deLange_IBD:CS1	ENSG00000173540	GMPPB	protein_coding	49754277	49761384	-	56818	False
block464	rs9836291	49697459	SuSiE_95pct_CS:FinnGen_IBD:CS1	ENSG00000173540	GMPPB	protein_coding	49754277	49761384	-	56818	False
block464	rs1491986	49739086	SuSiE_95pct_CS:FinnGen_DEP:CS1	ENSG00000239576	RP13-480C15.1	pseudogene	49795916	49796089	+	56830	False
block464	rs6775384	49853073	SuSiE_95pct_CS:FinnGen_DEP:CS1	ENSG00000239576	RP13-480C15.1	pseudogene	49795916	49796089	+	56984	False
block464	rs9837341	49664767	SuSiE_95pct_CS:FinnGen_DEP:CS1	ENSG00000259970	AC099668.5	processed_transcript	49721913	49722416	-	57146	False
block464	rs9850072	49529482	SuSiE_95pct_CS:FinnGen_DEP:CS1	ENSG00000226913	BSN-AS2	lincRNA	49586739	49591799	-	57257	False
block464	rs6785549	49736565	SuSiE_95pct_CS:FinnGen_DEP:CS1	ENSG00000235120	BSN-AS1	antisense	49677916	49679202	-	57363	False
block464	rs11718165	49696797	SuSiE_95pct_CS:FinnGen_DEP:CS1	ENSG00000176020	AMIGO3	protein_coding	49754267	49761349	-	57470	False
block464	rs11718165	49696797	SuSiE_95pct_CS:FinnGen_IBD:CS1	ENSG00000176020	AMIGO3	protein_coding	49754267	49761349	-	57470	False
block464	rs11718165	49696797	SuSiE_95pct_CS:FinnGen_DEP:CS1	ENSG00000173540	GMPPB	protein_coding	49754277	49761384	-	57480	False
block464	rs11718165	49696797	SuSiE_95pct_CS:FinnGen_IBD:CS1	ENSG00000173540	GMPPB	protein_coding	49754277	49761384	-	57480	False
block464	rs6775384	49853073	SuSiE_95pct_CS:FinnGen_DEP:CS1	ENSG00000234667	ACTBP13	pseudogene	49910780	49915413	-	57707	False
block464	rs6997	49453834	SuSiE_95pct_CS:FinnGen_DEP:CS1	ENSG00000233276	GPX1	protein_coding	49394609	49396033	-	57801	False
block464	rs3811699	49396360	SuSiE_95pct_CS:FinnGen_DEP:CS1	ENSG00000145020	AMT	protein_coding	49454211	49460186	-	57851	False
block464	rs1128535	49866392	SuSiE_95pct_CS:FinnGen_DEP:CS1	ENSG00000164078	MST1R	protein_coding	49924435	49941299	-	58043	False
block464	rs9814873	49454112	SuSiE_95pct_CS:FinnGen_DEP:CS1	ENSG00000233276	GPX1	protein_coding	49394609	49396033	-	58079	False
block464	rs10640	49454277	SuSiE_95pct_CS:FinnGen_DEP:CS1	ENSG00000233276	GPX1	protein_coding	49394609	49396033	-	58244	False
block464	rs71324979	49619651	SuSiE_95pct_CS:FinnGen_DEP:CS1	ENSG00000235120	BSN-AS1	antisense	49677916	49679202	-	58265	False
block464	rs11711536	49391240	SuSiE_95pct_CS:FinnGen_DEP:CS1	ENSG00000145022	TCTA	protein_coding	49449639	49453908	+	58399	False
block464	rs1800668	49395757	SuSiE_95pct_CS:FinnGen_DEP:CS1	ENSG00000145020	AMT	protein_coding	49454211	49460186	-	58454	False
block464	rs13090388	49391082	SuSiE_95pct_CS:FinnGen_DEP:CS1	ENSG00000145022	TCTA	protein_coding	49449639	49453908	+	58557	False
block464	rs7614725	49650395	SuSiE_95pct_CS:FinnGen_DEP:CS1	ENSG00000226913	BSN-AS2	lincRNA	49586739	49591799	-	58596	False
block464	rs9853683	49512588	SuSiE_95pct_CS:FinnGen_DEP:CS1	ENSG00000145022	TCTA	protein_coding	49449639	49453908	+	58680	False
block464	rs34196454	49563456	SuSiE_95pct_CS:FinnGen_DEP:CS1	ENSG00000201301	RNA5SP130	rRNA	49504548	49504661	-	58795	False
block464	rs6446272	49463287	SuSiE_95pct_CS:FinnGen_DEP:CS1	ENSG00000235908	RHOA-IT1	sense_intronic	49402578	49404439	-	58848	False
block464	rs11719996	49525958	SuSiE_95pct_CS:FinnGen_DEP:CS1	ENSG00000145029	NICN1	protein_coding	49460379	49466759	-	59199	False
block464	rs9882740	49702484	SuSiE_95pct_CS:FinnGen_DEP:CS1	ENSG00000176095	IP6K1	protein_coding	49761727	49823975	-	59243	False
block464	rs9882740	49702484	SuSiE_95pct_CS:deLange_IBD:CS1	ENSG00000176095	IP6K1	protein_coding	49761727	49823975	-	59243	False
block464	rs9882740	49702484	SuSiE_95pct_CS:FinnGen_IBD:CS1	ENSG00000176095	IP6K1	protein_coding	49761727	49823975	-	59243	False
block464	rs11715915	49455330	SuSiE_95pct_CS:FinnGen_DEP:CS1	ENSG00000233276	GPX1	protein_coding	49394609	49396033	-	59297	False
block464	rs6785549	49736565	SuSiE_95pct_CS:FinnGen_DEP:CS1	ENSG00000239576	RP13-480C15.1	pseudogene	49795916	49796089	+	59351	False
block464	rs1050450	49394834	SuSiE_95pct_CS:FinnGen_DEP:CS1	ENSG00000145020	AMT	protein_coding	49454211	49460186	-	59377	False
block464	rs9833611	49651210	SuSiE_95pct_CS:FinnGen_DEP:CS1	ENSG00000226913	BSN-AS2	lincRNA	49586739	49591799	-	59411	False
block464	rs9858542	49701983	SuSiE_95pct_CS:FinnGen_DEP:CS1	ENSG00000176095	IP6K1	protein_coding	49761727	49823975	-	59744	False
block464	rs9858542	49701983	SuSiE_95pct_CS:deLange_IBD:CS1	ENSG00000176095	IP6K1	protein_coding	49761727	49823975	-	59744	False
block464	rs9858542	49701983	SuSiE_95pct_CS:FinnGen_IBD:CS1	ENSG00000176095	IP6K1	protein_coding	49761727	49823975	-	59744	False
block464	rs17080528	49389842	SuSiE_95pct_CS:FinnGen_DEP:CS1	ENSG00000145022	TCTA	protein_coding	49449639	49453908	+	59797	False
block464	rs1491986	49739086	SuSiE_95pct_CS:FinnGen_DEP:CS1	ENSG00000235120	BSN-AS1	antisense	49677916	49679202	-	59884	False
block464	rs1873625	49666964	SuSiE_95pct_CS:FinnGen_DEP:CS1	ENSG00000164068	RNF123	protein_coding	49726932	49758962	+	59968	False
block464	rs12330269	49513910	SuSiE_95pct_CS:FinnGen_DEP:CS1	ENSG00000145022	TCTA	protein_coding	49449639	49453908	+	60002	False
block464	rs9871380	49438221	SuSiE_95pct_CS:FinnGen_DEP:CS1	ENSG00000114316	USP4	protein_coding	49315264	49378145	-	60076	False
block464	rs9833611	49651210	SuSiE_95pct_CS:FinnGen_DEP:CS1	ENSG00000164062	APEH	protein_coding	49711435	49721396	+	60225	False
block464	rs11130219	49752427	SuSiE_95pct_CS:FinnGen_DEP:CS1	ENSG00000244730	RP13-1056D16.2	pseudogene	49812718	49813047	+	60291	False
block464	rs11130218	49752372	SuSiE_95pct_CS:FinnGen_DEP:CS1	ENSG00000244730	RP13-1056D16.2	pseudogene	49812718	49813047	+	60346	False
block464	rs116068666	48034051	SuSiE_95pct_CS:FinnGen_IBD:CS2	ENSG00000199591	Y_RNA	misc_RNA	47973298	47973404	-	60647	False
block464	rs7630869	49522543	SuSiE_95pct_CS:FinnGen_DEP:CS1	ENSG00000235261	NICN1-AS1	antisense	49460379	49461864	+	60679	False
block464	rs11719996	49525958	SuSiE_95pct_CS:FinnGen_DEP:CS1	ENSG00000226913	BSN-AS2	lincRNA	49586739	49591799	-	60781	False
block464	rs6803222	49665976	SuSiE_95pct_CS:FinnGen_DEP:CS1	ENSG00000164068	RNF123	protein_coding	49726932	49758962	+	60956	False
block464	rs7614725	49650395	SuSiE_95pct_CS:FinnGen_DEP:CS1	ENSG00000164062	APEH	protein_coding	49711435	49721396	+	61040	False
block464	rs1987628	49399259	SuSiE_95pct_CS:FinnGen_DEP:CS1	ENSG00000145029	NICN1	protein_coding	49460379	49466759	-	61120	False
block464	rs1987628	49399259	SuSiE_95pct_CS:FinnGen_DEP:CS1	ENSG00000235261	NICN1-AS1	antisense	49460379	49461864	+	61120	False
block464	rs9875617	49634696	SuSiE_95pct_CS:FinnGen_DEP:CS1	ENSG00000173402	DAG1	protein_coding	49506146	49573048	+	61648	False
block464	rs10865958	49858142	SuSiE_95pct_CS:FinnGen_DEP:CS1	ENSG00000239576	RP13-480C15.1	pseudogene	49795916	49796089	+	62053	False
block464	rs9853683	49512588	SuSiE_95pct_CS:FinnGen_DEP:CS1	ENSG00000067560	RHOA	protein_coding	49396578	49450431	-	62157	False
block464	rs9837341	49664767	SuSiE_95pct_CS:FinnGen_DEP:CS1	ENSG00000164068	RNF123	protein_coding	49726932	49758962	+	62165	False
block464	rs11720597	49635354	SuSiE_95pct_CS:FinnGen_DEP:CS1	ENSG00000173402	DAG1	protein_coding	49506146	49573048	+	62306	False
block464	rs7630869	49522543	SuSiE_95pct_CS:FinnGen_DEP:CS1	ENSG00000145020	AMT	protein_coding	49454211	49460186	-	62357	False
block464	rs9850072	49529482	SuSiE_95pct_CS:FinnGen_DEP:CS1	ENSG00000164061	BSN	protein_coding	49591922	49708978	+	62440	False
block464	rs9850072	49529482	SuSiE_95pct_CS:FinnGen_DEP:CS1	ENSG00000145029	NICN1	protein_coding	49460379	49466759	-	62723	False
block464	rs7426497	49789814	SuSiE_95pct_CS:FinnGen_DEP:CS1	ENSG00000173531	MST1	protein_coding	49721380	49726934	-	62880	False
block464	rs11706370	49441091	SuSiE_95pct_CS:FinnGen_DEP:CS1	ENSG00000114316	USP4	protein_coding	49315264	49378145	-	62946	False
block464	rs11711536	49391240	SuSiE_95pct_CS:FinnGen_DEP:CS1	ENSG00000145020	AMT	protein_coding	49454211	49460186	-	62971	False
block464	rs13090388	49391082	SuSiE_95pct_CS:FinnGen_DEP:CS1	ENSG00000145020	AMT	protein_coding	49454211	49460186	-	63129	False
block464	rs11706370	49441091	SuSiE_95pct_CS:FinnGen_DEP:CS1	ENSG00000201301	RNA5SP130	rRNA	49504548	49504661	-	63457	False
block464	rs12330269	49513910	SuSiE_95pct_CS:FinnGen_DEP:CS1	ENSG00000067560	RHOA	protein_coding	49396578	49450431	-	63479	False
block464	rs11709525	49690496	SuSiE_95pct_CS:FinnGen_DEP:CS1	ENSG00000176020	AMIGO3	protein_coding	49754267	49761349	-	63771	False
block464	rs11709525	49690496	SuSiE_95pct_CS:deLange_IBD:CS1	ENSG00000176020	AMIGO3	protein_coding	49754267	49761349	-	63771	False
block464	rs11709525	49690496	SuSiE_95pct_CS:FinnGen_IBD:CS1	ENSG00000176020	AMIGO3	protein_coding	49754267	49761349	-	63771	False
block464	rs11709525	49690496	SuSiE_95pct_CS:FinnGen_DEP:CS1	ENSG00000173540	GMPPB	protein_coding	49754277	49761384	-	63781	False
block464	rs11709525	49690496	SuSiE_95pct_CS:deLange_IBD:CS1	ENSG00000173540	GMPPB	protein_coding	49754277	49761384	-	63781	False
block464	rs11709525	49690496	SuSiE_95pct_CS:FinnGen_IBD:CS1	ENSG00000173540	GMPPB	protein_coding	49754277	49761384	-	63781	False
block464	rs9871654	49825370	SuSiE_95pct_CS:FinnGen_DEP:CS1	ENSG00000173540	GMPPB	protein_coding	49754277	49761384	-	63986	False
block464	rs3811699	49396360	SuSiE_95pct_CS:FinnGen_DEP:CS1	ENSG00000145029	NICN1	protein_coding	49460379	49466759	-	64019	False
block464	rs3811699	49396360	SuSiE_95pct_CS:FinnGen_DEP:CS1	ENSG00000235261	NICN1-AS1	antisense	49460379	49461864	+	64019	False
block464	rs9871654	49825370	SuSiE_95pct_CS:FinnGen_DEP:CS1	ENSG00000176020	AMIGO3	protein_coding	49754267	49761349	-	64021	False
block464	rs9858213	49731861	SuSiE_95pct_CS:FinnGen_DEP:CS1	ENSG00000239576	RP13-480C15.1	pseudogene	49795916	49796089	+	64055	False
block464	rs9858213	49731861	SuSiE_95pct_CS:FinnGen_IBD:CS1	ENSG00000239576	RP13-480C15.1	pseudogene	49795916	49796089	+	64055	False
block464	rs11719996	49525958	SuSiE_95pct_CS:FinnGen_DEP:CS1	ENSG00000235261	NICN1-AS1	antisense	49460379	49461864	+	64094	False
block464	rs7630869	49522543	SuSiE_95pct_CS:FinnGen_DEP:CS1	ENSG00000226913	BSN-AS2	lincRNA	49586739	49591799	-	64196	False
block464	rs9836291	49697459	SuSiE_95pct_CS:FinnGen_DEP:CS1	ENSG00000176095	IP6K1	protein_coding	49761727	49823975	-	64268	False
block464	rs9836291	49697459	SuSiE_95pct_CS:deLange_IBD:CS1	ENSG00000176095	IP6K1	protein_coding	49761727	49823975	-	64268	False
block464	rs9836291	49697459	SuSiE_95pct_CS:FinnGen_IBD:CS1	ENSG00000176095	IP6K1	protein_coding	49761727	49823975	-	64268	False
block464	rs17080528	49389842	SuSiE_95pct_CS:FinnGen_DEP:CS1	ENSG00000145020	AMT	protein_coding	49454211	49460186	-	64369	False
block464	rs1800668	49395757	SuSiE_95pct_CS:FinnGen_DEP:CS1	ENSG00000145029	NICN1	protein_coding	49460379	49466759	-	64622	False
block464	rs1800668	49395757	SuSiE_95pct_CS:FinnGen_DEP:CS1	ENSG00000235261	NICN1-AS1	antisense	49460379	49461864	+	64622	False
block464	rs11718165	49696797	SuSiE_95pct_CS:FinnGen_DEP:CS1	ENSG00000176095	IP6K1	protein_coding	49761727	49823975	-	64930	False
block464	rs11718165	49696797	SuSiE_95pct_CS:FinnGen_IBD:CS1	ENSG00000176095	IP6K1	protein_coding	49761727	49823975	-	64930	False
block464	rs11706370	49441091	SuSiE_95pct_CS:FinnGen_DEP:CS1	ENSG00000173402	DAG1	protein_coding	49506146	49573048	+	65055	False
block464	rs34762726	49689210	SuSiE_95pct_CS:FinnGen_DEP:CS1	ENSG00000176020	AMIGO3	protein_coding	49754267	49761349	-	65057	False
block464	rs34762726	49689210	SuSiE_95pct_CS:deLange_IBD:CS1	ENSG00000176020	AMIGO3	protein_coding	49754267	49761349	-	65057	False
block464	rs34762726	49689210	SuSiE_95pct_CS:FinnGen_IBD:CS1	ENSG00000176020	AMIGO3	protein_coding	49754267	49761349	-	65057	False
block464	rs34762726	49689210	SuSiE_95pct_CS:FinnGen_DEP:CS1	ENSG00000173540	GMPPB	protein_coding	49754277	49761384	-	65067	False
block464	rs34762726	49689210	SuSiE_95pct_CS:deLange_IBD:CS1	ENSG00000173540	GMPPB	protein_coding	49754277	49761384	-	65067	False
block464	rs34762726	49689210	SuSiE_95pct_CS:FinnGen_IBD:CS1	ENSG00000173540	GMPPB	protein_coding	49754277	49761384	-	65067	False
block464	rs9852529	49730625	SuSiE_95pct_CS:FinnGen_DEP:CS1	ENSG00000239576	RP13-480C15.1	pseudogene	49795916	49796089	+	65291	False
block464	rs9852529	49730625	SuSiE_95pct_CS:FinnGen_IBD:CS1	ENSG00000239576	RP13-480C15.1	pseudogene	49795916	49796089	+	65291	False
block464	rs7634902	49762662	SuSiE_95pct_CS:FinnGen_DEP:CS1	ENSG00000187492	CDHR4	protein_coding	49828165	49837268	-	65503	False
block464	rs1801143	49570200	SuSiE_95pct_CS:FinnGen_DEP:CS1	ENSG00000201301	RNA5SP130	rRNA	49504548	49504661	-	65539	False
block464	rs1050450	49394834	SuSiE_95pct_CS:FinnGen_DEP:CS1	ENSG00000145029	NICN1	protein_coding	49460379	49466759	-	65545	False
block464	rs1050450	49394834	SuSiE_95pct_CS:FinnGen_DEP:CS1	ENSG00000235261	NICN1-AS1	antisense	49460379	49461864	+	65545	False
block464	rs11719996	49525958	SuSiE_95pct_CS:FinnGen_DEP:CS1	ENSG00000145020	AMT	protein_coding	49454211	49460186	-	65772	False
block464	rs11719996	49525958	SuSiE_95pct_CS:FinnGen_DEP:CS1	ENSG00000164061	BSN	protein_coding	49591922	49708978	+	65964	False
block464	rs7646366	49470668	SuSiE_95pct_CS:FinnGen_DEP:CS1	ENSG00000235908	RHOA-IT1	sense_intronic	49402578	49404439	-	66229	False
block464	rs10865958	49858142	SuSiE_95pct_CS:FinnGen_DEP:CS1	ENSG00000164078	MST1R	protein_coding	49924435	49941299	-	66293	False
block464	rs9871380	49438221	SuSiE_95pct_CS:FinnGen_DEP:CS1	ENSG00000201301	RNA5SP130	rRNA	49504548	49504661	-	66327	False
block464	rs9871654	49825370	SuSiE_95pct_CS:FinnGen_DEP:CS1	ENSG00000164068	RNF123	protein_coding	49726932	49758962	+	66408	False
block464	rs11713474	49611457	SuSiE_95pct_CS:FinnGen_DEP:CS1	ENSG00000235120	BSN-AS1	antisense	49677916	49679202	-	66459	False
block464	rs7426497	49789814	SuSiE_95pct_CS:FinnGen_DEP:CS1	ENSG00000263651	AC139451.1	miRNA	49856387	49856486	-	66573	False
block464	rs13085679	49869631	SuSiE_95pct_CS:FinnGen_DEP:CS1	ENSG00000230698	CTD-2330K9.2	antisense	49936735	49941190	+	67104	False
block464	rs11921590	49644193	SuSiE_95pct_CS:FinnGen_DEP:CS1	ENSG00000164062	APEH	protein_coding	49711435	49721396	+	67242	False
block464	rs6446272	49463287	SuSiE_95pct_CS:FinnGen_DEP:CS1	ENSG00000233276	GPX1	protein_coding	49394609	49396033	-	67254	False
block464	rs7426497	49789814	SuSiE_95pct_CS:FinnGen_DEP:CS1	ENSG00000259970	AC099668.5	processed_transcript	49721913	49722416	-	67398	False
block464	rs11917431	49644012	SuSiE_95pct_CS:FinnGen_DEP:CS1	ENSG00000164062	APEH	protein_coding	49711435	49721396	+	67423	False
block464	rs4625	49572140	SuSiE_95pct_CS:FinnGen_DEP:CS1	ENSG00000201301	RNA5SP130	rRNA	49504548	49504661	-	67479	False
block464	rs695238	49869158	SuSiE_95pct_CS:FinnGen_DEP:CS1	ENSG00000230698	CTD-2330K9.2	antisense	49936735	49941190	+	67577	False
block464	rs6770670	49686682	SuSiE_95pct_CS:FinnGen_DEP:CS1	ENSG00000176020	AMIGO3	protein_coding	49754267	49761349	-	67585	False
block464	rs6770670	49686682	SuSiE_95pct_CS:deLange_IBD:CS1	ENSG00000176020	AMIGO3	protein_coding	49754267	49761349	-	67585	False
block464	rs6770670	49686682	SuSiE_95pct_CS:FinnGen_IBD:CS1	ENSG00000176020	AMIGO3	protein_coding	49754267	49761349	-	67585	False
block464	rs6770670	49686682	SuSiE_95pct_CS:FinnGen_DEP:CS1	ENSG00000173540	GMPPB	protein_coding	49754277	49761384	-	67595	False
block464	rs6770670	49686682	SuSiE_95pct_CS:deLange_IBD:CS1	ENSG00000173540	GMPPB	protein_coding	49754277	49761384	-	67595	False
block464	rs6770670	49686682	SuSiE_95pct_CS:FinnGen_IBD:CS1	ENSG00000173540	GMPPB	protein_coding	49754277	49761384	-	67595	False
block464	rs9850072	49529482	SuSiE_95pct_CS:FinnGen_DEP:CS1	ENSG00000235261	NICN1-AS1	antisense	49460379	49461864	+	67618	False
block464	rs34427167	49610223	SuSiE_95pct_CS:FinnGen_DEP:CS1	ENSG00000235120	BSN-AS1	antisense	49677916	49679202	-	67693	False
block464	rs7645061	49868842	SuSiE_95pct_CS:FinnGen_DEP:CS1	ENSG00000230698	CTD-2330K9.2	antisense	49936735	49941190	+	67893	False
block464	rs9871380	49438221	SuSiE_95pct_CS:FinnGen_DEP:CS1	ENSG00000173402	DAG1	protein_coding	49506146	49573048	+	67925	False
block464	rs7648987	49868455	SuSiE_95pct_CS:FinnGen_DEP:CS1	ENSG00000230698	CTD-2330K9.2	antisense	49936735	49941190	+	68280	False
block464	rs7426497	49789814	SuSiE_95pct_CS:FinnGen_DEP:CS1	ENSG00000164062	APEH	protein_coding	49711435	49721396	+	68418	False
block464	rs7630869	49522543	SuSiE_95pct_CS:FinnGen_DEP:CS1	ENSG00000145022	TCTA	protein_coding	49449639	49453908	+	68635	False
block464	rs6446277	49473077	SuSiE_95pct_CS:FinnGen_DEP:CS1	ENSG00000235908	RHOA-IT1	sense_intronic	49402578	49404439	-	68638	False
block464	rs13064576	49642430	SuSiE_95pct_CS:FinnGen_DEP:CS1	ENSG00000164062	APEH	protein_coding	49711435	49721396	+	69005	False
block464	rs11711536	49391240	SuSiE_95pct_CS:FinnGen_DEP:CS1	ENSG00000145029	NICN1	protein_coding	49460379	49466759	-	69139	False
block464	rs11711536	49391240	SuSiE_95pct_CS:FinnGen_DEP:CS1	ENSG00000235261	NICN1-AS1	antisense	49460379	49461864	+	69139	False
block464	rs9850072	49529482	SuSiE_95pct_CS:FinnGen_DEP:CS1	ENSG00000145020	AMT	protein_coding	49454211	49460186	-	69296	False
block464	rs13090388	49391082	SuSiE_95pct_CS:FinnGen_DEP:CS1	ENSG00000145029	NICN1	protein_coding	49460379	49466759	-	69297	False
block464	rs13090388	49391082	SuSiE_95pct_CS:FinnGen_DEP:CS1	ENSG00000235261	NICN1-AS1	antisense	49460379	49461864	+	69297	False
block464	rs7630869	49522543	SuSiE_95pct_CS:FinnGen_DEP:CS1	ENSG00000164061	BSN	protein_coding	49591922	49708978	+	69379	False
block464	rs13064576	49642430	SuSiE_95pct_CS:FinnGen_DEP:CS1	ENSG00000173402	DAG1	protein_coding	49506146	49573048	+	69382	False
block464	rs9878943	49434654	SuSiE_95pct_CS:FinnGen_DEP:CS1	ENSG00000201301	RNA5SP130	rRNA	49504548	49504661	-	69894	False
block464	rs9871654	49825370	SuSiE_95pct_CS:FinnGen_DEP:CS1	ENSG00000164076	CAMKV	protein_coding	49895421	49907655	-	70051	False
block464	rs9833611	49651210	SuSiE_95pct_CS:FinnGen_DEP:CS1	ENSG00000173531	MST1	protein_coding	49721380	49726934	-	70170	False
block464	rs1128535	49866392	SuSiE_95pct_CS:FinnGen_DEP:CS1	ENSG00000239576	RP13-480C15.1	pseudogene	49795916	49796089	+	70303	False
block464	rs1128535	49866392	SuSiE_95pct_CS:FinnGen_DEP:CS1	ENSG00000230698	CTD-2330K9.2	antisense	49936735	49941190	+	70343	False
block464	rs17080528	49389842	SuSiE_95pct_CS:FinnGen_DEP:CS1	ENSG00000145029	NICN1	protein_coding	49460379	49466759	-	70537	False
block464	rs17080528	49389842	SuSiE_95pct_CS:FinnGen_DEP:CS1	ENSG00000235261	NICN1-AS1	antisense	49460379	49461864	+	70537	False
block464	rs9833611	49651210	SuSiE_95pct_CS:FinnGen_DEP:CS1	ENSG00000259970	AC099668.5	processed_transcript	49721913	49722416	-	70703	False
block464	rs11130203	49575367	SuSiE_95pct_CS:FinnGen_DEP:CS1	ENSG00000201301	RNA5SP130	rRNA	49504548	49504661	-	70706	False
block464	rs35115732	49475155	SuSiE_95pct_CS:FinnGen_DEP:CS1	ENSG00000235908	RHOA-IT1	sense_intronic	49402578	49404439	-	70716	False
block464	rs34363169	49537712	SuSiE_95pct_CS:FinnGen_DEP:CS1	ENSG00000145029	NICN1	protein_coding	49460379	49466759	-	70953	False
block464	rs11917431	49644012	SuSiE_95pct_CS:FinnGen_DEP:CS1	ENSG00000173402	DAG1	protein_coding	49506146	49573048	+	70964	False
block464	rs7614725	49650395	SuSiE_95pct_CS:FinnGen_DEP:CS1	ENSG00000173531	MST1	protein_coding	49721380	49726934	-	70985	False
block464	rs11921590	49644193	SuSiE_95pct_CS:FinnGen_DEP:CS1	ENSG00000173402	DAG1	protein_coding	49506146	49573048	+	71145	False
block464	rs11709525	49690496	SuSiE_95pct_CS:FinnGen_DEP:CS1	ENSG00000176095	IP6K1	protein_coding	49761727	49823975	-	71231	False
block464	rs11709525	49690496	SuSiE_95pct_CS:deLange_IBD:CS1	ENSG00000176095	IP6K1	protein_coding	49761727	49823975	-	71231	False
block464	rs11709525	49690496	SuSiE_95pct_CS:FinnGen_IBD:CS1	ENSG00000176095	IP6K1	protein_coding	49761727	49823975	-	71231	False
block464	rs6775384	49853073	SuSiE_95pct_CS:FinnGen_DEP:CS1	ENSG00000164078	MST1R	protein_coding	49924435	49941299	-	71362	False
block464	rs73087139	48009271	SuSiE_95pct_CS:FinnGen_IBD:CS2	ENSG00000270285	RP11-1029M24.4	pseudogene	48080757	48080980	+	71486	False
block464	rs9878943	49434654	SuSiE_95pct_CS:FinnGen_DEP:CS1	ENSG00000173402	DAG1	protein_coding	49506146	49573048	+	71492	False
block464	rs7614725	49650395	SuSiE_95pct_CS:FinnGen_DEP:CS1	ENSG00000259970	AC099668.5	processed_transcript	49721913	49722416	-	71518	False
block464	rs13085679	49869631	SuSiE_95pct_CS:FinnGen_DEP:CS1	ENSG00000228008	CTD-2330K9.3	protein_coding	49941278	49954370	+	71647	False
block464	rs9812791	49682311	SuSiE_95pct_CS:FinnGen_DEP:CS1	ENSG00000176020	AMIGO3	protein_coding	49754267	49761349	-	71956	False
block464	rs9812791	49682311	SuSiE_95pct_CS:deLange_IBD:CS1	ENSG00000176020	AMIGO3	protein_coding	49754267	49761349	-	71956	False
block464	rs9812791	49682311	SuSiE_95pct_CS:FinnGen_IBD:CS1	ENSG00000176020	AMIGO3	protein_coding	49754267	49761349	-	71956	False
block464	rs9812791	49682311	SuSiE_95pct_CS:FinnGen_DEP:CS1	ENSG00000173540	GMPPB	protein_coding	49754277	49761384	-	71966	False
block464	rs9812791	49682311	SuSiE_95pct_CS:deLange_IBD:CS1	ENSG00000173540	GMPPB	protein_coding	49754277	49761384	-	71966	False
block464	rs9812791	49682311	SuSiE_95pct_CS:FinnGen_IBD:CS1	ENSG00000173540	GMPPB	protein_coding	49754277	49761384	-	71966	False
block464	rs11719996	49525958	SuSiE_95pct_CS:FinnGen_DEP:CS1	ENSG00000145022	TCTA	protein_coding	49449639	49453908	+	72050	False
block464	rs7630869	49522543	SuSiE_95pct_CS:FinnGen_DEP:CS1	ENSG00000067560	RHOA	protein_coding	49396578	49450431	-	72112	False
block464	rs695238	49869158	SuSiE_95pct_CS:FinnGen_DEP:CS1	ENSG00000228008	CTD-2330K9.3	protein_coding	49941278	49954370	+	72120	False
block464	rs6766131	49538932	SuSiE_95pct_CS:FinnGen_DEP:CS1	ENSG00000145029	NICN1	protein_coding	49460379	49466759	-	72173	False
block464	rs6779524	49450449	SuSiE_95pct_CS:FinnGen_DEP:CS1	ENSG00000114316	USP4	protein_coding	49315264	49378145	-	72304	False
block464	rs7648987	49868455	SuSiE_95pct_CS:FinnGen_DEP:CS1	ENSG00000239576	RP13-480C15.1	pseudogene	49795916	49796089	+	72366	False
block464	rs7645061	49868842	SuSiE_95pct_CS:FinnGen_DEP:CS1	ENSG00000228008	CTD-2330K9.3	protein_coding	49941278	49954370	+	72436	False
block464	rs6797664	49539222	SuSiE_95pct_CS:FinnGen_DEP:CS1	ENSG00000145029	NICN1	protein_coding	49460379	49466759	-	72463	False
block464	rs34762726	49689210	SuSiE_95pct_CS:FinnGen_DEP:CS1	ENSG00000176095	IP6K1	protein_coding	49761727	49823975	-	72517	False
block464	rs34762726	49689210	SuSiE_95pct_CS:deLange_IBD:CS1	ENSG00000176095	IP6K1	protein_coding	49761727	49823975	-	72517	False
block464	rs34762726	49689210	SuSiE_95pct_CS:FinnGen_IBD:CS1	ENSG00000176095	IP6K1	protein_coding	49761727	49823975	-	72517	False
block464	rs6766581	49539401	SuSiE_95pct_CS:FinnGen_DEP:CS1	ENSG00000145029	NICN1	protein_coding	49460379	49466759	-	72642	False
block464	rs11716974	49431853	SuSiE_95pct_CS:FinnGen_DEP:CS1	ENSG00000201301	RNA5SP130	rRNA	49504548	49504661	-	72695	False
block464	rs7645061	49868842	SuSiE_95pct_CS:FinnGen_DEP:CS1	ENSG00000239576	RP13-480C15.1	pseudogene	49795916	49796089	+	72753	False
block464	rs7648987	49868455	SuSiE_95pct_CS:FinnGen_DEP:CS1	ENSG00000228008	CTD-2330K9.3	protein_coding	49941278	49954370	+	72823	False
block464	rs12330269	49513910	SuSiE_95pct_CS:FinnGen_DEP:CS1	ENSG00000226913	BSN-AS2	lincRNA	49586739	49591799	-	72829	False
block464	rs9837341	49664767	SuSiE_95pct_CS:FinnGen_DEP:CS1	ENSG00000226913	BSN-AS2	lincRNA	49586739	49591799	-	72968	False
block464	rs13079643	49477466	SuSiE_95pct_CS:FinnGen_DEP:CS1	ENSG00000235908	RHOA-IT1	sense_intronic	49402578	49404439	-	73027	False
block464	rs695238	49869158	SuSiE_95pct_CS:FinnGen_DEP:CS1	ENSG00000239576	RP13-480C15.1	pseudogene	49795916	49796089	+	73069	False
block464	rs11130218	49752372	SuSiE_95pct_CS:FinnGen_DEP:CS1	ENSG00000235120	BSN-AS1	antisense	49677916	49679202	-	73170	False
block464	rs11130219	49752427	SuSiE_95pct_CS:FinnGen_DEP:CS1	ENSG00000235120	BSN-AS1	antisense	49677916	49679202	-	73225	False
block464	rs11708955	49540114	SuSiE_95pct_CS:FinnGen_DEP:CS1	ENSG00000145029	NICN1	protein_coding	49460379	49466759	-	73355	False
block464	rs11712569	49540152	SuSiE_95pct_CS:FinnGen_DEP:CS1	ENSG00000145029	NICN1	protein_coding	49460379	49466759	-	73393	False
block464	rs13085679	49869631	SuSiE_95pct_CS:FinnGen_DEP:CS1	ENSG00000239576	RP13-480C15.1	pseudogene	49795916	49796089	+	73542	False
block464	rs1491986	49739086	SuSiE_95pct_CS:FinnGen_DEP:CS1	ENSG00000244730	RP13-1056D16.2	pseudogene	49812718	49813047	+	73632	False
block464	rs13085791	49721798	SuSiE_95pct_CS:FinnGen_DEP:CS1	ENSG00000239576	RP13-480C15.1	pseudogene	49795916	49796089	+	74118	False
block464	rs13085791	49721798	SuSiE_95pct_CS:deLange_IBD:CS1	ENSG00000239576	RP13-480C15.1	pseudogene	49795916	49796089	+	74118	False
block464	rs13085791	49721798	SuSiE_95pct_CS:FinnGen_IBD:CS1	ENSG00000239576	RP13-480C15.1	pseudogene	49795916	49796089	+	74118	False
block464	rs9853683	49512588	SuSiE_95pct_CS:FinnGen_DEP:CS1	ENSG00000226913	BSN-AS2	lincRNA	49586739	49591799	-	74151	False
block464	rs6803222	49665976	SuSiE_95pct_CS:FinnGen_DEP:CS1	ENSG00000226913	BSN-AS2	lincRNA	49586739	49591799	-	74177	False
block464	rs11716974	49431853	SuSiE_95pct_CS:FinnGen_DEP:CS1	ENSG00000173402	DAG1	protein_coding	49506146	49573048	+	74293	False
block464	rs34293138	49579017	SuSiE_95pct_CS:FinnGen_DEP:CS1	ENSG00000201301	RNA5SP130	rRNA	49504548	49504661	-	74356	False
block464	rs17080528	49389842	SuSiE_95pct_CS:FinnGen_DEP:CS1	ENSG00000188315	C3orf62	protein_coding	49306035	49315342	-	74500	False
block464	rs11926781	49603289	SuSiE_95pct_CS:FinnGen_DEP:CS1	ENSG00000235120	BSN-AS1	antisense	49677916	49679202	-	74627	False
block464	rs7646366	49470668	SuSiE_95pct_CS:FinnGen_DEP:CS1	ENSG00000233276	GPX1	protein_coding	49394609	49396033	-	74635	False
block464	rs1128535	49866392	SuSiE_95pct_CS:FinnGen_DEP:CS1	ENSG00000228008	CTD-2330K9.3	protein_coding	49941278	49954370	+	74886	False
block464	rs6770670	49686682	SuSiE_95pct_CS:FinnGen_DEP:CS1	ENSG00000176095	IP6K1	protein_coding	49761727	49823975	-	75045	False
block464	rs6770670	49686682	SuSiE_95pct_CS:deLange_IBD:CS1	ENSG00000176095	IP6K1	protein_coding	49761727	49823975	-	75045	False
block464	rs6770670	49686682	SuSiE_95pct_CS:FinnGen_IBD:CS1	ENSG00000176095	IP6K1	protein_coding	49761727	49823975	-	75045	False
block464	rs1873625	49666964	SuSiE_95pct_CS:FinnGen_DEP:CS1	ENSG00000226913	BSN-AS2	lincRNA	49586739	49591799	-	75165	False
block464	rs9871654	49825370	SuSiE_95pct_CS:FinnGen_DEP:CS1	ENSG00000264706	RN7SL217P	misc_RNA	49900819	49901093	-	75449	False
block464	rs10212296	49542273	SuSiE_95pct_CS:FinnGen_DEP:CS1	ENSG00000145029	NICN1	protein_coding	49460379	49466759	-	75514	False
block464	rs11719996	49525958	SuSiE_95pct_CS:FinnGen_DEP:CS1	ENSG00000067560	RHOA	protein_coding	49396578	49450431	-	75527	False
block464	rs9850072	49529482	SuSiE_95pct_CS:FinnGen_DEP:CS1	ENSG00000145022	TCTA	protein_coding	49449639	49453908	+	75574	False
block464	rs4283605	49678651	SuSiE_95pct_CS:FinnGen_DEP:CS1	ENSG00000176020	AMIGO3	protein_coding	49754267	49761349	-	75616	False
block464	rs4283605	49678651	SuSiE_95pct_CS:deLange_IBD:CS1	ENSG00000176020	AMIGO3	protein_coding	49754267	49761349	-	75616	False
block464	rs4283605	49678651	SuSiE_95pct_CS:FinnGen_IBD:CS1	ENSG00000176020	AMIGO3	protein_coding	49754267	49761349	-	75616	False
block464	rs4283605	49678651	SuSiE_95pct_CS:FinnGen_DEP:CS1	ENSG00000173540	GMPPB	protein_coding	49754277	49761384	-	75626	False
block464	rs4283605	49678651	SuSiE_95pct_CS:deLange_IBD:CS1	ENSG00000173540	GMPPB	protein_coding	49754277	49761384	-	75626	False
block464	rs4283605	49678651	SuSiE_95pct_CS:FinnGen_IBD:CS1	ENSG00000173540	GMPPB	protein_coding	49754277	49761384	-	75626	False
block464	rs6997	49453834	SuSiE_95pct_CS:FinnGen_DEP:CS1	ENSG00000114316	USP4	protein_coding	49315264	49378145	-	75689	False
block464	rs9833611	49651210	SuSiE_95pct_CS:FinnGen_DEP:CS1	ENSG00000164068	RNF123	protein_coding	49726932	49758962	+	75722	False
block464	rs11130219	49752427	SuSiE_95pct_CS:FinnGen_DEP:CS1	ENSG00000187492	CDHR4	protein_coding	49828165	49837268	-	75738	False
block464	rs13090388	49391082	SuSiE_95pct_CS:FinnGen_DEP:CS1	ENSG00000188315	C3orf62	protein_coding	49306035	49315342	-	75740	False
block464	rs11130218	49752372	SuSiE_95pct_CS:FinnGen_DEP:CS1	ENSG00000187492	CDHR4	protein_coding	49828165	49837268	-	75793	False
block464	rs34363169	49537712	SuSiE_95pct_CS:FinnGen_DEP:CS1	ENSG00000235261	NICN1-AS1	antisense	49460379	49461864	+	75848	False
block464	rs11711536	49391240	SuSiE_95pct_CS:FinnGen_DEP:CS1	ENSG00000188315	C3orf62	protein_coding	49306035	49315342	-	75898	False
block464	rs9814873	49454112	SuSiE_95pct_CS:FinnGen_DEP:CS1	ENSG00000114316	USP4	protein_coding	49315264	49378145	-	75967	False
block464	rs11720597	49635354	SuSiE_95pct_CS:FinnGen_DEP:CS1	ENSG00000164062	APEH	protein_coding	49711435	49721396	+	76081	False
block464	rs10640	49454277	SuSiE_95pct_CS:FinnGen_DEP:CS1	ENSG00000114316	USP4	protein_coding	49315264	49378145	-	76132	False
block464	rs6785549	49736565	SuSiE_95pct_CS:FinnGen_DEP:CS1	ENSG00000244730	RP13-1056D16.2	pseudogene	49812718	49813047	+	76153	False
block464	rs9822268	49719729	SuSiE_95pct_CS:FinnGen_DEP:CS1	ENSG00000239576	RP13-480C15.1	pseudogene	49795916	49796089	+	76187	False
block464	rs9822268	49719729	SuSiE_95pct_CS:deLange_IBD:CS1	ENSG00000239576	RP13-480C15.1	pseudogene	49795916	49796089	+	76187	False
block464	rs9822268	49719729	SuSiE_95pct_CS:FinnGen_IBD:CS1	ENSG00000239576	RP13-480C15.1	pseudogene	49795916	49796089	+	76187	False
block464	rs7426497	49789814	SuSiE_95pct_CS:FinnGen_DEP:CS1	ENSG00000183763	TRAIP	protein_coding	49866034	49894007	-	76220	False
block464	rs9858418	49543288	SuSiE_95pct_CS:FinnGen_DEP:CS1	ENSG00000145029	NICN1	protein_coding	49460379	49466759	-	76529	False
block464	rs7614725	49650395	SuSiE_95pct_CS:FinnGen_DEP:CS1	ENSG00000164068	RNF123	protein_coding	49726932	49758962	+	76537	False
block464	rs13085679	49869631	SuSiE_95pct_CS:FinnGen_DEP:CS1	ENSG00000164077	MON1A	protein_coding	49946302	49967606	-	76671	False
block464	rs9875617	49634696	SuSiE_95pct_CS:FinnGen_DEP:CS1	ENSG00000164062	APEH	protein_coding	49711435	49721396	+	76739	False
block464	rs9821311	49543656	SuSiE_95pct_CS:FinnGen_DEP:CS1	ENSG00000145029	NICN1	protein_coding	49460379	49466759	-	76897	False
block464	rs6446277	49473077	SuSiE_95pct_CS:FinnGen_DEP:CS1	ENSG00000233276	GPX1	protein_coding	49394609	49396033	-	77044	False
block464	rs6766131	49538932	SuSiE_95pct_CS:FinnGen_DEP:CS1	ENSG00000235261	NICN1-AS1	antisense	49460379	49461864	+	77068	False
block464	rs695238	49869158	SuSiE_95pct_CS:FinnGen_DEP:CS1	ENSG00000164077	MON1A	protein_coding	49946302	49967606	-	77144	False
block464	rs11715915	49455330	SuSiE_95pct_CS:FinnGen_DEP:CS1	ENSG00000114316	USP4	protein_coding	49315264	49378145	-	77185	False
block464	rs11921590	49644193	SuSiE_95pct_CS:FinnGen_DEP:CS1	ENSG00000173531	MST1	protein_coding	49721380	49726934	-	77187	False
block464	rs7614725	49650395	SuSiE_95pct_CS:FinnGen_DEP:CS1	ENSG00000173402	DAG1	protein_coding	49506146	49573048	+	77347	False
block464	rs6797664	49539222	SuSiE_95pct_CS:FinnGen_DEP:CS1	ENSG00000235261	NICN1-AS1	antisense	49460379	49461864	+	77358	False
block464	rs11917431	49644012	SuSiE_95pct_CS:FinnGen_DEP:CS1	ENSG00000173531	MST1	protein_coding	49721380	49726934	-	77368	False
block464	rs7645061	49868842	SuSiE_95pct_CS:FinnGen_DEP:CS1	ENSG00000164077	MON1A	protein_coding	49946302	49967606	-	77460	False
block464	rs34363169	49537712	SuSiE_95pct_CS:FinnGen_DEP:CS1	ENSG00000145020	AMT	protein_coding	49454211	49460186	-	77526	False
block464	rs6766581	49539401	SuSiE_95pct_CS:FinnGen_DEP:CS1	ENSG00000235261	NICN1-AS1	antisense	49460379	49461864	+	77537	False
block464	rs11921590	49644193	SuSiE_95pct_CS:FinnGen_DEP:CS1	ENSG00000259970	AC099668.5	processed_transcript	49721913	49722416	-	77720	False
block464	rs7648987	49868455	SuSiE_95pct_CS:FinnGen_DEP:CS1	ENSG00000164077	MON1A	protein_coding	49946302	49967606	-	77847	False
block464	rs11917431	49644012	SuSiE_95pct_CS:FinnGen_DEP:CS1	ENSG00000259970	AC099668.5	processed_transcript	49721913	49722416	-	77901	False
block464	rs12330269	49513910	SuSiE_95pct_CS:FinnGen_DEP:CS1	ENSG00000164061	BSN	protein_coding	49591922	49708978	+	78012	False
block464	rs7634902	49762662	SuSiE_95pct_CS:FinnGen_DEP:CS1	ENSG00000185614	FAM212A	protein_coding	49840687	49842463	+	78025	False
block464	rs9833611	49651210	SuSiE_95pct_CS:FinnGen_DEP:CS1	ENSG00000173402	DAG1	protein_coding	49506146	49573048	+	78162	False
block464	rs17080528	49389842	SuSiE_95pct_CS:FinnGen_DEP:CS1	ENSG00000264633	MIR4271	miRNA	49311553	49311619	+	78223	False
block464	rs11708955	49540114	SuSiE_95pct_CS:FinnGen_DEP:CS1	ENSG00000235261	NICN1-AS1	antisense	49460379	49461864	+	78250	False
block464	rs11712569	49540152	SuSiE_95pct_CS:FinnGen_DEP:CS1	ENSG00000235261	NICN1-AS1	antisense	49460379	49461864	+	78288	False
block464	rs10865958	49858142	SuSiE_95pct_CS:FinnGen_DEP:CS1	ENSG00000230698	CTD-2330K9.2	antisense	49936735	49941190	+	78593	False
block464	rs6766131	49538932	SuSiE_95pct_CS:FinnGen_DEP:CS1	ENSG00000145020	AMT	protein_coding	49454211	49460186	-	78746	False
block464	rs13064576	49642430	SuSiE_95pct_CS:FinnGen_DEP:CS1	ENSG00000173531	MST1	protein_coding	49721380	49726934	-	78950	False
block464	rs6797664	49539222	SuSiE_95pct_CS:FinnGen_DEP:CS1	ENSG00000145020	AMT	protein_coding	49454211	49460186	-	79036	False
block464	rs9850072	49529482	SuSiE_95pct_CS:FinnGen_DEP:CS1	ENSG00000067560	RHOA	protein_coding	49396578	49450431	-	79051	False
block464	rs35115732	49475155	SuSiE_95pct_CS:FinnGen_DEP:CS1	ENSG00000233276	GPX1	protein_coding	49394609	49396033	-	79122	False
block464	rs6766581	49539401	SuSiE_95pct_CS:FinnGen_DEP:CS1	ENSG00000145020	AMT	protein_coding	49454211	49460186	-	79215	False
block464	rs9853683	49512588	SuSiE_95pct_CS:FinnGen_DEP:CS1	ENSG00000164061	BSN	protein_coding	49591922	49708978	+	79334	False
block464	rs9812791	49682311	SuSiE_95pct_CS:FinnGen_DEP:CS1	ENSG00000176095	IP6K1	protein_coding	49761727	49823975	-	79416	False
block464	rs9812791	49682311	SuSiE_95pct_CS:deLange_IBD:CS1	ENSG00000176095	IP6K1	protein_coding	49761727	49823975	-	79416	False
block464	rs9812791	49682311	SuSiE_95pct_CS:FinnGen_IBD:CS1	ENSG00000176095	IP6K1	protein_coding	49761727	49823975	-	79416	False
block464	rs13090388	49391082	SuSiE_95pct_CS:FinnGen_DEP:CS1	ENSG00000264633	MIR4271	miRNA	49311553	49311619	+	79463	False
block464	rs13064576	49642430	SuSiE_95pct_CS:FinnGen_DEP:CS1	ENSG00000259970	AC099668.5	processed_transcript	49721913	49722416	-	79483	False
block464	rs1050450	49394834	SuSiE_95pct_CS:FinnGen_DEP:CS1	ENSG00000188315	C3orf62	protein_coding	49306035	49315342	-	79492	False
block464	rs11711536	49391240	SuSiE_95pct_CS:FinnGen_DEP:CS1	ENSG00000264633	MIR4271	miRNA	49311553	49311619	+	79621	False
block464	rs9862080	49674458	PLACO_lead	ENSG00000176020	AMIGO3	protein_coding	49754267	49761349	-	79809	False
block464	rs9862080	49674458	SuSiE_95pct_CS:FinnGen_DEP:CS1	ENSG00000176020	AMIGO3	protein_coding	49754267	49761349	-	79809	False
block464	rs9862080	49674458	PLACO_lead	ENSG00000173540	GMPPB	protein_coding	49754277	49761384	-	79819	False
block464	rs9862080	49674458	SuSiE_95pct_CS:FinnGen_DEP:CS1	ENSG00000173540	GMPPB	protein_coding	49754277	49761384	-	79819	False
block464	rs1128535	49866392	SuSiE_95pct_CS:FinnGen_DEP:CS1	ENSG00000164077	MON1A	protein_coding	49946302	49967606	-	79910	False
block464	rs11708955	49540114	SuSiE_95pct_CS:FinnGen_DEP:CS1	ENSG00000145020	AMT	protein_coding	49454211	49460186	-	79928	False
block464	rs11712569	49540152	SuSiE_95pct_CS:FinnGen_DEP:CS1	ENSG00000145020	AMT	protein_coding	49454211	49460186	-	79966	False
block464	rs7634902	49762662	SuSiE_95pct_CS:FinnGen_DEP:CS1	ENSG00000182179	UBA7	protein_coding	49842640	49851379	-	79978	False
block464	rs9858280	49597737	SuSiE_95pct_CS:FinnGen_DEP:CS1	ENSG00000235120	BSN-AS1	antisense	49677916	49679202	-	80179	False
block464	rs6793308	49424283	SuSiE_95pct_CS:FinnGen_DEP:CS1	ENSG00000201301	RNA5SP130	rRNA	49504548	49504661	-	80265	False
block464	rs10212296	49542273	SuSiE_95pct_CS:FinnGen_DEP:CS1	ENSG00000235261	NICN1-AS1	antisense	49460379	49461864	+	80409	False
block464	rs1800668	49395757	SuSiE_95pct_CS:FinnGen_DEP:CS1	ENSG00000188315	C3orf62	protein_coding	49306035	49315342	-	80415	False
block464	rs7426497	49789814	SuSiE_95pct_CS:FinnGen_DEP:CS1	ENSG00000164061	BSN	protein_coding	49591922	49708978	+	80836	False
block464	rs9858213	49731861	SuSiE_95pct_CS:FinnGen_DEP:CS1	ENSG00000244730	RP13-1056D16.2	pseudogene	49812718	49813047	+	80857	False
block464	rs9858213	49731861	SuSiE_95pct_CS:FinnGen_IBD:CS1	ENSG00000244730	RP13-1056D16.2	pseudogene	49812718	49813047	+	80857	False
block464	rs9837027	49597013	SuSiE_95pct_CS:FinnGen_DEP:CS1	ENSG00000235120	BSN-AS1	antisense	49677916	49679202	-	80903	False
block464	rs7634902	49762662	SuSiE_95pct_CS:FinnGen_DEP:CS1	ENSG00000263506	MIR5193	miRNA	49843570	49843678	-	80908	False
block464	rs3811699	49396360	SuSiE_95pct_CS:FinnGen_DEP:CS1	ENSG00000188315	C3orf62	protein_coding	49306035	49315342	-	81018	False
block464	rs35169793	49423274	SuSiE_95pct_CS:FinnGen_DEP:CS1	ENSG00000201301	RNA5SP130	rRNA	49504548	49504661	-	81274	False
block464	rs9858418	49543288	SuSiE_95pct_CS:FinnGen_DEP:CS1	ENSG00000235261	NICN1-AS1	antisense	49460379	49461864	+	81424	False
block464	rs13079643	49477466	SuSiE_95pct_CS:FinnGen_DEP:CS1	ENSG00000233276	GPX1	protein_coding	49394609	49396033	-	81433	False
block464	rs1131095	49714225	SuSiE_95pct_CS:FinnGen_DEP:CS1	ENSG00000239576	RP13-480C15.1	pseudogene	49795916	49796089	+	81691	False
block464	rs1131095	49714225	SuSiE_95pct_CS:deLange_IBD:CS1	ENSG00000239576	RP13-480C15.1	pseudogene	49795916	49796089	+	81691	False
block464	rs1131095	49714225	SuSiE_95pct_CS:FinnGen_IBD:CS1	ENSG00000239576	RP13-480C15.1	pseudogene	49795916	49796089	+	81691	False
block464	rs9821311	49543656	SuSiE_95pct_CS:FinnGen_DEP:CS1	ENSG00000235261	NICN1-AS1	antisense	49460379	49461864	+	81792	False
block464	rs6793308	49424283	SuSiE_95pct_CS:FinnGen_DEP:CS1	ENSG00000173402	DAG1	protein_coding	49506146	49573048	+	81863	False
block464	rs10212296	49542273	SuSiE_95pct_CS:FinnGen_DEP:CS1	ENSG00000145020	AMT	protein_coding	49454211	49460186	-	82087	False
block464	rs9852529	49730625	SuSiE_95pct_CS:FinnGen_DEP:CS1	ENSG00000244730	RP13-1056D16.2	pseudogene	49812718	49813047	+	82093	False
block464	rs9852529	49730625	SuSiE_95pct_CS:FinnGen_IBD:CS1	ENSG00000244730	RP13-1056D16.2	pseudogene	49812718	49813047	+	82093	False
block464	rs17080528	49389842	SuSiE_95pct_CS:FinnGen_DEP:CS1	ENSG00000199546	Y_RNA	misc_RNA	49307565	49307672	+	82170	False
block464	rs9862080	49674458	PLACO_lead	ENSG00000226913	BSN-AS2	lincRNA	49586739	49591799	-	82659	False
block464	rs9862080	49674458	SuSiE_95pct_CS:FinnGen_DEP:CS1	ENSG00000226913	BSN-AS2	lincRNA	49586739	49591799	-	82659	False
block464	rs11921590	49644193	SuSiE_95pct_CS:FinnGen_DEP:CS1	ENSG00000164068	RNF123	protein_coding	49726932	49758962	+	82739	False
block464	rs35169793	49423274	SuSiE_95pct_CS:FinnGen_DEP:CS1	ENSG00000173402	DAG1	protein_coding	49506146	49573048	+	82872	False
block464	rs11917431	49644012	SuSiE_95pct_CS:FinnGen_DEP:CS1	ENSG00000164068	RNF123	protein_coding	49726932	49758962	+	82920	False
block464	rs71324962	49487487	SuSiE_95pct_CS:FinnGen_DEP:CS1	ENSG00000235908	RHOA-IT1	sense_intronic	49402578	49404439	-	83048	False
block464	rs4283605	49678651	SuSiE_95pct_CS:FinnGen_DEP:CS1	ENSG00000176095	IP6K1	protein_coding	49761727	49823975	-	83076	False
block464	rs4283605	49678651	SuSiE_95pct_CS:deLange_IBD:CS1	ENSG00000176095	IP6K1	protein_coding	49761727	49823975	-	83076	False
block464	rs4283605	49678651	SuSiE_95pct_CS:FinnGen_IBD:CS1	ENSG00000176095	IP6K1	protein_coding	49761727	49823975	-	83076	False
block464	rs9858418	49543288	SuSiE_95pct_CS:FinnGen_DEP:CS1	ENSG00000145020	AMT	protein_coding	49454211	49460186	-	83102	False
block464	rs10865958	49858142	SuSiE_95pct_CS:FinnGen_DEP:CS1	ENSG00000228008	CTD-2330K9.3	protein_coding	49941278	49954370	+	83136	False
block464	rs1050450	49394834	SuSiE_95pct_CS:FinnGen_DEP:CS1	ENSG00000264633	MIR4271	miRNA	49311553	49311619	+	83215	False
block464	rs13090388	49391082	SuSiE_95pct_CS:FinnGen_DEP:CS1	ENSG00000199546	Y_RNA	misc_RNA	49307565	49307672	+	83410	False
block464	rs7634902	49762662	SuSiE_95pct_CS:FinnGen_DEP:CS1	ENSG00000235120	BSN-AS1	antisense	49677916	49679202	-	83460	False
block464	rs9821311	49543656	SuSiE_95pct_CS:FinnGen_DEP:CS1	ENSG00000145020	AMT	protein_coding	49454211	49460186	-	83470	False
block464	rs11711536	49391240	SuSiE_95pct_CS:FinnGen_DEP:CS1	ENSG00000199546	Y_RNA	misc_RNA	49307565	49307672	+	83568	False
block464	rs11130213	49712297	SuSiE_95pct_CS:FinnGen_DEP:CS1	ENSG00000239576	RP13-480C15.1	pseudogene	49795916	49796089	+	83619	False
block464	rs11130213	49712297	SuSiE_95pct_CS:deLange_IBD:CS1	ENSG00000239576	RP13-480C15.1	pseudogene	49795916	49796089	+	83619	False
block464	rs11130213	49712297	SuSiE_95pct_CS:FinnGen_IBD:CS1	ENSG00000239576	RP13-480C15.1	pseudogene	49795916	49796089	+	83619	False
block464	rs6775384	49853073	SuSiE_95pct_CS:FinnGen_DEP:CS1	ENSG00000230698	CTD-2330K9.2	antisense	49936735	49941190	+	83662	False
block464	rs34363169	49537712	SuSiE_95pct_CS:FinnGen_DEP:CS1	ENSG00000145022	TCTA	protein_coding	49449639	49453908	+	83804	False
block464	rs1987628	49399259	SuSiE_95pct_CS:FinnGen_DEP:CS1	ENSG00000188315	C3orf62	protein_coding	49306035	49315342	-	83917	False
block464	rs1800668	49395757	SuSiE_95pct_CS:FinnGen_DEP:CS1	ENSG00000264633	MIR4271	miRNA	49311553	49311619	+	84138	False
block464	rs13064576	49642430	SuSiE_95pct_CS:FinnGen_DEP:CS1	ENSG00000164068	RNF123	protein_coding	49726932	49758962	+	84502	False
block464	rs142495009	47806534	SuSiE_95pct_CS:FinnGen_IBD:CS2	ENSG00000221585	MIR1226	miRNA	47891045	47891119	+	84511	False
block464	rs3811699	49396360	SuSiE_95pct_CS:FinnGen_DEP:CS1	ENSG00000264633	MIR4271	miRNA	49311553	49311619	+	84741	False
block464	rs6766131	49538932	SuSiE_95pct_CS:FinnGen_DEP:CS1	ENSG00000145022	TCTA	protein_coding	49449639	49453908	+	85024	False
block464	rs6446272	49463287	SuSiE_95pct_CS:FinnGen_DEP:CS1	ENSG00000114316	USP4	protein_coding	49315264	49378145	-	85142	False
block464	rs6797664	49539222	SuSiE_95pct_CS:FinnGen_DEP:CS1	ENSG00000145022	TCTA	protein_coding	49449639	49453908	+	85314	False
block464	rs9871654	49825370	SuSiE_95pct_CS:FinnGen_DEP:CS1	ENSG00000234667	ACTBP13	pseudogene	49910780	49915413	-	85410	False
block464	rs6766581	49539401	SuSiE_95pct_CS:FinnGen_DEP:CS1	ENSG00000145022	TCTA	protein_coding	49449639	49453908	+	85493	False
block464	rs142495009	47806534	SuSiE_95pct_CS:FinnGen_IBD:CS2	ENSG00000047849	MAP4	protein_coding	47892182	48130769	-	85648	False
block464	rs11720597	49635354	SuSiE_95pct_CS:FinnGen_DEP:CS1	ENSG00000173531	MST1	protein_coding	49721380	49726934	-	86026	False
block464	rs3811697	49590770	SuSiE_95pct_CS:FinnGen_DEP:CS1	ENSG00000201301	RNA5SP130	rRNA	49504548	49504661	-	86109	False
block464	rs11708955	49540114	SuSiE_95pct_CS:FinnGen_DEP:CS1	ENSG00000145022	TCTA	protein_coding	49449639	49453908	+	86206	False
block464	rs11712569	49540152	SuSiE_95pct_CS:FinnGen_DEP:CS1	ENSG00000145022	TCTA	protein_coding	49449639	49453908	+	86244	False
block464	rs11720597	49635354	SuSiE_95pct_CS:FinnGen_DEP:CS1	ENSG00000259970	AC099668.5	processed_transcript	49721913	49722416	-	86559	False
block464	rs9875617	49634696	SuSiE_95pct_CS:FinnGen_DEP:CS1	ENSG00000173531	MST1	protein_coding	49721380	49726934	-	86684	False
block464	rs4283605	49678651	SuSiE_95pct_CS:FinnGen_DEP:CS1	ENSG00000226913	BSN-AS2	lincRNA	49586739	49591799	-	86852	False
block464	rs4283605	49678651	SuSiE_95pct_CS:deLange_IBD:CS1	ENSG00000226913	BSN-AS2	lincRNA	49586739	49591799	-	86852	False
block464	rs4283605	49678651	SuSiE_95pct_CS:FinnGen_IBD:CS1	ENSG00000226913	BSN-AS2	lincRNA	49586739	49591799	-	86852	False
block464	rs9811982	49624377	SuSiE_95pct_CS:FinnGen_DEP:CS1	ENSG00000164062	APEH	protein_coding	49711435	49721396	+	87058	False
block464	rs3811697	49590770	SuSiE_95pct_CS:FinnGen_DEP:CS1	ENSG00000235120	BSN-AS1	antisense	49677916	49679202	-	87146	False
block464	rs1050450	49394834	SuSiE_95pct_CS:FinnGen_DEP:CS1	ENSG00000199546	Y_RNA	misc_RNA	49307565	49307672	+	87162	False
block464	rs9875617	49634696	SuSiE_95pct_CS:FinnGen_DEP:CS1	ENSG00000259970	AC099668.5	processed_transcript	49721913	49722416	-	87217	False
block464	rs9862080	49674458	PLACO_lead	ENSG00000176095	IP6K1	protein_coding	49761727	49823975	-	87269	False
block464	rs9862080	49674458	SuSiE_95pct_CS:FinnGen_DEP:CS1	ENSG00000176095	IP6K1	protein_coding	49761727	49823975	-	87269	False
block464	rs34363169	49537712	SuSiE_95pct_CS:FinnGen_DEP:CS1	ENSG00000067560	RHOA	protein_coding	49396578	49450431	-	87281	False
block464	rs1873625	49666964	SuSiE_95pct_CS:FinnGen_DEP:CS1	ENSG00000176020	AMIGO3	protein_coding	49754267	49761349	-	87303	False
block464	rs6446264	49417243	SuSiE_95pct_CS:FinnGen_DEP:CS1	ENSG00000201301	RNA5SP130	rRNA	49504548	49504661	-	87305	False
block464	rs1873625	49666964	SuSiE_95pct_CS:FinnGen_DEP:CS1	ENSG00000173540	GMPPB	protein_coding	49754277	49761384	-	87313	False
block464	rs1987628	49399259	SuSiE_95pct_CS:FinnGen_DEP:CS1	ENSG00000264633	MIR4271	miRNA	49311553	49311619	+	87640	False
block464	rs7648841	49416825	SuSiE_95pct_CS:FinnGen_DEP:CS1	ENSG00000201301	RNA5SP130	rRNA	49504548	49504661	-	87723	False
block464	rs1800668	49395757	SuSiE_95pct_CS:FinnGen_DEP:CS1	ENSG00000199546	Y_RNA	misc_RNA	49307565	49307672	+	88085	False
block464	rs10865958	49858142	SuSiE_95pct_CS:FinnGen_DEP:CS1	ENSG00000164077	MON1A	protein_coding	49946302	49967606	-	88160	False
block464	rs6775384	49853073	SuSiE_95pct_CS:FinnGen_DEP:CS1	ENSG00000228008	CTD-2330K9.3	protein_coding	49941278	49954370	+	88205	False
block464	rs11130219	49752427	SuSiE_95pct_CS:FinnGen_DEP:CS1	ENSG00000185614	FAM212A	protein_coding	49840687	49842463	+	88260	False
block464	rs6803222	49665976	SuSiE_95pct_CS:FinnGen_DEP:CS1	ENSG00000176020	AMIGO3	protein_coding	49754267	49761349	-	88291	False
block464	rs6803222	49665976	SuSiE_95pct_CS:FinnGen_DEP:CS1	ENSG00000173540	GMPPB	protein_coding	49754277	49761384	-	88301	False
block464	rs11130218	49752372	SuSiE_95pct_CS:FinnGen_DEP:CS1	ENSG00000185614	FAM212A	protein_coding	49840687	49842463	+	88315	False
block464	rs10212296	49542273	SuSiE_95pct_CS:FinnGen_DEP:CS1	ENSG00000145022	TCTA	protein_coding	49449639	49453908	+	88365	False
block464	rs6766131	49538932	SuSiE_95pct_CS:FinnGen_DEP:CS1	ENSG00000067560	RHOA	protein_coding	49396578	49450431	-	88501	False
block464	rs3811699	49396360	SuSiE_95pct_CS:FinnGen_DEP:CS1	ENSG00000199546	Y_RNA	misc_RNA	49307565	49307672	+	88688	False
block464	rs67216675	49493151	SuSiE_95pct_CS:FinnGen_DEP:CS1	ENSG00000235908	RHOA-IT1	sense_intronic	49402578	49404439	-	88712	False
block464	rs6797664	49539222	SuSiE_95pct_CS:FinnGen_DEP:CS1	ENSG00000067560	RHOA	protein_coding	49396578	49450431	-	88791	False
block464	rs6446264	49417243	SuSiE_95pct_CS:FinnGen_DEP:CS1	ENSG00000173402	DAG1	protein_coding	49506146	49573048	+	88903	False
block464	rs6766581	49539401	SuSiE_95pct_CS:FinnGen_DEP:CS1	ENSG00000067560	RHOA	protein_coding	49396578	49450431	-	88970	False
block464	rs1491986	49739086	SuSiE_95pct_CS:FinnGen_DEP:CS1	ENSG00000187492	CDHR4	protein_coding	49828165	49837268	-	89079	False
block464	rs7633271	49555963	SuSiE_95pct_CS:FinnGen_DEP:CS1	ENSG00000145029	NICN1	protein_coding	49460379	49466759	-	89204	False
block464	rs7648841	49416825	SuSiE_95pct_CS:FinnGen_DEP:CS1	ENSG00000173402	DAG1	protein_coding	49506146	49573048	+	89321	False
block464	rs9858418	49543288	SuSiE_95pct_CS:FinnGen_DEP:CS1	ENSG00000145022	TCTA	protein_coding	49449639	49453908	+	89380	False
block464	rs9837341	49664767	SuSiE_95pct_CS:FinnGen_DEP:CS1	ENSG00000176020	AMIGO3	protein_coding	49754267	49761349	-	89500	False
block464	rs9837341	49664767	SuSiE_95pct_CS:FinnGen_DEP:CS1	ENSG00000173540	GMPPB	protein_coding	49754277	49761384	-	89510	False
block464	rs11708955	49540114	SuSiE_95pct_CS:FinnGen_DEP:CS1	ENSG00000067560	RHOA	protein_coding	49396578	49450431	-	89683	False
block464	rs11712569	49540152	SuSiE_95pct_CS:FinnGen_DEP:CS1	ENSG00000067560	RHOA	protein_coding	49396578	49450431	-	89721	False
block464	rs9821311	49543656	SuSiE_95pct_CS:FinnGen_DEP:CS1	ENSG00000145022	TCTA	protein_coding	49449639	49453908	+	89748	False
block464	rs7623659	49414791	SuSiE_95pct_CS:FinnGen_DEP:CS1	ENSG00000201301	RNA5SP130	rRNA	49504548	49504661	-	89757	False
block464	rs67485053	49405164	SuSiE_95pct_CS:FinnGen_DEP:CS1	ENSG00000188315	C3orf62	protein_coding	49306035	49315342	-	89822	False
block464	rs11130219	49752427	SuSiE_95pct_CS:FinnGen_DEP:CS1	ENSG00000182179	UBA7	protein_coding	49842640	49851379	-	90213	False
block464	rs11130218	49752372	SuSiE_95pct_CS:FinnGen_DEP:CS1	ENSG00000182179	UBA7	protein_coding	49842640	49851379	-	90268	False
block464	rs9812791	49682311	SuSiE_95pct_CS:FinnGen_DEP:CS1	ENSG00000226913	BSN-AS2	lincRNA	49586739	49591799	-	90512	False
block464	rs9812791	49682311	SuSiE_95pct_CS:deLange_IBD:CS1	ENSG00000226913	BSN-AS2	lincRNA	49586739	49591799	-	90512	False
block464	rs9812791	49682311	SuSiE_95pct_CS:FinnGen_IBD:CS1	ENSG00000226913	BSN-AS2	lincRNA	49586739	49591799	-	90512	False
block464	rs13085791	49721798	SuSiE_95pct_CS:FinnGen_DEP:CS1	ENSG00000244730	RP13-1056D16.2	pseudogene	49812718	49813047	+	90920	False
block464	rs13085791	49721798	SuSiE_95pct_CS:deLange_IBD:CS1	ENSG00000244730	RP13-1056D16.2	pseudogene	49812718	49813047	+	90920	False
block464	rs13085791	49721798	SuSiE_95pct_CS:FinnGen_IBD:CS1	ENSG00000244730	RP13-1056D16.2	pseudogene	49812718	49813047	+	90920	False
block464	rs17080528	49389842	SuSiE_95pct_CS:FinnGen_DEP:CS1	ENSG00000225399	RP11-3B7.1	protein_coding	49297518	49298744	+	91098	False
block464	rs11130219	49752427	SuSiE_95pct_CS:FinnGen_DEP:CS1	ENSG00000263506	MIR5193	miRNA	49843570	49843678	-	91143	False
block464	rs11130218	49752372	SuSiE_95pct_CS:FinnGen_DEP:CS1	ENSG00000263506	MIR5193	miRNA	49843570	49843678	-	91198	False
block464	rs7623659	49414791	SuSiE_95pct_CS:FinnGen_DEP:CS1	ENSG00000173402	DAG1	protein_coding	49506146	49573048	+	91355	False
block464	rs71324962	49487487	SuSiE_95pct_CS:FinnGen_DEP:CS1	ENSG00000233276	GPX1	protein_coding	49394609	49396033	-	91454	False
block464	rs11720597	49635354	SuSiE_95pct_CS:FinnGen_DEP:CS1	ENSG00000164068	RNF123	protein_coding	49726932	49758962	+	91578	False
block464	rs1987628	49399259	SuSiE_95pct_CS:FinnGen_DEP:CS1	ENSG00000199546	Y_RNA	misc_RNA	49307565	49307672	+	91587	False
block464	rs6785549	49736565	SuSiE_95pct_CS:FinnGen_DEP:CS1	ENSG00000187492	CDHR4	protein_coding	49828165	49837268	-	91600	False
block464	rs6775384	49853073	SuSiE_95pct_CS:FinnGen_DEP:CS1	ENSG00000173540	GMPPB	protein_coding	49754277	49761384	-	91689	False
block464	rs9837341	49664767	SuSiE_95pct_CS:FinnGen_DEP:CS1	ENSG00000173402	DAG1	protein_coding	49506146	49573048	+	91719	False
block464	rs6775384	49853073	SuSiE_95pct_CS:FinnGen_DEP:CS1	ENSG00000176020	AMIGO3	protein_coding	49754267	49761349	-	91724	False
block464	rs71324979	49619651	SuSiE_95pct_CS:FinnGen_DEP:CS1	ENSG00000164062	APEH	protein_coding	49711435	49721396	+	91784	False
block464	rs10212296	49542273	SuSiE_95pct_CS:FinnGen_DEP:CS1	ENSG00000067560	RHOA	protein_coding	49396578	49450431	-	91842	False
block464	rs3926569	49558716	SuSiE_95pct_CS:FinnGen_DEP:CS1	ENSG00000145029	NICN1	protein_coding	49460379	49466759	-	91957	False
block464	rs6809216	49412559	SuSiE_95pct_CS:FinnGen_DEP:CS1	ENSG00000201301	RNA5SP130	rRNA	49504548	49504661	-	91989	False
block464	rs9875617	49634696	SuSiE_95pct_CS:FinnGen_DEP:CS1	ENSG00000164068	RNF123	protein_coding	49726932	49758962	+	92236	False
block464	rs13090388	49391082	SuSiE_95pct_CS:FinnGen_DEP:CS1	ENSG00000225399	RP11-3B7.1	protein_coding	49297518	49298744	+	92338	False
block464	rs9837027	49597013	SuSiE_95pct_CS:FinnGen_DEP:CS1	ENSG00000201301	RNA5SP130	rRNA	49504548	49504661	-	92352	False
block464	rs11711536	49391240	SuSiE_95pct_CS:FinnGen_DEP:CS1	ENSG00000225399	RP11-3B7.1	protein_coding	49297518	49298744	+	92496	False
block464	rs7646366	49470668	SuSiE_95pct_CS:FinnGen_DEP:CS1	ENSG00000114316	USP4	protein_coding	49315264	49378145	-	92523	False
block464	rs13062429	49559485	SuSiE_95pct_CS:FinnGen_DEP:CS1	ENSG00000145029	NICN1	protein_coding	49460379	49466759	-	92726	False
block464	rs9858418	49543288	SuSiE_95pct_CS:FinnGen_DEP:CS1	ENSG00000067560	RHOA	protein_coding	49396578	49450431	-	92857	False
block464	rs6803222	49665976	SuSiE_95pct_CS:FinnGen_DEP:CS1	ENSG00000173402	DAG1	protein_coding	49506146	49573048	+	92928	False
block464	rs9822268	49719729	SuSiE_95pct_CS:FinnGen_DEP:CS1	ENSG00000244730	RP13-1056D16.2	pseudogene	49812718	49813047	+	92989	False
block464	rs9822268	49719729	SuSiE_95pct_CS:deLange_IBD:CS1	ENSG00000244730	RP13-1056D16.2	pseudogene	49812718	49813047	+	92989	False
block464	rs9822268	49719729	SuSiE_95pct_CS:FinnGen_IBD:CS1	ENSG00000244730	RP13-1056D16.2	pseudogene	49812718	49813047	+	92989	False
block464	rs9858280	49597737	SuSiE_95pct_CS:FinnGen_DEP:CS1	ENSG00000201301	RNA5SP130	rRNA	49504548	49504661	-	93076	False
block464	rs9821311	49543656	SuSiE_95pct_CS:FinnGen_DEP:CS1	ENSG00000067560	RHOA	protein_coding	49396578	49450431	-	93225	False
block464	rs6775384	49853073	SuSiE_95pct_CS:FinnGen_DEP:CS1	ENSG00000164077	MON1A	protein_coding	49946302	49967606	-	93229	False
block464	rs9882740	49702484	SuSiE_95pct_CS:FinnGen_DEP:CS1	ENSG00000239576	RP13-480C15.1	pseudogene	49795916	49796089	+	93432	False
block464	rs9882740	49702484	SuSiE_95pct_CS:deLange_IBD:CS1	ENSG00000239576	RP13-480C15.1	pseudogene	49795916	49796089	+	93432	False
block464	rs9882740	49702484	SuSiE_95pct_CS:FinnGen_IBD:CS1	ENSG00000239576	RP13-480C15.1	pseudogene	49795916	49796089	+	93432	False
block464	rs67485053	49405164	SuSiE_95pct_CS:FinnGen_DEP:CS1	ENSG00000264633	MIR4271	miRNA	49311553	49311619	+	93545	False
block464	rs6809216	49412559	SuSiE_95pct_CS:FinnGen_DEP:CS1	ENSG00000173402	DAG1	protein_coding	49506146	49573048	+	93587	False
block464	rs67216675	49493151	SuSiE_95pct_CS:FinnGen_DEP:CS1	ENSG00000226913	BSN-AS2	lincRNA	49586739	49591799	-	93588	False
block464	rs13087851	49408974	SuSiE_95pct_CS:FinnGen_DEP:CS1	ENSG00000188315	C3orf62	protein_coding	49306035	49315342	-	93632	False
block464	rs7634902	49762662	SuSiE_95pct_CS:FinnGen_DEP:CS1	ENSG00000263651	AC139451.1	miRNA	49856387	49856486	-	93725	False
block464	rs1873625	49666964	SuSiE_95pct_CS:FinnGen_DEP:CS1	ENSG00000173402	DAG1	protein_coding	49506146	49573048	+	93916	False
block464	rs9858542	49701983	SuSiE_95pct_CS:FinnGen_DEP:CS1	ENSG00000239576	RP13-480C15.1	pseudogene	49795916	49796089	+	93933	False
block464	rs9858542	49701983	SuSiE_95pct_CS:deLange_IBD:CS1	ENSG00000239576	RP13-480C15.1	pseudogene	49795916	49796089	+	93933	False
block464	rs9858542	49701983	SuSiE_95pct_CS:FinnGen_IBD:CS1	ENSG00000239576	RP13-480C15.1	pseudogene	49795916	49796089	+	93933	False
block464	rs7633271	49555963	SuSiE_95pct_CS:FinnGen_DEP:CS1	ENSG00000235261	NICN1-AS1	antisense	49460379	49461864	+	94099	False
block464	rs6775384	49853073	SuSiE_95pct_CS:FinnGen_DEP:CS1	ENSG00000164068	RNF123	protein_coding	49726932	49758962	+	94111	False
block464	rs17080528	49389842	SuSiE_95pct_CS:FinnGen_DEP:CS1	ENSG00000173421	CCDC36	protein_coding	49235861	49295537	+	94305	False
block464	rs1873625	49666964	SuSiE_95pct_CS:FinnGen_DEP:CS1	ENSG00000176095	IP6K1	protein_coding	49761727	49823975	-	94763	False
block464	rs6770670	49686682	SuSiE_95pct_CS:FinnGen_DEP:CS1	ENSG00000226913	BSN-AS2	lincRNA	49586739	49591799	-	94883	False
block464	rs6770670	49686682	SuSiE_95pct_CS:deLange_IBD:CS1	ENSG00000226913	BSN-AS2	lincRNA	49586739	49591799	-	94883	False
block464	rs6770670	49686682	SuSiE_95pct_CS:FinnGen_IBD:CS1	ENSG00000226913	BSN-AS2	lincRNA	49586739	49591799	-	94883	False
block464	rs6446277	49473077	SuSiE_95pct_CS:FinnGen_DEP:CS1	ENSG00000114316	USP4	protein_coding	49315264	49378145	-	94932	False
block464	rs13090388	49391082	SuSiE_95pct_CS:FinnGen_DEP:CS1	ENSG00000173421	CCDC36	protein_coding	49235861	49295537	+	95545	False
block464	rs13087851	49408974	SuSiE_95pct_CS:FinnGen_DEP:CS1	ENSG00000201301	RNA5SP130	rRNA	49504548	49504661	-	95574	False
block464	rs11711536	49391240	SuSiE_95pct_CS:FinnGen_DEP:CS1	ENSG00000173421	CCDC36	protein_coding	49235861	49295537	+	95703	False
block464	rs6803222	49665976	SuSiE_95pct_CS:FinnGen_DEP:CS1	ENSG00000176095	IP6K1	protein_coding	49761727	49823975	-	95751	False
block464	rs7633271	49555963	SuSiE_95pct_CS:FinnGen_DEP:CS1	ENSG00000145020	AMT	protein_coding	49454211	49460186	-	95777	False
block464	rs1050450	49394834	SuSiE_95pct_CS:FinnGen_DEP:CS1	ENSG00000225399	RP11-3B7.1	protein_coding	49297518	49298744	+	96090	False
block464	rs9858213	49731861	SuSiE_95pct_CS:FinnGen_DEP:CS1	ENSG00000187492	CDHR4	protein_coding	49828165	49837268	-	96304	False
block464	rs9858213	49731861	SuSiE_95pct_CS:FinnGen_IBD:CS1	ENSG00000187492	CDHR4	protein_coding	49828165	49837268	-	96304	False
block464	rs34196454	49563456	SuSiE_95pct_CS:FinnGen_DEP:CS1	ENSG00000145029	NICN1	protein_coding	49460379	49466759	-	96697	False
block464	rs10865958	49858142	SuSiE_95pct_CS:FinnGen_DEP:CS1	ENSG00000173540	GMPPB	protein_coding	49754277	49761384	-	96758	False
block464	rs10865958	49858142	SuSiE_95pct_CS:FinnGen_DEP:CS1	ENSG00000176020	AMIGO3	protein_coding	49754267	49761349	-	96793	False
block464	rs3926569	49558716	SuSiE_95pct_CS:FinnGen_DEP:CS1	ENSG00000235261	NICN1-AS1	antisense	49460379	49461864	+	96852	False
block464	rs9837341	49664767	SuSiE_95pct_CS:FinnGen_DEP:CS1	ENSG00000176095	IP6K1	protein_coding	49761727	49823975	-	96960	False
block464	rs9811982	49624377	SuSiE_95pct_CS:FinnGen_DEP:CS1	ENSG00000173531	MST1	protein_coding	49721380	49726934	-	97003	False
block464	rs35115732	49475155	SuSiE_95pct_CS:FinnGen_DEP:CS1	ENSG00000114316	USP4	protein_coding	49315264	49378145	-	97010	False
block464	rs1800668	49395757	SuSiE_95pct_CS:FinnGen_DEP:CS1	ENSG00000225399	RP11-3B7.1	protein_coding	49297518	49298744	+	97013	False
block464	rs67216675	49493151	SuSiE_95pct_CS:FinnGen_DEP:CS1	ENSG00000233276	GPX1	protein_coding	49394609	49396033	-	97118	False
block464	rs13087851	49408974	SuSiE_95pct_CS:FinnGen_DEP:CS1	ENSG00000173402	DAG1	protein_coding	49506146	49573048	+	97172	False
block464	rs6809216	49412559	SuSiE_95pct_CS:FinnGen_DEP:CS1	ENSG00000188315	C3orf62	protein_coding	49306035	49315342	-	97217	False
block464	rs13087851	49408974	SuSiE_95pct_CS:FinnGen_DEP:CS1	ENSG00000264633	MIR4271	miRNA	49311553	49311619	+	97355	False
block464	rs34762726	49689210	SuSiE_95pct_CS:FinnGen_DEP:CS1	ENSG00000226913	BSN-AS2	lincRNA	49586739	49591799	-	97411	False
block464	rs34762726	49689210	SuSiE_95pct_CS:deLange_IBD:CS1	ENSG00000226913	BSN-AS2	lincRNA	49586739	49591799	-	97411	False
block464	rs34762726	49689210	SuSiE_95pct_CS:FinnGen_IBD:CS1	ENSG00000226913	BSN-AS2	lincRNA	49586739	49591799	-	97411	False
block464	rs67485053	49405164	SuSiE_95pct_CS:FinnGen_DEP:CS1	ENSG00000199546	Y_RNA	misc_RNA	49307565	49307672	+	97492	False
block464	rs9811982	49624377	SuSiE_95pct_CS:FinnGen_DEP:CS1	ENSG00000259970	AC099668.5	processed_transcript	49721913	49722416	-	97536	False
block464	rs9852529	49730625	SuSiE_95pct_CS:FinnGen_DEP:CS1	ENSG00000187492	CDHR4	protein_coding	49828165	49837268	-	97540	False
block464	rs9852529	49730625	SuSiE_95pct_CS:FinnGen_IBD:CS1	ENSG00000187492	CDHR4	protein_coding	49828165	49837268	-	97540	False
block464	rs3811699	49396360	SuSiE_95pct_CS:FinnGen_DEP:CS1	ENSG00000225399	RP11-3B7.1	protein_coding	49297518	49298744	+	97616	False
block464	rs13062429	49559485	SuSiE_95pct_CS:FinnGen_DEP:CS1	ENSG00000235261	NICN1-AS1	antisense	49460379	49461864	+	97621	False
block464	rs9871654	49825370	SuSiE_95pct_CS:FinnGen_DEP:CS1	ENSG00000173531	MST1	protein_coding	49721380	49726934	-	98436	False
block464	rs9836291	49697459	SuSiE_95pct_CS:FinnGen_DEP:CS1	ENSG00000239576	RP13-480C15.1	pseudogene	49795916	49796089	+	98457	False
block464	rs9836291	49697459	SuSiE_95pct_CS:deLange_IBD:CS1	ENSG00000239576	RP13-480C15.1	pseudogene	49795916	49796089	+	98457	False
block464	rs9836291	49697459	SuSiE_95pct_CS:FinnGen_IBD:CS1	ENSG00000239576	RP13-480C15.1	pseudogene	49795916	49796089	+	98457	False
block464	rs1131095	49714225	SuSiE_95pct_CS:FinnGen_DEP:CS1	ENSG00000244730	RP13-1056D16.2	pseudogene	49812718	49813047	+	98493	False
block464	rs1131095	49714225	SuSiE_95pct_CS:deLange_IBD:CS1	ENSG00000244730	RP13-1056D16.2	pseudogene	49812718	49813047	+	98493	False
block464	rs1131095	49714225	SuSiE_95pct_CS:FinnGen_IBD:CS1	ENSG00000244730	RP13-1056D16.2	pseudogene	49812718	49813047	+	98493	False
block464	rs3926569	49558716	SuSiE_95pct_CS:FinnGen_DEP:CS1	ENSG00000145020	AMT	protein_coding	49454211	49460186	-	98530	False
block464	rs11926781	49603289	SuSiE_95pct_CS:FinnGen_DEP:CS1	ENSG00000201301	RNA5SP130	rRNA	49504548	49504661	-	98628	False
block464	rs11709525	49690496	SuSiE_95pct_CS:FinnGen_DEP:CS1	ENSG00000226913	BSN-AS2	lincRNA	49586739	49591799	-	98697	False
block464	rs11709525	49690496	SuSiE_95pct_CS:deLange_IBD:CS1	ENSG00000226913	BSN-AS2	lincRNA	49586739	49591799	-	98697	False
block464	rs11709525	49690496	SuSiE_95pct_CS:FinnGen_IBD:CS1	ENSG00000226913	BSN-AS2	lincRNA	49586739	49591799	-	98697	False
block464	rs67216675	49493151	SuSiE_95pct_CS:FinnGen_DEP:CS1	ENSG00000164061	BSN	protein_coding	49591922	49708978	+	98771	False
block464	rs34293138	49579017	SuSiE_95pct_CS:FinnGen_DEP:CS1	ENSG00000235120	BSN-AS1	antisense	49677916	49679202	-	98899	False
block464	rs9871654	49825370	SuSiE_95pct_CS:FinnGen_DEP:CS1	ENSG00000164078	MST1R	protein_coding	49924435	49941299	-	99065	False
block464	rs11718165	49696797	SuSiE_95pct_CS:FinnGen_DEP:CS1	ENSG00000239576	RP13-480C15.1	pseudogene	49795916	49796089	+	99119	False
block464	rs11718165	49696797	SuSiE_95pct_CS:FinnGen_IBD:CS1	ENSG00000239576	RP13-480C15.1	pseudogene	49795916	49796089	+	99119	False
block464	rs10865958	49858142	SuSiE_95pct_CS:FinnGen_DEP:CS1	ENSG00000164068	RNF123	protein_coding	49726932	49758962	+	99180	False
block464	rs71324962	49487487	SuSiE_95pct_CS:FinnGen_DEP:CS1	ENSG00000226913	BSN-AS2	lincRNA	49586739	49591799	-	99252	False
block464	rs1050450	49394834	SuSiE_95pct_CS:FinnGen_DEP:CS1	ENSG00000173421	CCDC36	protein_coding	49235861	49295537	+	99297	False
block464	rs13062429	49559485	SuSiE_95pct_CS:FinnGen_DEP:CS1	ENSG00000145020	AMT	protein_coding	49454211	49460186	-	99299	False
block464	rs13079643	49477466	SuSiE_95pct_CS:FinnGen_DEP:CS1	ENSG00000114316	USP4	protein_coding	49315264	49378145	-	99321	False
block464	rs67485053	49405164	SuSiE_95pct_CS:FinnGen_DEP:CS1	ENSG00000201301	RNA5SP130	rRNA	49504548	49504661	-	99384	False
block464	rs7623659	49414791	SuSiE_95pct_CS:FinnGen_DEP:CS1	ENSG00000188315	C3orf62	protein_coding	49306035	49315342	-	99449	False
block464	rs11713474	49611457	SuSiE_95pct_CS:FinnGen_DEP:CS1	ENSG00000164062	APEH	protein_coding	49711435	49721396	+	99978	False
