locus	target_gene	target_ensembl_id	pqtl_study_locus_id	pqtl_study_id	pqtl_variant_rsids	pqtl_chr	pqtl_pos	pqtl_is_trans	gwas_study_locus_id	gwas_study_id	gwas_variant_rsids	gwas_chr	gwas_pos	h3	h4	clpp	method	n_colocalising_variants	gwas_trait	gwas_family
block464	MST1	ENSG00000173531	b3772139f3934768445ce3c0cee2745c	UKB_PPP_EUR_MST1_P26927_OID30713_v1	rs11130213	3	49674864	False	b9ed24ea6766c2418cfa5505e6777743	GCST004133	rs1131095	3	49676792	0.012819996418324996	0.987180003581675	0.06637534088866787	COLOC_PIP_ECAVIAR	3	Ulcerative colitis	IBD
block464	MST1	ENSG00000173531	b3772139f3934768445ce3c0cee2745c	UKB_PPP_EUR_MST1_P26927_OID30713_v1	rs11130213	3	49674864	False	a22a14bbb5f3c86a9ba41245bc636e1d	GCST004131	rs1131095	3	49676792	0.013254606177717914	0.9867453938222821	0.06472482871492216	COLOC_PIP_ECAVIAR	2	Inflammatory bowel disease	IBD
block464	MST1	ENSG00000173531	b3772139f3934768445ce3c0cee2745c	UKB_PPP_EUR_MST1_P26927_OID30713_v1	rs11130213	3	49674864	False	ff9b88637b18c4c35d01af7e81c44ee3	GCST90292538	rs1131095	3	49676792	0.01498065640009096	0.9850193435999092	0.05705270379766699	COLOC_PIP_ECAVIAR	3	Inflammatory bowel disease	IBD
block464	MST1	ENSG00000173531	b3772139f3934768445ce3c0cee2745c	UKB_PPP_EUR_MST1_P26927_OID30713_v1	rs11130213	3	49674864	False	fe7b24d8422f89cc5c3429fe3e3d9804	GCST004132	rs9836291	3	49660026	0.01764372209561094	0.9823562779043891	0.04878879570435458	COLOC_PIP_ECAVIAR	3	Crohn's disease	IBD
block464	MST1	ENSG00000173531	b3772139f3934768445ce3c0cee2745c	UKB_PPP_EUR_MST1_P26927_OID30713_v1	rs11130213	3	49674864	False	5d1f34a413ef912d7765bed420a4c4ef	FINNGEN_R12_K11_IBD_STRICT	rs371314787	3	49672479	0.02056676775016528	0.9794332322498348	0.04212385787749903	COLOC_PIP_ECAVIAR	3	Inflammatory bowel disease, strict (require KELA)	IBD
block464	MST1	ENSG00000173531	b3772139f3934768445ce3c0cee2745c	UKB_PPP_EUR_MST1_P26927_OID30713_v1	rs11130213	3	49674864	False	be156596abf61153efc5e308dd45210d	FINNGEN_R12_CHRONOTH	rs34762726	3	49651777	0.021268774250701283	0.9787312257492987	0.04066254844277062	COLOC_PIP_ECAVIAR	3	Other Crohn's disease	IBD
block464	MST1	ENSG00000173531	b3772139f3934768445ce3c0cee2745c	UKB_PPP_EUR_MST1_P26927_OID30713_v1	rs11130213	3	49674864	False	754ee8b9f086112ecb8bdb4ebd6765d8	FINNGEN_R12_ULCERNAS	rs371314787	3	49672479	0.023324358008924143	0.9766756419910758	0.03715626362586767	COLOC_PIP_ECAVIAR	3	Ulcerative colitis, NAS	IBD
block464	MST1	ENSG00000173531	b3772139f3934768445ce3c0cee2745c	UKB_PPP_EUR_MST1_P26927_OID30713_v1	rs11130213	3	49674864	False	88133dee22d4f7b5e33df0d2f35bfb68	FINNGEN_R12_K11_UC_STRICT2	rs3197999	3	49684099	0.02446249633203239	0.9755375036679675	0.03612909698476521	COLOC_PIP_ECAVIAR	3	Ulcerative colitis (strict definition, require KELA, min 2 HDR)	IBD
block464	MST1	ENSG00000173531	b3772139f3934768445ce3c0cee2745c	UKB_PPP_EUR_MST1_P26927_OID30713_v1	rs11130213	3	49674864	False	ec4d356a7d21011574ad82051aa834c0	GCST001725	rs3197999	3	49684099	0.030538048542667156	0.9694619514573328	0.028550707270410508	COLOC_PIP_ECAVIAR	3	Inflammatory bowel disease	IBD
block464	MST1	ENSG00000173531	b3772139f3934768445ce3c0cee2745c	UKB_PPP_EUR_MST1_P26927_OID30713_v1	rs11130213	3	49674864	False	acc771d5987e609f5ce69e0bfa176cae	GCST000964	rs9822268	3	49682296	0.031589252971435756	0.9684107470285642	0.027557459587012875	COLOC_PIP_ECAVIAR	3	Ulcerative colitis	IBD
block464	MST1	ENSG00000173531	b3772139f3934768445ce3c0cee2745c	UKB_PPP_EUR_MST1_P26927_OID30713_v1	rs11130213	3	49674864	False	02c0a78d110f292f7fcde8e3b622b764	GCST005537	rs3197999	3	49684099	0.0335042943772991	0.9664957056227009	0.02599141711643868	COLOC_PIP_ECAVIAR	3	Chronic inflammatory diseases (ankylosing spondylitis, Crohn's disease, psoriasis, primary sclerosing cholangitis, ulcerative colitis) (pleiotropy)	IBD
block464	MST1	ENSG00000173531	b3772139f3934768445ce3c0cee2745c	UKB_PPP_EUR_MST1_P26927_OID30713_v1	rs11130213	3	49674864	False	687a396599bfa9482ec2a20da687a92c	GCST000879	rs3197999	3	49684099	0.037178874091248544	0.9628211259087514	0.02333316416066224	COLOC_PIP_ECAVIAR	3	Crohn's disease	IBD
block464	MST1	ENSG00000173531	b3772139f3934768445ce3c0cee2745c	UKB_PPP_EUR_MST1_P26927_OID30713_v1	rs11130213	3	49674864	False	c63757b21631ed053e687746af5f3bb8	GCST90476065	rs9823546	3	49668079	0.04056616677207062	0.9594338332279293	0.021388076486949265	COLOC_PIP_ECAVIAR	3	Inflammatory bowel disease and other gasteroenteritis and colitis (PheCode 555)	IBD
block464	MST1	ENSG00000173531	eae73c519e0439c0e3198fb3da54e151	UKB_PPP_EUR_MST1_P26927_OID30713_v1	rs78284520	3	47201659	False	d1ff6e10a3ab8e4bafad575884a21f64	GCST90292538	rs151213353	3	47508360	0.04128035764075267	0.9587196423592473	0.021740041951614282	COLOC_PIP_ECAVIAR	1	Inflammatory bowel disease	IBD
block464	MST1	ENSG00000173531	b3772139f3934768445ce3c0cee2745c	UKB_PPP_EUR_MST1_P26927_OID30713_v1	rs11130213	3	49674864	False	0f9ea376add59ce85d66fb0f9846ca52	GCST000207	rs3197999	3	49684099	0.043785238401527364	0.9562147615984726	0.01980592031266628	COLOC_PIP_ECAVIAR	3	Crohn's disease	IBD
block464	MST1	ENSG00000173531	b3772139f3934768445ce3c0cee2745c	UKB_PPP_EUR_MST1_P26927_OID30713_v1	rs11130213	3	49674864	False	4adc937783c07c055edd956f399acb11	GCST90454173	rs3197999	3	49684099	0.04644856143864316	0.9535514385613568	0.018620730235436395	COLOC_PIP_ECAVIAR	3	FEV1 or inflammatory bowel disease (pleiotropy)	IBD
block464	MST1	ENSG00000173531	b3772139f3934768445ce3c0cee2745c	UKB_PPP_EUR_MST1_P26927_OID30713_v1	rs11130213	3	49674864	False	1f6d3a910315f6cc887a0a1391e3954d	GCST90480320	rs13085791	3	49684365	0.04700365264370935	0.9529963473562907	0.018374079697729074	COLOC_PIP_ECAVIAR	3	Inflammatory bowel disease and other gasteroenteritis and colitis (PheCode 555)	IBD
block464	MST1	ENSG00000173531	b3772139f3934768445ce3c0cee2745c	UKB_PPP_EUR_MST1_P26927_OID30713_v1	rs11130213	3	49674864	False	9f5ce7822ea57670a73c30f6d6006bfc	GCST000527	rs9858542	3	49664550	0.0482561251751458	0.9517438748248541	0.017939210566120634	COLOC_PIP_ECAVIAR	3	Ulcerative colitis	IBD
block464	MST1	ENSG00000173531	b3772139f3934768445ce3c0cee2745c	UKB_PPP_EUR_MST1_P26927_OID30713_v1	rs11130213	3	49674864	False	2f84a380d1f9e83f53879b0a376a175a	GCST90454177	rs3197999	3	49684099	0.04885246015073994	0.95114753984926	0.01768440971375928	COLOC_PIP_ECAVIAR	3	FVC or inflammatory bowel disease (pleiotropy)	IBD
block464	MST1	ENSG00000173531	eae73c519e0439c0e3198fb3da54e151	UKB_PPP_EUR_MST1_P26927_OID30713_v1	rs78284520	3	47201659	False	ad42086e23ca17aba3681f018480046c	FINNGEN_R12_K11_UC_STRICT2	rs112973459	3	47632477	0.05002724871238499	0.9499727512876149	0.0177274599097159	COLOC_PIP_ECAVIAR	1	Ulcerative colitis (strict definition, require KELA, min 2 HDR)	IBD
block464	MST1	ENSG00000173531	b3772139f3934768445ce3c0cee2745c	UKB_PPP_EUR_MST1_P26927_OID30713_v1	rs11130213	3	49674864	False	4f4d89476470fc3f8117937e4f3d9cf4	GCST000624	rs3197999	3	49684099	0.05250660946174386	0.9474933905382562	0.0164369787861924	COLOC_PIP_ECAVIAR	3	Ulcerative colitis	IBD
block464	MST1	ENSG00000173531	b3772139f3934768445ce3c0cee2745c	UKB_PPP_EUR_MST1_P26927_OID30713_v1	rs11130213	3	49674864	False	a9489f70f112aa8ae4cbe3d9d29cdcb4	GCST90476067	rs6770670	3	49649249	0.06349112269319036	0.9365088773068098	0.013434078440382606	COLOC_PIP_ECAVIAR	3	Ulcerative colitis	IBD
block464	MST1	ENSG00000173531	f8bb52a6cac013f37ef1c0896b219f5d	UKB_PPP_EUR_MST1_P26927_OID30713_v1	rs112345627	3	47755819	False	ad42086e23ca17aba3681f018480046c	FINNGEN_R12_K11_UC_STRICT2	rs112973459	3	47632477	0.06834202723617609	0.931657972763824	0.012793805292150382	COLOC_PIP_ECAVIAR	3	Ulcerative colitis (strict definition, require KELA, min 2 HDR)	IBD
block464	MST1	ENSG00000173531	4d449daa04671711484d846762c348fe	UKB_PPP_EUR_MST1_P26927_OID30713_v1	rs9858428	3	49840152	False	e7996559308a5d9ae5408f9989220eb2	GCST90271324	rs11717978	3	48931603	0.5342261533236121	0.4657738466763877	0.0007927708650767238	COLOC_PIP_ECAVIAR	2	Inflammatory bowel disease or anorexia nervosa (pleiotropy)	IBD
block464	MST1	ENSG00000173531	e1c15d8867cd17608ee5e979cc523a87	UKB_PPP_EUR_MST1_P26927_OID30713_v1	rs111812549	3	49356967	False	6982c8837d68a72e190e36051e3f3c0e	FINNGEN_R12_F5_DEPRESSION_DYSTHYMIA	rs185050272	3	49113570	0.004656137308297987	0.9953438626917019	0.16286014053002076	COLOC_PIP_ECAVIAR	1	Depression or dysthymia	depression
block464	MST1	ENSG00000173531	e678ee695571532efb0862d0d6a8ba8c	UKB_PPP_EUR_MST1_P26927_OID30713_v1	rs113465792	3	49578696	False	6982c8837d68a72e190e36051e3f3c0e	FINNGEN_R12_F5_DEPRESSION_DYSTHYMIA	rs185050272	3	49113570	0.005647584384422784	0.9943524156155773	0.142408955948299	COLOC_PIP_ECAVIAR	1	Depression or dysthymia	depression
block464	MST1	ENSG00000173531	c3aa07d38ce2f709985b31e31b7637e7	UKB_PPP_EUR_MST1_P26927_OID30713_v1	rs6774202	3	49650346	False	9148b5561a946e4083efa2138e0138eb	GCST90624551	rs9835157	3	49760336	0.07265035854368189	0.9273496414563182	0.011520245628024362	COLOC_PIP_ECAVIAR	20	Obesity class II and Attention deficit hyperactivity disorder or Major depressive disorder	depression
block464	MST1	ENSG00000173531	c3aa07d38ce2f709985b31e31b7637e7	UKB_PPP_EUR_MST1_P26927_OID30713_v1	rs6774202	3	49650346	False	d20476c8e58a72af9dc84ba0b80a78dc	GCST90014431	rs184219667	3	49776503	0.07294719279828445	0.9270528072017156	0.011462083690229264	COLOC_PIP_ECAVIAR	19	Endorsed measures of depression (one) vs mental health questionnaire controls	depression
block464	MST1	ENSG00000173531	c3aa07d38ce2f709985b31e31b7637e7	UKB_PPP_EUR_MST1_P26927_OID30713_v1	rs6774202	3	49650346	False	f8c0b775ed56aaba4726bf3bb91d1c3e	GCST012090	rs2029591	3	49609548	0.10932513468432144	0.8906748653156786	0.007372344601346238	COLOC_PIP_ECAVIAR	20	Major depressive disorder (MTAG)	depression
block464	MST1	ENSG00000173531	c3aa07d38ce2f709985b31e31b7637e7	UKB_PPP_EUR_MST1_P26927_OID30713_v1	rs6774202	3	49650346	False	1b6ac6ed1505057acd0b2f5472b1a413	FINNGEN_R12_F5_DEPRESSION_RECURRENT	rs34145759	3	49403038	0.32707950359212246	0.6729204964078777	0.0018688410832848968	COLOC_PIP_ECAVIAR	17	Recurrent or chronic depression	depression
block464	MST1	ENSG00000173531	db582a33ebdbfd47f47ae9c30bdf9b9f	UKB_PPP_EUR_MST1_P26927_OID30713_v1	rs116482870	3	50302191	False	6a48274a3e62f9438ba3309170b4740b	GCST90692711	rs116482870	3	50302191	0.0	1.0	0.9998161671397374	COLOC_PIP_ECAVIAR	1	High light scatter reticulocyte count (UKB data field 30300)	other
block464	MST1	ENSG00000173531	db582a33ebdbfd47f47ae9c30bdf9b9f	UKB_PPP_EUR_MST1_P26927_OID30713_v1	rs116482870	3	50302191	False	74f55181701fbde7632d79b218fcd08e	GCST90691834	rs116482870	3	50302191	0.0	1.0	0.999969684838638	COLOC_PIP_ECAVIAR	1	High light scatter reticulocyte percentage (UKB data field 30290)	other
block464	MST1	ENSG00000173531	db582a33ebdbfd47f47ae9c30bdf9b9f	UKB_PPP_EUR_MST1_P26927_OID30713_v1	rs116482870	3	50302191	False	d379882570dcb93d3fd1b79b6c3a5d49	GCST90692934	rs116482870	3	50302191	0.0	1.0	0.999961843698349	COLOC_PIP_ECAVIAR	1	High light scatter reticulocyte percentage (UKB data field 30290)	other
block464	MST1	ENSG00000173531	dea4d9f4111bb59f4099126cbd808159	UKB_PPP_EUR_MST1_P26927_OID30713_v1	rs62262721	3	49731494	False	0ef6708d7e8ab394e2fb1d82807c3102	GCST90302890	rs62262721	3	49731494	2.7693627744866377e-05	0.9999723063722551	0.9073611591580955	COLOC_PIP_ECAVIAR	1	Height	other
block464	MST1	ENSG00000173531	71119c77722894a2f558f9a2edbd6ae8	UKB_PPP_EUR_MST1_P26927_OID30713_v1	rs2291903	3	47676136	False	e5fd03ad4cb0930e8a68e80722104cd3	GCST90002387	rs2291903	3	47676136	7.097243740376368e-05	0.9999290275625963	0.932304465016338	COLOC_PIP_ECAVIAR	1	Immature fraction of reticulocytes	other
block464	MST1	ENSG00000173531	71119c77722894a2f558f9a2edbd6ae8	UKB_PPP_EUR_MST1_P26927_OID30713_v1	rs2291903	3	47676136	False	dea9acd856d15b611049ea081711524f	GCST90618391	rs2291903	3	47676136	0.0001378851846677304	0.9998621148153322	0.874538095305342	COLOC_PIP_ECAVIAR	1	Lutropin-choriogonadotropic hormone receptor protein level	other
block464	MST1	ENSG00000173531	db582a33ebdbfd47f47ae9c30bdf9b9f	UKB_PPP_EUR_MST1_P26927_OID30713_v1	rs116482870	3	50302191	False	363ae97a40b471e4ad4ace2b9ae9bf72	GCST90247958	rs116482870	3	50302191	0.00016369257561476172	0.9998363074243853	0.8317197752643076	COLOC_PIP_ECAVIAR	1	Hyaluronidase-1 levels	other
block464	MST1	ENSG00000173531	27c2e105376c6ff987772675b95019e6	UKB_PPP_EUR_MST1_P26927_OID30713_v1	rs199513607	3	47576465	False	92a86b5e3b78e849bb8ac71ea68f759f	GCST90179280	rs199513607	3	47576465	0.00017858868546025546	0.9998214113145398	0.8080331380148834	COLOC_PIP_ECAVIAR	1	C-X-C motif chemokine 16 levels	other
block464	MST1	ENSG00000173531	292d40453f2fbca2dde3bf82db972a49	UKB_PPP_EUR_MST1_P26927_OID30713_v1	rs182599282	3	47811426	False	a8bcdc756184ec1e449bd179d378f200	GCST90618391	rs182599282	3	47811426	0.0002305160074295325	0.9997694839925705	0.7840677189289013	COLOC_PIP_ECAVIAR	1	Lutropin-choriogonadotropic hormone receptor protein level	other
block464	MST1	ENSG00000173531	71119c77722894a2f558f9a2edbd6ae8	UKB_PPP_EUR_MST1_P26927_OID30713_v1	rs2291903	3	47676136	False	9ec66bb4e7197cd5d2171922ccf17d31	GCST90002405	rs2291903	3	47676136	0.0002638372317307631	0.9997361627682692	0.7911234554859551	COLOC_PIP_ECAVIAR	1	Reticulocyte count	other
block464	MST1	ENSG00000173531	71119c77722894a2f558f9a2edbd6ae8	UKB_PPP_EUR_MST1_P26927_OID30713_v1	rs2291903	3	47676136	False	f2b6d7a63d62c46dea3c47655c8d4c9c	GCST90002406	rs2291903	3	47676136	0.0003606178260223407	0.9996393821739777	0.7348263331820913	COLOC_PIP_ECAVIAR	1	Reticulocyte fraction of red cells	other
block464	MST1	ENSG00000173531	b9a65ed9fbf625e75954298805e7bf1d	UKB_PPP_EUR_MST1_P26927_OID30713_v1	rs147347968	3	47214633	False	7605e16146a78e7762a3a90437c6a33e	GCST90566750	rs147347968	3	47214633	0.00040352465837243583	0.9995964753416275	0.6964038076166255	COLOC_PIP_ECAVIAR	1	Estimated glomerular filtration rate based on cystatin C in healthy individuals	other
block464	MST1	ENSG00000173531	489ec7363a5422efa4c518ca32565bf7	UKB_PPP_EUR_MST1_P26927_OID30713_v1	rs114201921	3	46618016	False	b48ef2cc2a9c8a07678d04c640c37751	GCST90475508	rs114201921	3	46618016	0.0007696078233662712	0.9992303921766338	0.5398862774416118	COLOC_PIP_ECAVIAR	2	monocyte (fraction, maximum, inv-norm transformed)	other
block464	MST1	ENSG00000173531	b3772139f3934768445ce3c0cee2745c	UKB_PPP_EUR_MST1_P26927_OID30713_v1	rs11130213	3	49674864	False	edfe5e4f03c5debff72d0d4c29c96a41	GCST90247877	rs11130213	3	49674864	0.0008376809866767585	0.9991623190133233	0.5291672449145107	COLOC_PIP_ECAVIAR	1	Hepatocyte growth factor-like protein levels	other
block464	MST1	ENSG00000173531	489ec7363a5422efa4c518ca32565bf7	UKB_PPP_EUR_MST1_P26927_OID30713_v1	rs114201921	3	46618016	False	df9d21a96247731eb65b8d27f9b5dcc8	GCST90475511	rs114201921	3	46618016	0.0009025013351959117	0.999097498664804	0.5244800120586947	COLOC_PIP_ECAVIAR	2	monocyte (fraction, mean, inv-norm transformed)	other
block464	MST1	ENSG00000173531	c9467a045dcbae1d0bf1db4d7ef398f5	UKB_PPP_EUR_MST1_P26927_OID30713_v1	rs9879725	3	50972004	False	ffb78f374329da98a380cef69d286355	GCST90618391	rs9869826	3	50961385	0.0012354299142507668	0.9987645700857491	0.43871724385635247	COLOC_PIP_ECAVIAR	1	Lutropin-choriogonadotropic hormone receptor protein level	other
block464	MST1	ENSG00000173531	71119c77722894a2f558f9a2edbd6ae8	UKB_PPP_EUR_MST1_P26927_OID30713_v1	rs2291903	3	47676136	False	33450792b37b745bcdad8cdf3fc6a133	GCST90692933	rs73083150	3	47658640	0.0014765872900387796	0.9985234127099611	0.38361122626964494	COLOC_PIP_ECAVIAR	1	Immature reticulocyte fraction (UKB data field 30280)	other
block464	MST1	ENSG00000173531	71119c77722894a2f558f9a2edbd6ae8	UKB_PPP_EUR_MST1_P26927_OID30713_v1	rs2291903	3	47676136	False	cce5b125a089f5599dfe6a34c49c45fe	GCST90692767	rs73083150	3	47658640	0.0017905999791524062	0.9982094000208476	0.35408905584022626	COLOC_PIP_ECAVIAR	1	Reticulocyte count (UKB data field 30250)	other
block464	MST1	ENSG00000173531	f83c3130cde573fb8c85242bc83b435a	UKB_PPP_EUR_MST1_P26927_OID30713_v1	rs72094481	3	50329448	False	289ed8c7e42850780c12a081555fc501	GCST90019509	rs72094481	3	50329448	0.0018542434256142665	0.9981457565743858	0.3348065111080121	COLOC_PIP_ECAVIAR	1	Glycated hemoglobin levels	other
block464	MST1	ENSG00000173531	c9467a045dcbae1d0bf1db4d7ef398f5	UKB_PPP_EUR_MST1_P26927_OID30713_v1	rs9879725	3	50972004	False	f80e5dd049efd4caee7bdf62b60dd72b	GCST90692780	rs9879725	3	50972004	0.002249554547045971	0.997750445452954	0.29319222465624073	COLOC_PIP_ECAVIAR	1	Glycated hemoglobin HbA1c levels	other
block464	MST1	ENSG00000173531	f8bb52a6cac013f37ef1c0896b219f5d	UKB_PPP_EUR_MST1_P26927_OID30713_v1	rs112345627	3	47755819	False	80b50dd07ba26b1372942c4d6192649b	GCST90618391	rs111706279	3	47722583	0.002293891209111497	0.9977061087908886	0.3021144822924565	COLOC_PIP_ECAVIAR	3	Lutropin-choriogonadotropic hormone receptor protein level	other
block464	MST1	ENSG00000173531	9fbee1f5c8afd1478ddf9279e8ced804	UKB_PPP_EUR_MST1_P26927_OID30713_v1	rs116643069	3	49706279	False	44ad2fcabeb292301d017a41f3456f63	GCST90435144	rs141235065	3	49762928	0.0023285792625164265	0.9976714207374836	0.2787344746676098	COLOC_PIP_ECAVIAR	2	Telomere length (principal component 1)	other
block464	MST1	ENSG00000173531	c9467a045dcbae1d0bf1db4d7ef398f5	UKB_PPP_EUR_MST1_P26927_OID30713_v1	rs9879725	3	50972004	False	4eb0108902e2c15d20ad9b67e2b1edfe	GCST90691576	rs9869826	3	50961385	0.0023854659258545833	0.9976145340741454	0.27921928639049215	COLOC_PIP_ECAVIAR	1	Glycated hemoglobin HbA1c levels	other
block464	MST1	ENSG00000173531	71119c77722894a2f558f9a2edbd6ae8	UKB_PPP_EUR_MST1_P26927_OID30713_v1	rs2291903	3	47676136	False	c51a54ca721e63328abbb364d4910065	GCST90691833	rs73083150	3	47658640	0.002707443406242607	0.9972925565937574	0.266349634864477	COLOC_PIP_ECAVIAR	1	Immature reticulocyte fraction (UKB data field 30280)	other
block464	MST1	ENSG00000173531	71119c77722894a2f558f9a2edbd6ae8	UKB_PPP_EUR_MST1_P26927_OID30713_v1	rs2291903	3	47676136	False	86d04f7f73ec4ef24e2d90f88c725bf9	GCST90693043	rs73083150	3	47658640	0.0028852314769519127	0.997114768523048	0.2558815240199093	COLOC_PIP_ECAVIAR	1	Reticulocyte percentage (UKB data field 30240)	other
block464	MST1	ENSG00000173531	71119c77722894a2f558f9a2edbd6ae8	UKB_PPP_EUR_MST1_P26927_OID30713_v1	rs2291903	3	47676136	False	e2e75b83f438b2db2c85edaf154fd912	GCST90691830	rs73083150	3	47658640	0.0031751326356336397	0.9968248673643664	0.23759098329818248	COLOC_PIP_ECAVIAR	1	Reticulocyte count (UKB data field 30250)	other
block464	MST1	ENSG00000173531	71119c77722894a2f558f9a2edbd6ae8	UKB_PPP_EUR_MST1_P26927_OID30713_v1	rs2291903	3	47676136	False	f535f1bebed0e8c562536e7dfda0e65b	GCST90691829	rs73083150	3	47658640	0.0033873918885568874	0.9966126081114431	0.2266835058451722	COLOC_PIP_ECAVIAR	1	Reticulocyte percentage (UKB data field 30240)	other
block464	MST1	ENSG00000173531	f06ef7832bc7517ab80beb29855f751d	UKB_PPP_EUR_MST1_P26927_OID30713_v1	rs182132166	3	51044688	False	90f9b97ffce641cfb770d7a517124d74	GCST90692808	rs78933579	3	51057848	0.0037837485104680914	0.996216251489532	0.19981888159231562	COLOC_PIP_ECAVIAR	1	Neutrophill percentage (UKB data field 30200)	other
block464	MST1	ENSG00000173531	bb93c66cb4822bf54d74c9940b434f28	UKB_PPP_EUR_MST1_P26927_OID30713_v1	rs11717033	3	47126729	False	bbf9ecc5bad235002c43e932ac39839f	GCST90014006	rs112741837	3	47464921	0.003990571995859873	0.9960094280041402	0.1944616319305609	COLOC_PIP_ECAVIAR	1	Glycated haemoglobin HbA1c levels (UKB data field 30750)	other
block464	MST1	ENSG00000173531	9fbee1f5c8afd1478ddf9279e8ced804	UKB_PPP_EUR_MST1_P26927_OID30713_v1	rs116643069	3	49706279	False	2ebc04a840f2924f1f8f576d044095dc	GCST90013991	rs139928512	3	49584716	0.004068556807851945	0.9959314431921481	0.18153792466739258	COLOC_PIP_ECAVIAR	2	Alkaline phosphatase levels (UKB data field 30610)	other
block464	MST1	ENSG00000173531	c9467a045dcbae1d0bf1db4d7ef398f5	UKB_PPP_EUR_MST1_P26927_OID30713_v1	rs9879725	3	50972004	False	dc0460b57f10cb1de0bde9a22827e820	GCST90014006	rs9869826	3	50961385	0.0043400252581754966	0.9956599747418245	0.17667037696519558	COLOC_PIP_ECAVIAR	2	Glycated haemoglobin HbA1c levels (UKB data field 30750)	other
block464	MST1	ENSG00000173531	ef4f2c008350857e26f73f175c107106	UKB_PPP_EUR_MST1_P26927_OID30713_v1	rs137950269	3	48952618	False	8361b6337b6120af70fca3f5e6959da7	GCST90475511	rs141260127	3	49336817	0.004465135671202377	0.9955348643287976	0.17647140778686723	COLOC_PIP_ECAVIAR	3	monocyte (fraction, mean, inv-norm transformed)	other
block464	MST1	ENSG00000173531	71119c77722894a2f558f9a2edbd6ae8	UKB_PPP_EUR_MST1_P26927_OID30713_v1	rs2291903	3	47676136	False	1d6286284726c263e5b10f14a8f6075f	GCST90692934	rs73083150	3	47658640	0.0046028390296692645	0.9953971609703307	0.1767579922049844	COLOC_PIP_ECAVIAR	1	High light scatter reticulocyte percentage (UKB data field 30290)	other
block464	MST1	ENSG00000173531	4d449daa04671711484d846762c348fe	UKB_PPP_EUR_MST1_P26927_OID30713_v1	rs9858428	3	49840152	False	8d5354d62ad248df2beda5fea730eebb	GCST90475232	rs73079018	3	49837894	0.005171531938198459	0.9948284680618016	0.1477340227047686	COLOC_PIP_ECAVIAR	3	creatinine (minimum, inv-norm transformed)	other
block464	MST1	ENSG00000173531	71119c77722894a2f558f9a2edbd6ae8	UKB_PPP_EUR_MST1_P26927_OID30713_v1	rs2291903	3	47676136	False	a7c729a01d3efdbf9c9df78df1effee8	GCST90692711	rs73083150	3	47658640	0.005243099547255649	0.9947569004527443	0.15929113216116983	COLOC_PIP_ECAVIAR	1	High light scatter reticulocyte count (UKB data field 30300)	other
block464	MST1	ENSG00000173531	5bcbce6f6543787296544e4e0db6aa80	UKB_PPP_EUR_MST1_P26927_OID30713_v1	rs140225710	3	47085858	False	2f2ac15bce3561115ee19af4c8a6bbc8	GCST90618391	rs141453045	3	47305681	0.005423481650354374	0.9945765183496457	0.1501273061581099	COLOC_PIP_ECAVIAR	1	Lutropin-choriogonadotropic hormone receptor protein level	other
block464	MST1	ENSG00000173531	4d449daa04671711484d846762c348fe	UKB_PPP_EUR_MST1_P26927_OID30713_v1	rs9858428	3	49840152	False	811f037575cdc93a5a8f8238014f1b2e	GCST90475229	rs73079018	3	49837894	0.005836962013601459	0.9941630379863985	0.13298910192383817	COLOC_PIP_ECAVIAR	3	creatinine (mean, inv-norm transformed)	other
block464	MST1	ENSG00000173531	9fbee1f5c8afd1478ddf9279e8ced804	UKB_PPP_EUR_MST1_P26927_OID30713_v1	rs116643069	3	49706279	False	040f19cfdc32db2c6b4ee36f642cfa77	GCST90497106	rs115549790	3	49738134	0.005893495846401018	0.9941065041535989	0.1334282696359352	COLOC_PIP_ECAVIAR	2	Albumin levels	other
block464	MST1	ENSG00000173531	bb93c66cb4822bf54d74c9940b434f28	UKB_PPP_EUR_MST1_P26927_OID30713_v1	rs11717033	3	47126729	False	cda5783533c93ffb43621eaf4cbd1088	GCST90002385	rs112611988	3	47311535	0.006654683746571911	0.993345316253428	0.12482524699762855	COLOC_PIP_ECAVIAR	1	High light scatter reticulocyte count	other
block464	MST1	ENSG00000173531	f83c3130cde573fb8c85242bc83b435a	UKB_PPP_EUR_MST1_P26927_OID30713_v1	rs72094481	3	50329448	False	bde310ecb893186b3fb65cc38f41e842	GCST90566749	rs2298952	3	50249521	0.006889687808402065	0.9931103121915978	0.12022917961039419	COLOC_PIP_ECAVIAR	1	Estimated glomerular filtration rate based on creatinine and cystatin C in healthy individuals	other
block464	MST1	ENSG00000173531	dea4d9f4111bb59f4099126cbd808159	UKB_PPP_EUR_MST1_P26927_OID30713_v1	rs62262721	3	49731494	False	c11ad5d977667a7070eb243ddcc24443	GCST90267285	rs76037525	3	48886757	0.006947326064176172	0.9930526739358239	0.11576411911363238	COLOC_PIP_ECAVIAR	1	Height (weighted GWA)	other
block464	MST1	ENSG00000173531	f83c3130cde573fb8c85242bc83b435a	UKB_PPP_EUR_MST1_P26927_OID30713_v1	rs72094481	3	50329448	False	f8bae1e46521f019a39f2d51bad372a0	GCST90566731	rs2298952	3	50249521	0.00716441892788249	0.9928355810721174	0.11589592844771186	COLOC_PIP_ECAVIAR	1	Estimated glomerular filtration rate based on creatinine and cystatin C in bottom 98% of individuals by creatinine levels	other
block464	MST1	ENSG00000173531	ef4f2c008350857e26f73f175c107106	UKB_PPP_EUR_MST1_P26927_OID30713_v1	rs137950269	3	48952618	False	95516feced54129cc52cd24f1a53ac0e	GCST90475514	rs182552329	3	48913932	0.007275812036273872	0.9927241879637262	0.1128665449988382	COLOC_PIP_ECAVIAR	3	monocyte (fraction, minimum, inv-norm transformed)	other
block464	MST1	ENSG00000173531	9fbee1f5c8afd1478ddf9279e8ced804	UKB_PPP_EUR_MST1_P26927_OID30713_v1	rs116643069	3	49706279	False	563e183835b33bd3eb38c043171e5bbf	GCST90475106	rs115549790	3	49738134	0.007370864130376506	0.9926291358696235	0.10952586349915179	COLOC_PIP_ECAVIAR	2	Albumin (minimum, inv-norm transformed)	other
block464	MST1	ENSG00000173531	9fbee1f5c8afd1478ddf9279e8ced804	UKB_PPP_EUR_MST1_P26927_OID30713_v1	rs116643069	3	49706279	False	592be8f69337fdf93b89a0fd3261e1c2	GCST90497109	rs139928512	3	49584716	0.007399141419036947	0.992600858580963	0.10944643230102297	COLOC_PIP_ECAVIAR	2	Albumin levels	other
block464	MST1	ENSG00000173531	e2d66bb49fddec506d3eeee04083711f	UKB_PPP_EUR_MST1_P26927_OID30713_v1	rs71278637	3	49754596	False	996247c313fe015142c30529cb5ba06f	GCST90002406	rs35620248	3	49700521	0.007413979502178444	0.9925860204978215	0.11280094487523594	COLOC_PIP_ECAVIAR	2	Reticulocyte fraction of red cells	other
block464	MST1	ENSG00000173531	f83c3130cde573fb8c85242bc83b435a	UKB_PPP_EUR_MST1_P26927_OID30713_v1	rs72094481	3	50329448	False	fe175191725ca1177ecde23a1694ac43	GCST90566737	rs2298952	3	50249521	0.007505647869282242	0.9924943521307177	0.11125570486091935	COLOC_PIP_ECAVIAR	1	Estimated glomerular filtration rate based on creatinine and cystatin C in bottom 99% of individuals by creatinine levels	other
block464	MST1	ENSG00000173531	9fbee1f5c8afd1478ddf9279e8ced804	UKB_PPP_EUR_MST1_P26927_OID30713_v1	rs116643069	3	49706279	False	dbe4333d2cab6c9256dfe487dd8931dd	GCST90501097	rs139928512	3	49584716	0.0075555514765539445	0.992444448523446	0.107788741680862	COLOC_PIP_ECAVIAR	2	Albumin levels	other
block464	MST1	ENSG00000173531	f83c3130cde573fb8c85242bc83b435a	UKB_PPP_EUR_MST1_P26927_OID30713_v1	rs72094481	3	50329448	False	2896cd8de212bafa01582c62d340be3b	GCST90566725	rs2298952	3	50249521	0.007611681415776824	0.9923883185842233	0.10961543082600841	COLOC_PIP_ECAVIAR	1	Estimated glomerular filtration rate based on creatinine and cystatin C in bottom 90% of individuals by creatinine levels	other
block464	MST1	ENSG00000173531	f83c3130cde573fb8c85242bc83b435a	UKB_PPP_EUR_MST1_P26927_OID30713_v1	rs72094481	3	50329448	False	40b2afa3a48c1906691aa5f4f841213b	GCST90566750	rs2298952	3	50249521	0.007672845870429218	0.9923271541295707	0.10907213043435333	COLOC_PIP_ECAVIAR	1	Estimated glomerular filtration rate based on cystatin C in healthy individuals	other
block464	MST1	ENSG00000173531	c9467a045dcbae1d0bf1db4d7ef398f5	UKB_PPP_EUR_MST1_P26927_OID30713_v1	rs9879725	3	50972004	False	f7e4020661679ad69265d851bb3a9f33	GCST90101095	rs9869826	3	50961385	0.007704046352756811	0.9922959536472431	0.1080884880333421	COLOC_PIP_ECAVIAR	2	Hepatocyte growth factor-like protein levels	other
block464	MST1	ENSG00000173531	ef4f2c008350857e26f73f175c107106	UKB_PPP_EUR_MST1_P26927_OID30713_v1	rs137950269	3	48952618	False	ff4f936c0452988176c6ae6d18f1d10b	GCST90475511	rs182552329	3	48913932	0.007826396845574577	0.9921736031544255	0.10702912968618461	COLOC_PIP_ECAVIAR	4	monocyte (fraction, mean, inv-norm transformed)	other
block464	MST1	ENSG00000173531	e2d66bb49fddec506d3eeee04083711f	UKB_PPP_EUR_MST1_P26927_OID30713_v1	rs71278637	3	49754596	False	7a34e72d2a6cfa468d48711db97a493d	GCST90002404	rs34071734	3	49387571	0.007876641153354638	0.9921233588466454	0.10662335475716445	COLOC_PIP_ECAVIAR	2	Red cell distribution width	other
block464	MST1	ENSG00000173531	f83c3130cde573fb8c85242bc83b435a	UKB_PPP_EUR_MST1_P26927_OID30713_v1	rs72094481	3	50329448	False	1082c0f2ed520c81e9edf743903fb8e8	GCST90566746	rs2298952	3	50249521	0.007885948411985184	0.9921140515880147	0.10619026305631504	COLOC_PIP_ECAVIAR	1	Cystatin C levels in healthy individuals	other
block464	MST1	ENSG00000173531	e2d66bb49fddec506d3eeee04083711f	UKB_PPP_EUR_MST1_P26927_OID30713_v1	rs71278637	3	49754596	False	bb2e51bb90ff715bd6b807defeee8fe6	GCST90002386	rs35620248	3	49700521	0.00791465456775127	0.9920853454322488	0.10782927011728297	COLOC_PIP_ECAVIAR	2	High light scatter reticulocyte percentage of red cells	other
block464	MST1	ENSG00000173531	e2d66bb49fddec506d3eeee04083711f	UKB_PPP_EUR_MST1_P26927_OID30713_v1	rs71278637	3	49754596	False	0bcb6921a1c32a4bf5d295e8b9f5d6ea	GCST90002385	rs35620248	3	49700521	0.008035358815130934	0.9919646411848692	0.10517129848063049	COLOC_PIP_ECAVIAR	2	High light scatter reticulocyte count	other
block464	MST1	ENSG00000173531	4d449daa04671711484d846762c348fe	UKB_PPP_EUR_MST1_P26927_OID30713_v1	rs9858428	3	49840152	False	318d354a7c2f243b10cc4c456a5a9ac4	GCST90691813	rs11710905	3	49614101	0.008066559755634637	0.9919334402443654	0.09971619557402688	COLOC_PIP_ECAVIAR	4	Mean corpuscular volume (UKB data field 30040)	other
block464	MST1	ENSG00000173531	4d449daa04671711484d846762c348fe	UKB_PPP_EUR_MST1_P26927_OID30713_v1	rs9858428	3	49840152	False	a02c10fd0010bd564994c5047bfd049d	GCST90474369	rs9858428	3	49840152	0.008195157160703206	0.9918048428392968	0.09831884036823911	COLOC_PIP_ECAVIAR	4	Glycated haemoglobin (HbA1c) levels (UKB data field 30750)	other
block464	MST1	ENSG00000173531	9fbee1f5c8afd1478ddf9279e8ced804	UKB_PPP_EUR_MST1_P26927_OID30713_v1	rs116643069	3	49706279	False	de35d3c01b8c14f743e37bde53ad0ab6	GCST90475103	rs115549790	3	49738134	0.00840639841510484	0.9915936015848953	0.09775753404507814	COLOC_PIP_ECAVIAR	2	Albumin (mean, inv-norm transformed)	other
block464	MST1	ENSG00000173531	98b406df157f8dc17c0448097db6d4db	UKB_PPP_EUR_MST1_P26927_OID30713_v1	rs142690032	3	49684379	False	aaa583afc66a5b7df3cde8e86dff4028	GCST90267284	rs11711300	3	49349857	0.00855353320836765	0.9914464667916323	0.09881894236306538	COLOC_PIP_ECAVIAR	1	Height (standard GWA)	other
block464	MST1	ENSG00000173531	9fbee1f5c8afd1478ddf9279e8ced804	UKB_PPP_EUR_MST1_P26927_OID30713_v1	rs116643069	3	49706279	False	a83a09e86ab2ff4bd81b4412c0399d5b	GCST90435144	rs139928512	3	49584716	0.008575520920187624	0.9914244790798125	0.09591749509293185	COLOC_PIP_ECAVIAR	2	Telomere length (principal component 1)	other
block464	MST1	ENSG00000173531	4b8de244ef30c1311f051b6aee470591	UKB_PPP_EUR_MST1_P26927_OID30713_v1	rs73082910	3	50331524	False	8d9790efe0e6a7c638e153d733736ad7	GCST90692926	rs186467474	3	50236023	0.008771436362670712	0.9912285636373293	0.09847532182448909	COLOC_PIP_ECAVIAR	1	Platelet crit (UKB data field 30090)	other
block464	MST1	ENSG00000173531	e2d66bb49fddec506d3eeee04083711f	UKB_PPP_EUR_MST1_P26927_OID30713_v1	rs71278637	3	49754596	False	a1f8a8b2da5f5cbb9e88bfbe0debf420	GCST90002405	rs35620248	3	49700521	0.009001432582037958	0.9909985674179621	0.09801325273055199	COLOC_PIP_ECAVIAR	2	Reticulocyte count	other
block464	MST1	ENSG00000173531	4d449daa04671711484d846762c348fe	UKB_PPP_EUR_MST1_P26927_OID30713_v1	rs9858428	3	49840152	False	28ef5ae198154794db139ef6c6fd9c4f	GCST90257051	rs2236974	3	50437143	0.009044515761690252	0.9909554842383098	0.09092338666686442	COLOC_PIP_ECAVIAR	3	Neutrophil perturbation response (neutrophil 2/neutrophil 4 ratio at baseline measured by WDF dye)	other
block464	MST1	ENSG00000173531	9fbee1f5c8afd1478ddf9279e8ced804	UKB_PPP_EUR_MST1_P26927_OID30713_v1	rs116643069	3	49706279	False	12567d1834e73432c35305c3d9367e03	GCST90691565	rs139853420	3	50579107	0.00906864172300695	0.9909313582769931	0.0909846571814599	COLOC_PIP_ECAVIAR	2	Alkaline phosphatase levels	other
block464	MST1	ENSG00000173531	ef4f2c008350857e26f73f175c107106	UKB_PPP_EUR_MST1_P26927_OID30713_v1	rs137950269	3	48952618	False	cf06a4803cf570aa4abfb9d34393d2f4	GCST90243985	rs182552329	3	48913932	0.009236978695728666	0.9907630213042713	0.09206104478677342	COLOC_PIP_ECAVIAR	4	Smoking initiation	other
block464	MST1	ENSG00000173531	4d449daa04671711484d846762c348fe	UKB_PPP_EUR_MST1_P26927_OID30713_v1	rs9858428	3	49840152	False	5e9620d1bd453f2cbcc99c9cca23041c	GCST90692922	rs11710905	3	49614101	0.00934824729454357	0.9906517527054564	0.08799026863767735	COLOC_PIP_ECAVIAR	4	Mean corpuscular volume (UKB data field 30040)	other
block464	MST1	ENSG00000173531	f451b7e6fa1fee972ee426bbbc429a6b	UKB_PPP_EUR_MST1_P26927_OID30713_v1	rs35441946	3	49858279	False	8361b6337b6120af70fca3f5e6959da7	GCST90475511	rs141260127	3	49336817	0.00970590613828015	0.9902940938617198	0.0886009650722578	COLOC_PIP_ECAVIAR	1	monocyte (fraction, mean, inv-norm transformed)	other
block464	MST1	ENSG00000173531	71119c77722894a2f558f9a2edbd6ae8	UKB_PPP_EUR_MST1_P26927_OID30713_v1	rs2291903	3	47676136	False	86298efc9637f47cfdc6c0f3a1da3a78	GCST90691835	rs73083150	3	47658640	0.010394373519743861	0.9896056264802562	0.08692551724950137	COLOC_PIP_ECAVIAR	1	High light scatter reticulocyte count (UKB data field 30300)	other
block464	MST1	ENSG00000173531	e2d66bb49fddec506d3eeee04083711f	UKB_PPP_EUR_MST1_P26927_OID30713_v1	rs71278637	3	49754596	False	e38a5d316c77edea2dbbd8e9a8e7eebd	GCST90000063	rs35620248	3	49700521	0.011266869688011619	0.9887331303119884	0.07670915693491488	COLOC_PIP_ECAVIAR	2	Diastolic blood pressure	other
block464	MST1	ENSG00000173531	f451b7e6fa1fee972ee426bbbc429a6b	UKB_PPP_EUR_MST1_P26927_OID30713_v1	rs35441946	3	49858279	False	c86082938c766dbb37192c7f65fdd2e1	GCST90692927	rs4395393	3	49891181	0.011425245217481925	0.9885747547825181	0.07367854791593134	COLOC_PIP_ECAVIAR	1	Platelet distribution width (UKB data field 30110)	other
block464	MST1	ENSG00000173531	4d449daa04671711484d846762c348fe	UKB_PPP_EUR_MST1_P26927_OID30713_v1	rs9858428	3	49840152	False	dc8fa881d2a64c15c9800ff67ea95ec1	GCST90002405	rs112101327	3	49776393	0.011640638084612761	0.9883593619153872	0.07153565205380615	COLOC_PIP_ECAVIAR	4	Reticulocyte count	other
block464	MST1	ENSG00000173531	e2d66bb49fddec506d3eeee04083711f	UKB_PPP_EUR_MST1_P26927_OID30713_v1	rs71278637	3	49754596	False	a349d4c71978f22eb59ba66fd39a95fe	GCST90000059	rs35620248	3	49700521	0.011702446770763014	0.988297553229237	0.07618483056445405	COLOC_PIP_ECAVIAR	2	Diastolic blood pressure	other
block464	MST1	ENSG00000173531	e2d66bb49fddec506d3eeee04083711f	UKB_PPP_EUR_MST1_P26927_OID30713_v1	rs71278637	3	49754596	False	8b580f89984a30ddba7cee526c970aea	GCST90000066	rs35620248	3	49700521	0.011780758823746223	0.9882192411762538	0.07462100337003867	COLOC_PIP_ECAVIAR	2	Systolic blood pressure	other
block464	MST1	ENSG00000173531	e2d66bb49fddec506d3eeee04083711f	UKB_PPP_EUR_MST1_P26927_OID30713_v1	rs71278637	3	49754596	False	53571eabbada80557a9aca29590550e1	GCST90000062	rs35620248	3	49700521	0.011809944553174837	0.9881900554468251	0.07393992464983014	COLOC_PIP_ECAVIAR	2	Systolic blood pressure	other
block464	MST1	ENSG00000173531	292d40453f2fbca2dde3bf82db972a49	UKB_PPP_EUR_MST1_P26927_OID30713_v1	rs182599282	3	47811426	False	ccdab221cfec7ca9c37620b6aebb2578	GCST90302890	rs139128804	3	47943545	0.011863285205909893	0.98813671479409	0.07352422586529715	COLOC_PIP_ECAVIAR	1	Height	other
block464	MST1	ENSG00000173531	4b8de244ef30c1311f051b6aee470591	UKB_PPP_EUR_MST1_P26927_OID30713_v1	rs73082910	3	50331524	False	1dbbf7a23e9764cb213eef703d236cb8	GCST90691818	rs186467474	3	50236023	0.01187363339969289	0.9881263666003071	0.07335150577354821	COLOC_PIP_ECAVIAR	1	Platelet crit (UKB data field 30090)	other
block464	MST1	ENSG00000173531	71119c77722894a2f558f9a2edbd6ae8	UKB_PPP_EUR_MST1_P26927_OID30713_v1	rs2291903	3	47676136	False	d3d21be856710108cf2a74e4c3c20544	GCST90691834	rs73083150	3	47658640	0.011934341587071169	0.9880656584129288	0.0764260510806063	COLOC_PIP_ECAVIAR	1	High light scatter reticulocyte percentage (UKB data field 30290)	other
block464	MST1	ENSG00000173531	e2d66bb49fddec506d3eeee04083711f	UKB_PPP_EUR_MST1_P26927_OID30713_v1	rs71278637	3	49754596	False	1540e4cb4b5e61368762fafda804357d	GCST90248251	rs13100791	3	49603616	0.012133426911763986	0.987866573088236	0.07154983419095208	COLOC_PIP_ECAVIAR	2	Lutropin-choriogonadotropic hormone receptor levels	other
block464	MST1	ENSG00000173531	e2d66bb49fddec506d3eeee04083711f	UKB_PPP_EUR_MST1_P26927_OID30713_v1	rs71278637	3	49754596	False	39457e2666eead80df556be12461681b	FINNGEN_R12_I9_HYPTENSESS	rs140746667	3	49696771	0.012284995036907746	0.9877150049630923	0.07234844648224692	COLOC_PIP_ECAVIAR	2	Hypertension, essential	other
block464	MST1	ENSG00000173531	f83c3130cde573fb8c85242bc83b435a	UKB_PPP_EUR_MST1_P26927_OID30713_v1	rs72094481	3	50329448	False	32e8403e6b17718472845dd190e4d51c	GCST90134330	rs1540293	3	50426504	0.013765240079078908	0.9862347599209211	0.06358932284977468	COLOC_PIP_ECAVIAR	1	Attention deficit hyperactivity disorder or autism spectrum disorder or intelligence (pleiotropy)	other
block464	MST1	ENSG00000173531	e2d66bb49fddec506d3eeee04083711f	UKB_PPP_EUR_MST1_P26927_OID30713_v1	rs71278637	3	49754596	False	e13ce715e7840afacacc275c29464d29	GCST004622	rs35620248	3	49700521	0.013980435542400796	0.9860195644575991	0.06371172944725874	COLOC_PIP_ECAVIAR	2	Reticulocyte count	other
block464	MST1	ENSG00000173531	9fbee1f5c8afd1478ddf9279e8ced804	UKB_PPP_EUR_MST1_P26927_OID30713_v1	rs116643069	3	49706279	False	71e3bcacad6bec09dcd35a073ad43f00	GCST90692776	rs139853420	3	50579107	0.014225118046906182	0.9857748819530938	0.05988507682071517	COLOC_PIP_ECAVIAR	2	Alkaline phosphatase levels	other
block464	MST1	ENSG00000173531	e2d66bb49fddec506d3eeee04083711f	UKB_PPP_EUR_MST1_P26927_OID30713_v1	rs71278637	3	49754596	False	2a04ee6178f0a22860c26970fac571a6	GCST004619	rs35620248	3	49700521	0.014758774132723938	0.985241225867276	0.06009286638904433	COLOC_PIP_ECAVIAR	2	Reticulocyte fraction of red cells	other
block464	MST1	ENSG00000173531	98b406df157f8dc17c0448097db6d4db	UKB_PPP_EUR_MST1_P26927_OID30713_v1	rs142690032	3	49684379	False	b1ea1a7ebd089aa6beb418139de82a93	GCST90267284	rs115475663	3	48869332	0.014770400210197617	0.9852295997898024	0.05973306355215326	COLOC_PIP_ECAVIAR	1	Height (standard GWA)	other
block464	MST1	ENSG00000173531	f83c3130cde573fb8c85242bc83b435a	UKB_PPP_EUR_MST1_P26927_OID30713_v1	rs72094481	3	50329448	False	817de765f087b906ddc754bc7e3035fd	GCST90011875	rs2236974	3	50437143	0.015226392158284618	0.9847736078417154	0.05773370670662935	COLOC_PIP_ECAVIAR	1	Cognitive aspects of educational attainment	other
block464	MST1	ENSG00000173531	4d449daa04671711484d846762c348fe	UKB_PPP_EUR_MST1_P26927_OID30713_v1	rs9858428	3	49840152	False	f49a6cd19598d4df9fe633d000ad4c88	GCST90474344	rs73079018	3	49837894	0.01550847491241337	0.9844915250875866	0.054434425639053964	COLOC_PIP_ECAVIAR	4	Creatinine levels (UKB data field 30700)	other
block464	MST1	ENSG00000173531	b3772139f3934768445ce3c0cee2745c	UKB_PPP_EUR_MST1_P26927_OID30713_v1	rs11130213	3	49674864	False	8d2dc44bf054c9df9906afacecfde07f	GCST90002386	rs9836291	3	49660026	0.015789947820365323	0.9842100521796346	0.05450881574643286	COLOC_PIP_ECAVIAR	3	High light scatter reticulocyte percentage of red cells	other
block464	MST1	ENSG00000173531	b3772139f3934768445ce3c0cee2745c	UKB_PPP_EUR_MST1_P26927_OID30713_v1	rs11130213	3	49674864	False	35604363ae01eef5af51fe500d7aba38	GCST90002385	rs9836291	3	49660026	0.016256361983398637	0.9837436380166014	0.05340914259260246	COLOC_PIP_ECAVIAR	3	High light scatter reticulocyte count	other
block464	MST1	ENSG00000173531	b3772139f3934768445ce3c0cee2745c	UKB_PPP_EUR_MST1_P26927_OID30713_v1	rs11130213	3	49674864	False	bcb641211b8435a51c6cee1d84165406	GCST90691833	rs9836291	3	49660026	0.016686416003898957	0.983313583996101	0.051465186467388485	COLOC_PIP_ECAVIAR	3	Immature reticulocyte fraction (UKB data field 30280)	other
block464	MST1	ENSG00000173531	b3772139f3934768445ce3c0cee2745c	UKB_PPP_EUR_MST1_P26927_OID30713_v1	rs11130213	3	49674864	False	868dc511a7e54742503c5d6a4f781376	GCST90002334	rs9837520	3	49684923	0.01692281279368486	0.9830771872063152	0.05075479347405048	COLOC_PIP_ECAVIAR	3	Mean corpuscular volume	other
block464	MST1	ENSG00000173531	b3772139f3934768445ce3c0cee2745c	UKB_PPP_EUR_MST1_P26927_OID30713_v1	rs11130213	3	49674864	False	fb0ef8fc53429271097275060638676f	GCST90002387	rs9882740	3	49665051	0.017607697082005425	0.9823923029179945	0.048852002920893235	COLOC_PIP_ECAVIAR	3	Immature fraction of reticulocytes	other
block464	MST1	ENSG00000173531	b3772139f3934768445ce3c0cee2745c	UKB_PPP_EUR_MST1_P26927_OID30713_v1	rs11130213	3	49674864	False	1e1233727dafe4300a2e4b2e66b90aef	GCST90002406	rs9836291	3	49660026	0.018052314338851246	0.9819476856611487	0.04786821379385045	COLOC_PIP_ECAVIAR	3	Reticulocyte fraction of red cells	other
block464	MST1	ENSG00000173531	b3772139f3934768445ce3c0cee2745c	UKB_PPP_EUR_MST1_P26927_OID30713_v1	rs11130213	3	49674864	False	07f6c975d40e9c8c832edba65e25aafe	GCST90002405	rs9836291	3	49660026	0.018084286569206312	0.9819157134307938	0.047811471088091785	COLOC_PIP_ECAVIAR	3	Reticulocyte count	other
block464	MST1	ENSG00000173531	b3772139f3934768445ce3c0cee2745c	UKB_PPP_EUR_MST1_P26927_OID30713_v1	rs11130213	3	49674864	False	48ba0d3928c440dbe22aba523ebeca49	GCST90691834	rs9836291	3	49660026	0.018287676308769485	0.9817123236912305	0.048004817806237096	COLOC_PIP_ECAVIAR	3	High light scatter reticulocyte percentage (UKB data field 30290)	other
block464	MST1	ENSG00000173531	b3772139f3934768445ce3c0cee2745c	UKB_PPP_EUR_MST1_P26927_OID30713_v1	rs11130213	3	49674864	False	02805ac4f3dd6bd45958c77b9d5b0bc6	GCST90691839	rs66906465	3	49673081	0.018357034967251894	0.981642965032748	0.04796098537954455	COLOC_PIP_ECAVIAR	3	Forced vital capacity (FVC) (UKB data field 3062)	other
block464	MST1	ENSG00000173531	b3772139f3934768445ce3c0cee2745c	UKB_PPP_EUR_MST1_P26927_OID30713_v1	rs11130213	3	49674864	False	7da7548f16ead230a9b0f32bbded94e5	GCST90692933	rs9836291	3	49660026	0.01844645595834377	0.9815535440416563	0.04681795800370293	COLOC_PIP_ECAVIAR	3	Immature reticulocyte fraction (UKB data field 30280)	other
block464	MST1	ENSG00000173531	5bcbce6f6543787296544e4e0db6aa80	UKB_PPP_EUR_MST1_P26927_OID30713_v1	rs140225710	3	47085858	False	3e6a10bf7386ffa33ef621fdfe53f0c2	GCST90610447	rs141179399	3	47094094	0.018644232436787665	0.9813557675632124	0.04755762099334069	COLOC_PIP_ECAVIAR	1	N-acetylated-alpha-linked acidic dipeptidase-like protein protein level	other
block464	MST1	ENSG00000173531	5bcbce6f6543787296544e4e0db6aa80	UKB_PPP_EUR_MST1_P26927_OID30713_v1	rs140225710	3	47085858	False	7af9df9b74dd4747493fbcee0aebe2e9	GCST90610447	rs117035025	3	47507871	0.018645002619818447	0.9813549973801815	0.04760850122578596	COLOC_PIP_ECAVIAR	1	N-acetylated-alpha-linked acidic dipeptidase-like protein protein level	other
block464	MST1	ENSG00000173531	b3772139f3934768445ce3c0cee2745c	UKB_PPP_EUR_MST1_P26927_OID30713_v1	rs11130213	3	49674864	False	4721c04b341182bc4358e3949b911e45	GCST90691830	rs3197999	3	49684099	0.018970217055632312	0.9810297829443676	0.045527435188685544	COLOC_PIP_ECAVIAR	3	Reticulocyte count (UKB data field 30250)	other
block464	MST1	ENSG00000173531	c9467a045dcbae1d0bf1db4d7ef398f5	UKB_PPP_EUR_MST1_P26927_OID30713_v1	rs9879725	3	50972004	False	b4fe06a0b5d836c2f543f9113fa9baad	GCST90475523	rs11716837	3	51124512	0.019463047508513187	0.9805369524914868	0.04542160564232363	COLOC_PIP_ECAVIAR	2	mean platelet volume (MPV, minimum, inv-norm transformed)	other
block464	MST1	ENSG00000173531	4d449daa04671711484d846762c348fe	UKB_PPP_EUR_MST1_P26927_OID30713_v1	rs9858428	3	49840152	False	1386999df60247904cdba26e9052c262	GCST90013979	rs111353936	3	49438465	0.02009537267812012	0.9799046273218799	0.042844268886096694	COLOC_PIP_ECAVIAR	4	Mean corpuscular volume (UKB data field 30040)	other
block464	MST1	ENSG00000173531	6f772786d32751f688c9d7ab602cc35a	UKB_PPP_EUR_MST1_P26927_OID30713_v1	rs587725514	3	50381738	False	41febc08faa8ec0ed982cb7a5df55137	GCST007841	rs71583822	3	50253323	0.020465704466280012	0.97953429553372	0.043549322183504394	COLOC_PIP_ECAVIAR	1	Height	other
block464	MST1	ENSG00000173531	b3772139f3934768445ce3c0cee2745c	UKB_PPP_EUR_MST1_P26927_OID30713_v1	rs11130213	3	49674864	False	cab793c299ac235515c687566867be41	GCST90692767	rs9836291	3	49660026	0.020679290083289503	0.9793207099167105	0.0418847104322284	COLOC_PIP_ECAVIAR	3	Reticulocyte count (UKB data field 30250)	other
block464	MST1	ENSG00000173531	b3772139f3934768445ce3c0cee2745c	UKB_PPP_EUR_MST1_P26927_OID30713_v1	rs11130213	3	49674864	False	00208abcaccee40724e4bddcf7e9ca52	GCST90475372	rs9837520	3	49684923	0.020886819412782448	0.9791131805872175	0.041644087953838865	COLOC_PIP_ECAVIAR	2	hemoglobin (maximum, inv-norm transformed)	other
block464	MST1	ENSG00000173531	b3772139f3934768445ce3c0cee2745c	UKB_PPP_EUR_MST1_P26927_OID30713_v1	rs11130213	3	49674864	False	c42511dad851f36179e1a9611601eefb	GCST90692552	rs2172252	3	49640874	0.021089946458755244	0.9789100535412447	0.041034233234793	COLOC_PIP_ECAVIAR	3	Qualifications - None of the above (UKB data field 6138)	other
block464	MST1	ENSG00000173531	bb93c66cb4822bf54d74c9940b434f28	UKB_PPP_EUR_MST1_P26927_OID30713_v1	rs11717033	3	47126729	False	a33c027de2a9f4764427f7819dc4d48d	GCST90002386	rs112611988	3	47311535	0.021174956340032004	0.978825043659968	0.04333246430643161	COLOC_PIP_ECAVIAR	1	High light scatter reticulocyte percentage of red cells	other
block464	MST1	ENSG00000173531	b3772139f3934768445ce3c0cee2745c	UKB_PPP_EUR_MST1_P26927_OID30713_v1	rs11130213	3	49674864	False	b4bf33c4b5eb4cb5498985a035ca1823	GCST90002392	rs13085791	3	49684365	0.021304788440180734	0.9786952115598193	0.04092569757784069	COLOC_PIP_ECAVIAR	3	Mean corpuscular volume	other
block464	MST1	ENSG00000173531	b3772139f3934768445ce3c0cee2745c	UKB_PPP_EUR_MST1_P26927_OID30713_v1	rs11130213	3	49674864	False	b90fb7e39839867b5abaeeffc4f85ebb	FINNGEN_R12_ULCERRECT	rs9823546	3	49668079	0.02134159941452064	0.9786584005854793	0.0405401226968659	COLOC_PIP_ECAVIAR	3	Ulcerative rectosigmoiditis	other
block464	MST1	ENSG00000173531	b3772139f3934768445ce3c0cee2745c	UKB_PPP_EUR_MST1_P26927_OID30713_v1	rs11130213	3	49674864	False	3031481548604881604d74acf8b9d804	GCST004030	rs9858213	3	49694428	0.02180090972532764	0.9781990902746724	0.039836968566180554	COLOC_PIP_ECAVIAR	3	Primary sclerosing cholangitis	other
block464	MST1	ENSG00000173531	b3772139f3934768445ce3c0cee2745c	UKB_PPP_EUR_MST1_P26927_OID30713_v1	rs11130213	3	49674864	False	1a742245b09418bcf23159bdbe1aeb2d	GCST90692679	rs66906465	3	49673081	0.022750192576685983	0.977249807423314	0.03902291272923794	COLOC_PIP_ECAVIAR	3	Forced vital capacity (FVC) (UKB data field 3062)	other
block464	MST1	ENSG00000173531	b3772139f3934768445ce3c0cee2745c	UKB_PPP_EUR_MST1_P26927_OID30713_v1	rs11130213	3	49674864	False	c00ce368c2353927fa2f43ca83da3882	GCST90692934	rs9836291	3	49660026	0.02308662954594253	0.9769133704540575	0.03795071171082668	COLOC_PIP_ECAVIAR	3	High light scatter reticulocyte percentage (UKB data field 30290)	other
block464	MST1	ENSG00000173531	b3772139f3934768445ce3c0cee2745c	UKB_PPP_EUR_MST1_P26927_OID30713_v1	rs11130213	3	49674864	False	fa99ee1eee4b6e8ca4198cf9dfb47e82	GCST90019526	rs66906465	3	49673081	0.02315945559112107	0.976840544408879	0.03740593378912813	COLOC_PIP_ECAVIAR	3	Vitamin D levels	other
block464	MST1	ENSG00000173531	b3772139f3934768445ce3c0cee2745c	UKB_PPP_EUR_MST1_P26927_OID30713_v1	rs11130213	3	49674864	False	2498900f3de85a09f94c1e0b0dfaab7d	GCST90692680	rs6770670	3	49649249	0.02404426656416751	0.9759557334358324	0.03626271833257316	COLOC_PIP_ECAVIAR	3	Forced expiratory volume in 1-second (FEV1) (UKB data field 3063)	other
block464	MST1	ENSG00000173531	b3772139f3934768445ce3c0cee2745c	UKB_PPP_EUR_MST1_P26927_OID30713_v1	rs11130213	3	49674864	False	a4974cb699c050330db9d886bba11341	GCST90002397	rs66906465	3	49673081	0.024257029270251976	0.975742970729748	0.03579089697234924	COLOC_PIP_ECAVIAR	3	Mean spheric corpuscular volume	other
block464	MST1	ENSG00000173531	b3772139f3934768445ce3c0cee2745c	UKB_PPP_EUR_MST1_P26927_OID30713_v1	rs11130213	3	49674864	False	80da70bef2369676a6ab3a11b19d7f3a	GCST90019509	rs9836291	3	49660026	0.02449852971563325	0.9755014702843667	0.035789736158858686	COLOC_PIP_ECAVIAR	3	Glycated hemoglobin levels	other
block464	MST1	ENSG00000173531	b3772139f3934768445ce3c0cee2745c	UKB_PPP_EUR_MST1_P26927_OID30713_v1	rs11130213	3	49674864	False	82db4c6da8036d6d4b1a2b07f5571976	GCST90693043	rs3197999	3	49684099	0.02526315267350358	0.9747368473264963	0.03458046385541363	COLOC_PIP_ECAVIAR	3	Reticulocyte percentage (UKB data field 30240)	other
block464	MST1	ENSG00000173531	b3772139f3934768445ce3c0cee2745c	UKB_PPP_EUR_MST1_P26927_OID30713_v1	rs11130213	3	49674864	False	b13786f6e22a4909576d9ea27e4953e5	GCST90691829	rs3197999	3	49684099	0.025618739920507626	0.9743812600794923	0.03393984188208887	COLOC_PIP_ECAVIAR	3	Reticulocyte percentage (UKB data field 30240)	other
block464	MST1	ENSG00000173531	98b406df157f8dc17c0448097db6d4db	UKB_PPP_EUR_MST1_P26927_OID30713_v1	rs142690032	3	49684379	False	dfdc7c28108c482ee79827944d42257d	GCST90692713	rs11706166	3	48753714	0.026210634190867353	0.9737893658091327	0.03449312357217091	COLOC_PIP_ECAVIAR	1	Standing height (UKB data field 50)	other
block464	MST1	ENSG00000173531	b3772139f3934768445ce3c0cee2745c	UKB_PPP_EUR_MST1_P26927_OID30713_v1	rs11130213	3	49674864	False	96acce2bba6c442db0bdb5539e3b8dd2	FINNGEN_R12_K11_ENERCOLNONINF	rs371314787	3	49672479	0.026491640960793993	0.9735083590392061	0.03288214792627321	COLOC_PIP_ECAVIAR	3	Noninfective enteritis and colitis	other
block464	MST1	ENSG00000173531	b3772139f3934768445ce3c0cee2745c	UKB_PPP_EUR_MST1_P26927_OID30713_v1	rs11130213	3	49674864	False	a404ab42b3ea48aec62e9f2d2c9d9822	FINNGEN_R12_ULCERPROCT	rs3197999	3	49684099	0.0268880605034802	0.9731119394965198	0.032746822383808535	COLOC_PIP_ECAVIAR	3	Ulcerative proctitis	other
block464	MST1	ENSG00000173531	b3772139f3934768445ce3c0cee2745c	UKB_PPP_EUR_MST1_P26927_OID30713_v1	rs11130213	3	49674864	False	73cd9cc692e429da46d05c743acf940d	GCST90613494	rs3197999	3	49684099	0.027287041246573062	0.972712958753427	0.03189087305558113	COLOC_PIP_ECAVIAR	3	Thioredoxin domain-containing protein 12 protein level (X4815.25)	other
block464	MST1	ENSG00000173531	b3772139f3934768445ce3c0cee2745c	UKB_PPP_EUR_MST1_P26927_OID30713_v1	rs11130213	3	49674864	False	b74e1768be6902de69a97f940630a67d	GCST90248124	rs34762726	3	49651777	0.02739561675608791	0.9726043832439121	0.03173441896170248	COLOC_PIP_ECAVIAR	3	Interferon regulatory factor 9 levels	other
block464	MST1	ENSG00000173531	f83c3130cde573fb8c85242bc83b435a	UKB_PPP_EUR_MST1_P26927_OID30713_v1	rs72094481	3	50329448	False	3b1f7f53a078f32471f040cf327fc6e1	GCST90432154	rs9832454	3	50180125	0.02748572152112076	0.9725142784788793	0.03250471368646365	COLOC_PIP_ECAVIAR	1	Basal ganglia structure	other
block464	MST1	ENSG00000173531	98b406df157f8dc17c0448097db6d4db	UKB_PPP_EUR_MST1_P26927_OID30713_v1	rs142690032	3	49684379	False	83bc142cd6db46bb6f8104af613c1e59	GCST90691864	rs142656174	3	49696688	0.028265225214016212	0.9717347747859838	0.031846920205537754	COLOC_PIP_ECAVIAR	1	Standing height (UKB data field 50)	other
block464	MST1	ENSG00000173531	f451b7e6fa1fee972ee426bbbc429a6b	UKB_PPP_EUR_MST1_P26927_OID30713_v1	rs35441946	3	49858279	False	ff4f936c0452988176c6ae6d18f1d10b	GCST90475511	rs182552329	3	48913932	0.028483456515771992	0.971516543484228	0.031020159149793895	COLOC_PIP_ECAVIAR	1	monocyte (fraction, mean, inv-norm transformed)	other
block464	MST1	ENSG00000173531	b3772139f3934768445ce3c0cee2745c	UKB_PPP_EUR_MST1_P26927_OID30713_v1	rs11130213	3	49674864	False	88bf32c4f6ff3ebda620358b50514413	FINNGEN_R12_ULCERILEO	rs9858213	3	49694428	0.028781550383983036	0.9712184496160169	0.030217792513039035	COLOC_PIP_ECAVIAR	3	Ulcerative ileocolitis	other
block464	MST1	ENSG00000173531	b3772139f3934768445ce3c0cee2745c	UKB_PPP_EUR_MST1_P26927_OID30713_v1	rs11130213	3	49674864	False	8414a20fd99f836c3f48c79d70bd0fbb	GCST90247498	rs3197999	3	49684099	0.02883858585314845	0.9711614141468514	0.03012627967698573	COLOC_PIP_ECAVIAR	3	Erythrocyte band 7 integral membrane protein levels	other
block464	MST1	ENSG00000173531	b3772139f3934768445ce3c0cee2745c	UKB_PPP_EUR_MST1_P26927_OID30713_v1	rs11130213	3	49674864	False	e49f575b8dabeddcbfc04aa9a65914b3	GCST90309880	rs3197999	3	49684099	0.0299715406734146	0.9700284593265853	0.02905739761230481	COLOC_PIP_ECAVIAR	3	Reticulocyte percentage (UKB data field 30240)	other
block464	MST1	ENSG00000173531	b3772139f3934768445ce3c0cee2745c	UKB_PPP_EUR_MST1_P26927_OID30713_v1	rs11130213	3	49674864	False	59fed035bee7a9c06ce1ce721935c9a9	GCST006670	rs3197999	3	49684099	0.030173410414056055	0.969826589585944	0.028824865164906406	COLOC_PIP_ECAVIAR	3	Primary sclerosing cholangitis	other
block464	MST1	ENSG00000173531	b3772139f3934768445ce3c0cee2745c	UKB_PPP_EUR_MST1_P26927_OID30713_v1	rs11130213	3	49674864	False	e76de2ab4b643b02e331a89d95e31873	GCST90662903	rs9837341	3	49627334	0.03022528575430096	0.9697747142456989	0.028743420850316323	COLOC_PIP_ECAVIAR	3	Hemoglobin levels	other
block464	MST1	ENSG00000173531	b3772139f3934768445ce3c0cee2745c	UKB_PPP_EUR_MST1_P26927_OID30713_v1	rs11130213	3	49674864	False	b63ea94ad99f30dfe015d37a3a1c2b68	GCST90499316	rs11709525	3	49653063	0.030358747083678646	0.9696412529163214	0.028625779551440397	COLOC_PIP_ECAVIAR	3	Pyruvate levels (PGS-adjusted)	other
block464	MST1	ENSG00000173531	b3772139f3934768445ce3c0cee2745c	UKB_PPP_EUR_MST1_P26927_OID30713_v1	rs11130213	3	49674864	False	d492b7ca9a04e355671039a518576ea6	FINNGEN_R12_MUCOPROCT	rs13085791	3	49684365	0.030439446842836174	0.9695605531571638	0.028548812329760708	COLOC_PIP_ECAVIAR	3	Mucosal proctocolitis	other
block464	MST1	ENSG00000173531	b3772139f3934768445ce3c0cee2745c	UKB_PPP_EUR_MST1_P26927_OID30713_v1	rs11130213	3	49674864	False	0af097b3290912399a5701effc6c6d38	GCST90249991	rs3197999	3	49684099	0.030869924435305986	0.969130075564694	0.02820586995551643	COLOC_PIP_ECAVIAR	3	Tensin-2 levels	other
block464	MST1	ENSG00000173531	f83c3130cde573fb8c85242bc83b435a	UKB_PPP_EUR_MST1_P26927_OID30713_v1	rs72094481	3	50329448	False	f5d448e0ee3d3f15057d5fd3cec7e9cb	GCST90165318	rs9832454	3	50180125	0.03134615336811569	0.9686538466318843	0.02850112931779365	COLOC_PIP_ECAVIAR	1	Edge-level brain connectivity (multivariate analysis)	other
block464	MST1	ENSG00000173531	b3772139f3934768445ce3c0cee2745c	UKB_PPP_EUR_MST1_P26927_OID30713_v1	rs11130213	3	49674864	False	4e63031198930f4707de98f69c386c02	GCST90610001	rs3197999	3	49684099	0.0315585891551219	0.9684414108448782	0.02755558279198473	COLOC_PIP_ECAVIAR	1	Lutropin-choriogonadotropic hormone receptor protein level	other
block464	MST1	ENSG00000173531	b3772139f3934768445ce3c0cee2745c	UKB_PPP_EUR_MST1_P26927_OID30713_v1	rs11130213	3	49674864	False	1edd9be15474690948156a7187be4f8c	GCST90662904	rs9837341	3	49627334	0.03163670671165361	0.9683632932883464	0.027470439895225678	COLOC_PIP_ECAVIAR	3	Hematocrit	other
block464	MST1	ENSG00000173531	bb93c66cb4822bf54d74c9940b434f28	UKB_PPP_EUR_MST1_P26927_OID30713_v1	rs11717033	3	47126729	False	3e7a473dee0bee1f8472e747fc115035	GCST90691576	rs112741837	3	47464921	0.03179660945929203	0.968203390540708	0.0287401627805166	COLOC_PIP_ECAVIAR	1	Glycated hemoglobin HbA1c levels	other
block464	MST1	ENSG00000173531	e1c15d8867cd17608ee5e979cc523a87	UKB_PPP_EUR_MST1_P26927_OID30713_v1	rs111812549	3	49356967	False	fd51842c079542c844a70a42f501279e	FINNGEN_R12_M13_ARTHTROSIS_COX_PRIM_HIPSURG	rs112014511	3	49053186	0.03195250799259603	0.968047492007404	0.027156185721063365	COLOC_PIP_ECAVIAR	1	Coxarthrosis, primary, with hip surgery	other
block464	MST1	ENSG00000173531	b3772139f3934768445ce3c0cee2745c	UKB_PPP_EUR_MST1_P26927_OID30713_v1	rs11130213	3	49674864	False	745ee441e9d8c15b2d98913d1ade5b77	GCST90617443	rs3197999	3	49684099	0.032248157976087294	0.9677518420239127	0.027001763018043988	COLOC_PIP_ECAVIAR	3	Tensin-2 protein level	other
block464	MST1	ENSG00000173531	b3772139f3934768445ce3c0cee2745c	UKB_PPP_EUR_MST1_P26927_OID30713_v1	rs11130213	3	49674864	False	928607a8ce54074ce7043966d2ad35db	GCST90566731	rs3197999	3	49684099	0.032258524077906074	0.9677414759220938	0.026941570255052845	COLOC_PIP_ECAVIAR	3	Estimated glomerular filtration rate based on creatinine and cystatin C in bottom 98% of individuals by creatinine levels	other
block464	MST1	ENSG00000173531	b3772139f3934768445ce3c0cee2745c	UKB_PPP_EUR_MST1_P26927_OID30713_v1	rs11130213	3	49674864	False	01b430dbb0aab2994b4be084ed27909a	GCST90566749	rs3197999	3	49684099	0.032324011225902685	0.9676759887740973	0.02686966185626278	COLOC_PIP_ECAVIAR	3	Estimated glomerular filtration rate based on creatinine and cystatin C in healthy individuals	other
block464	MST1	ENSG00000173531	b3772139f3934768445ce3c0cee2745c	UKB_PPP_EUR_MST1_P26927_OID30713_v1	rs11130213	3	49674864	False	d35eb112b52b314d7547f08b7d066ed5	GCST90613817	rs11917431	3	49606579	0.03256098952063215	0.9674390104793679	0.026745609478566915	COLOC_PIP_ECAVIAR	3	Pro-Thyrotropin-releasing hormone protein level	other
block464	MST1	ENSG00000173531	b3772139f3934768445ce3c0cee2745c	UKB_PPP_EUR_MST1_P26927_OID30713_v1	rs11130213	3	49674864	False	741ed246eda7be6968f6bcb36b6ed8d5	GCST90319641	rs9858542	3	49664550	0.03260702874977148	0.9673929712502286	0.026646389021255604	COLOC_PIP_ECAVIAR	1	Serum glycated hemoglobin levels	other
block464	MST1	ENSG00000173531	b3772139f3934768445ce3c0cee2745c	UKB_PPP_EUR_MST1_P26927_OID30713_v1	rs11130213	3	49674864	False	abe10a91e0aff242860fd446a03426ea	GCST90692474	rs9858542	3	49664550	0.032879145060042254	0.9671208549399577	0.026423519652566597	COLOC_PIP_ECAVIAR	3	Qualifications - A levels/AS levels or equivalent (UKB data field 6138)	other
block464	MST1	ENSG00000173531	b3772139f3934768445ce3c0cee2745c	UKB_PPP_EUR_MST1_P26927_OID30713_v1	rs11130213	3	49674864	False	2f6b127a0cdcebb7e5fe45af95de10c5	GCST90566737	rs3197999	3	49684099	0.032927984583712176	0.9670720154162878	0.026416134036565814	COLOC_PIP_ECAVIAR	3	Estimated glomerular filtration rate based on creatinine and cystatin C in bottom 99% of individuals by creatinine levels	other
block464	MST1	ENSG00000173531	b3772139f3934768445ce3c0cee2745c	UKB_PPP_EUR_MST1_P26927_OID30713_v1	rs11130213	3	49674864	False	632855f179e247a33985df3759ce1000	GCST004628	rs7632342	3	49593788	0.03302867444571724	0.9669713255542828	0.026387937271174097	COLOC_PIP_ECAVIAR	3	Immature fraction of reticulocytes	other
block464	MST1	ENSG00000173531	b3772139f3934768445ce3c0cee2745c	UKB_PPP_EUR_MST1_P26927_OID30713_v1	rs11130213	3	49674864	False	3efdb7ea2aacb10314ae266d7980e64a	GCST005141	rs2172252	3	49640874	0.03334654976003337	0.9666534502399666	0.026102834022263023	COLOC_PIP_ECAVIAR	3	Cognitive ability (MTAG)	other
block464	MST1	ENSG00000173531	98b406df157f8dc17c0448097db6d4db	UKB_PPP_EUR_MST1_P26927_OID30713_v1	rs142690032	3	49684379	False	296945e1f2ee2c711b94dc7b6f4c7dd6	GCST90302890	rs142656174	3	49696688	0.03358995744971323	0.9664100425502867	0.02696340076949783	COLOC_PIP_ECAVIAR	1	Height	other
block464	MST1	ENSG00000173531	f83c3130cde573fb8c85242bc83b435a	UKB_PPP_EUR_MST1_P26927_OID30713_v1	rs72094481	3	50329448	False	147c72ca093894af438581eae6a83842	GCST90619025	rs11716820	3	50190883	0.0339215941884375	0.9660784058115626	0.026372112716140178	COLOC_PIP_ECAVIAR	1	3-oxoacyl-[acyl-carrier-protein] synthase, mitochondrial protein level	other
block464	MST1	ENSG00000173531	b3772139f3934768445ce3c0cee2745c	UKB_PPP_EUR_MST1_P26927_OID30713_v1	rs11130213	3	49674864	False	60d7b014614679ac6f77d4c9330d6527	GCST90002404	rs66906465	3	49673081	0.03425359226867453	0.9657464077313256	0.025400797656980712	COLOC_PIP_ECAVIAR	3	Red cell distribution width	other
block464	MST1	ENSG00000173531	b3772139f3934768445ce3c0cee2745c	UKB_PPP_EUR_MST1_P26927_OID30713_v1	rs11130213	3	49674864	False	5c178e5a44126933460ed123ea679ca2	GCST90566725	rs3197999	3	49684099	0.03448046966335949	0.9655195303366405	0.025197376020995997	COLOC_PIP_ECAVIAR	3	Estimated glomerular filtration rate based on creatinine and cystatin C in bottom 90% of individuals by creatinine levels	other
block464	MST1	ENSG00000173531	b3772139f3934768445ce3c0cee2745c	UKB_PPP_EUR_MST1_P26927_OID30713_v1	rs11130213	3	49674864	False	8d0cc008ba7e797ccc483afe3034d1bf	GCST90615357	rs3197999	3	49684099	0.034857581134590476	0.9651424188654096	0.02575960306160256	COLOC_PIP_ECAVIAR	1	Leukocyte cell-derived chemotaxin 1 protein level	other
block464	MST1	ENSG00000173531	b3772139f3934768445ce3c0cee2745c	UKB_PPP_EUR_MST1_P26927_OID30713_v1	rs11130213	3	49674864	False	59d8b4c9a5c90473f365acdd88dccbeb	GCST90101095	rs9858542	3	49664550	0.03511704705070209	0.9648829529492979	0.02503870372558234	COLOC_PIP_ECAVIAR	3	Hepatocyte growth factor-like protein levels	other
block464	MST1	ENSG00000173531	b3772139f3934768445ce3c0cee2745c	UKB_PPP_EUR_MST1_P26927_OID30713_v1	rs11130213	3	49674864	False	3ece122436040df7ce50acaa554b4e0b	GCST90249393	rs13085791	3	49684365	0.03557374261216469	0.9644262573878354	0.024445538392811213	COLOC_PIP_ECAVIAR	3	R-spondin-3 levels	other
block464	MST1	ENSG00000173531	b3772139f3934768445ce3c0cee2745c	UKB_PPP_EUR_MST1_P26927_OID30713_v1	rs11130213	3	49674864	False	d02d400d58b5157b248dc8542906a889	GCST90103484	rs34762726	3	49651777	0.03593950429375326	0.9640604957062467	0.024144959914988783	COLOC_PIP_ECAVIAR	3	ICD10 M54: Dorsalgia	other
block464	MST1	ENSG00000173531	b3772139f3934768445ce3c0cee2745c	UKB_PPP_EUR_MST1_P26927_OID30713_v1	rs11130213	3	49674864	False	a9007d720dfc0b5fb2a70ee7603b6688	GCST90271580	rs3197999	3	49684099	0.03594833421888046	0.9640516657811196	0.02421194635201908	COLOC_PIP_ECAVIAR	3	Primary sclerosing cholangitis (MTAG)	other
block464	MST1	ENSG00000173531	b3772139f3934768445ce3c0cee2745c	UKB_PPP_EUR_MST1_P26927_OID30713_v1	rs11130213	3	49674864	False	946cbfed7d8d95bbbfba000e68898d43	GCST90132315	rs11718165	3	49659364	0.036229167891444015	0.963770832108556	0.024018673354413315	COLOC_PIP_ECAVIAR	3	Coronary artery disease	other
block464	MST1	ENSG00000173531	9fbee1f5c8afd1478ddf9279e8ced804	UKB_PPP_EUR_MST1_P26927_OID30713_v1	rs116643069	3	49706279	False	1bc8188bc9bd811afafe0a226882a938	GCST90319906	rs116238056	3	49783929	0.03721611375095023	0.9627838862490498	0.02333499379242729	COLOC_PIP_ECAVIAR	2	Serum urate levels	other
block464	MST1	ENSG00000173531	f451b7e6fa1fee972ee426bbbc429a6b	UKB_PPP_EUR_MST1_P26927_OID30713_v1	rs35441946	3	49858279	False	0ff258eb97daec44508683a35e70b9ec	GCST90692927	rs201584071	3	49816141	0.03744135741436972	0.9625586425856302	0.023376125321632385	COLOC_PIP_ECAVIAR	1	Platelet distribution width (UKB data field 30110)	other
block464	MST1	ENSG00000173531	b3772139f3934768445ce3c0cee2745c	UKB_PPP_EUR_MST1_P26927_OID30713_v1	rs11130213	3	49674864	False	76cff9ebf7a9f76d59312881072cdf98	GCST000915	rs3197999	3	49684099	0.03753157213589758	0.9624684278641025	0.023161861004925087	COLOC_PIP_ECAVIAR	3	Primary sclerosing cholangitis	other
block464	MST1	ENSG00000173531	b3772139f3934768445ce3c0cee2745c	UKB_PPP_EUR_MST1_P26927_OID30713_v1	rs11130213	3	49674864	False	e786a184bdd7f259ebedd13a3ac7e9fd	GCST90566750	rs3197999	3	49684099	0.03827120872677954	0.9617287912732204	0.022709212839893564	COLOC_PIP_ECAVIAR	3	Estimated glomerular filtration rate based on cystatin C in healthy individuals	other
block464	MST1	ENSG00000173531	b3772139f3934768445ce3c0cee2745c	UKB_PPP_EUR_MST1_P26927_OID30713_v1	rs11130213	3	49674864	False	40cd413d29b42cb10720d79f021aaf91	GCST90476237	rs34465751	3	49452576	0.03827331869307986	0.9617266813069202	0.02268831703917686	COLOC_PIP_ECAVIAR	3	Intervertebral disc disorders (PheCode 722)	other
block464	MST1	ENSG00000173531	b3772139f3934768445ce3c0cee2745c	UKB_PPP_EUR_MST1_P26927_OID30713_v1	rs11130213	3	49674864	False	5497a208dc33d7cc4483851eca2beb5d	GCST90308598	rs11709525	3	49653063	0.03849400876495265	0.9615059912350473	0.022533871907197644	COLOC_PIP_ECAVIAR	3	Forced expiratory volume in 1 second (FEV1)	other
block464	MST1	ENSG00000173531	b3772139f3934768445ce3c0cee2745c	UKB_PPP_EUR_MST1_P26927_OID30713_v1	rs11130213	3	49674864	False	37c32da942584a0a0d7a631ca52db4d6	GCST90566732	rs3197999	3	49684099	0.03890238947265669	0.9610976105273433	0.022352770267878568	COLOC_PIP_ECAVIAR	3	Estimated glomerular filtration rate based on cystatin C in bottom 98% of individuals by creatinine levels	other
block464	MST1	ENSG00000173531	b3772139f3934768445ce3c0cee2745c	UKB_PPP_EUR_MST1_P26927_OID30713_v1	rs11130213	3	49674864	False	239adf93c3f6aac313905c8aab9be34d	GCST90479628	rs1131095	3	49676792	0.03908106680909112	0.9609189331909088	0.022184532551676947	COLOC_PIP_ECAVIAR	3	hematocrit (maximum, inv-norm transformed)	other
block464	MST1	ENSG00000173531	dea4d9f4111bb59f4099126cbd808159	UKB_PPP_EUR_MST1_P26927_OID30713_v1	rs62262721	3	49731494	False	6b2ee05a892144508740ff8b1ff32677	GCST90691753	rs62259533	3	48897187	0.03919024021339329	0.9608097597866068	0.022097288279442222	COLOC_PIP_ECAVIAR	1	Comparative height size at age 10 (UKB data field 1697)	other
block464	MST1	ENSG00000173531	98b406df157f8dc17c0448097db6d4db	UKB_PPP_EUR_MST1_P26927_OID30713_v1	rs142690032	3	49684379	False	715330e67e6352142cf28590551a2cd1	GCST90692806	rs146187328	3	50067287	0.0392580005745006	0.9607419994254995	0.022936659544236116	COLOC_PIP_ECAVIAR	1	Lymphocyte percentage (UKB data field 30180)	other
block464	MST1	ENSG00000173531	b3772139f3934768445ce3c0cee2745c	UKB_PPP_EUR_MST1_P26927_OID30713_v1	rs11130213	3	49674864	False	b1326e7897769c56b7fbf915e0b98035	GCST90566746	rs3197999	3	49684099	0.03932085989476553	0.9606791401052345	0.022068627796462653	COLOC_PIP_ECAVIAR	3	Cystatin C levels in healthy individuals	other
block464	MST1	ENSG00000173531	b3772139f3934768445ce3c0cee2745c	UKB_PPP_EUR_MST1_P26927_OID30713_v1	rs11130213	3	49674864	False	3ac99d9d4785f94b68f137f8854c7c58	GCST90691881	rs13064576	3	49604997	0.0395863700166749	0.9604136299833251	0.02191642037683023	COLOC_PIP_ECAVIAR	3	Age complete full time education (UKB data field 845)	other
block464	MST1	ENSG00000173531	b3772139f3934768445ce3c0cee2745c	UKB_PPP_EUR_MST1_P26927_OID30713_v1	rs11130213	3	49674864	False	67e07c07ade78af9d25331ddc568ca70	GCST90249596	rs9858213	3	49694428	0.039662027357345996	0.9603379726426541	0.021880229349030732	COLOC_PIP_ECAVIAR	3	Sorting nexin-1 levels	other
block464	MST1	ENSG00000173531	b3772139f3934768445ce3c0cee2745c	UKB_PPP_EUR_MST1_P26927_OID30713_v1	rs11130213	3	49674864	False	5cdc7e1229b46e6f35e717ab350d0475	GCST90310160	rs11709525	3	49653063	0.039692358532452135	0.9603076414675479	0.021896673023463584	COLOC_PIP_ECAVIAR	3	Forced expiratory volume in 1 second FEV1 (UKB data field 3063)	other
block464	MST1	ENSG00000173531	4d449daa04671711484d846762c348fe	UKB_PPP_EUR_MST1_P26927_OID30713_v1	rs9858428	3	49840152	False	0aa9864a705f4d0127d9175baeaefb5d	GCST90476365	rs73077200	3	49789554	0.039802739093661756	0.9601972609063382	0.021442254525691526	COLOC_PIP_ECAVIAR	4	red cell diameter width (RDW, minimum, inv-norm transformed)	other
block464	MST1	ENSG00000173531	b3772139f3934768445ce3c0cee2745c	UKB_PPP_EUR_MST1_P26927_OID30713_v1	rs11130213	3	49674864	False	e7d2ac74101fd1c26df21caa82b38eba	GCST90249631	rs3197999	3	49684099	0.04005292836433629	0.9599470716356637	0.02167352341258645	COLOC_PIP_ECAVIAR	3	Serine protease inhibitor Kazal-type 13 levels	other
block464	MST1	ENSG00000173531	b3772139f3934768445ce3c0cee2745c	UKB_PPP_EUR_MST1_P26927_OID30713_v1	rs11130213	3	49674864	False	68ad69c95a28975722206785fd0703e9	GCST90566738	rs3197999	3	49684099	0.040062809574743334	0.9599371904252566	0.021667147638951088	COLOC_PIP_ECAVIAR	3	Estimated glomerular filtration rate based on cystatin C in bottom 99% of individuals by creatinine levels	other
block464	MST1	ENSG00000173531	b3772139f3934768445ce3c0cee2745c	UKB_PPP_EUR_MST1_P26927_OID30713_v1	rs11130213	3	49674864	False	6aa85be4960212d9c3c41ff10bfd7b43	GCST90566728	rs3197999	3	49684099	0.040472195376898654	0.9595278046231014	0.02140561305087873	COLOC_PIP_ECAVIAR	3	Cystatin C levels in bottom 98% of individuals by creatinine levels	other
block464	MST1	ENSG00000173531	b3772139f3934768445ce3c0cee2745c	UKB_PPP_EUR_MST1_P26927_OID30713_v1	rs11130213	3	49674864	False	59093e812cf01ee0b7fc1b87e0ca7f34	GCST90247674	rs3197999	3	49684099	0.041035436699176815	0.9589645633008231	0.02113923182175507	COLOC_PIP_ECAVIAR	3	Galectin-7 levels	other
block464	MST1	ENSG00000173531	9fbee1f5c8afd1478ddf9279e8ced804	UKB_PPP_EUR_MST1_P26927_OID30713_v1	rs116643069	3	49706279	False	af49c1bf6c32478bc7446d9dd1198433	GCST90319627	rs201456363	3	49567301	0.041078424598636414	0.9589215754013636	0.021139411171136713	COLOC_PIP_ECAVIAR	1	Serum albumin levels	other
block464	MST1	ENSG00000173531	b3772139f3934768445ce3c0cee2745c	UKB_PPP_EUR_MST1_P26927_OID30713_v1	rs11130213	3	49674864	False	d440642891cbb05e3891166214740d0f	GCST90613415	rs11917431	3	49606579	0.041300367898920595	0.9586996321010793	0.021066012282595876	COLOC_PIP_ECAVIAR	1	Hepatocyte growth factor-like protein protein level	other
block464	MST1	ENSG00000173531	b3772139f3934768445ce3c0cee2745c	UKB_PPP_EUR_MST1_P26927_OID30713_v1	rs11130213	3	49674864	False	917f7a8b86af3b4c9e918775a7d3368f	GCST90566726	rs3197999	3	49684099	0.041303582719729996	0.95869641728027	0.020975813318845116	COLOC_PIP_ECAVIAR	3	Estimated glomerular filtration rate based on cystatin C in bottom 90% of individuals by creatinine levels	other
block464	MST1	ENSG00000173531	f83c3130cde573fb8c85242bc83b435a	UKB_PPP_EUR_MST1_P26927_OID30713_v1	rs72094481	3	50329448	False	0941a84796582e63f8b8d21190137308	GCST90474369	rs10563378	3	50344617	0.04154235712286501	0.958457642877135	0.02145644448222718	COLOC_PIP_ECAVIAR	1	Glycated haemoglobin (HbA1c) levels (UKB data field 30750)	other
block464	MST1	ENSG00000173531	b3772139f3934768445ce3c0cee2745c	UKB_PPP_EUR_MST1_P26927_OID30713_v1	rs11130213	3	49674864	False	c77cd2e08dff54e98f0a1aad56cc15d3	GCST90566722	rs3197999	3	49684099	0.04216568417017257	0.9578343158298274	0.020546566601019715	COLOC_PIP_ECAVIAR	3	Cystatin C levels in bottom 90% of individuals by creatinine levels	other
block464	MST1	ENSG00000173531	b3772139f3934768445ce3c0cee2745c	UKB_PPP_EUR_MST1_P26927_OID30713_v1	rs11130213	3	49674864	False	8d12dc2a6ae39535a54f3a053ebb2ac0	GCST90566734	rs3197999	3	49684099	0.0425715932184923	0.9574284067815076	0.02039501344658079	COLOC_PIP_ECAVIAR	3	Cystatin C levels in bottom 99% of individuals by creatinine levels	other
block464	MST1	ENSG00000173531	98b406df157f8dc17c0448097db6d4db	UKB_PPP_EUR_MST1_P26927_OID30713_v1	rs142690032	3	49684379	False	57b5296e84de2c03e776731ef6971200	GCST90692806	rs11711300	3	49349857	0.04292817539497052	0.9570718246050295	0.020883637626663117	COLOC_PIP_ECAVIAR	1	Lymphocyte percentage (UKB data field 30180)	other
block464	MST1	ENSG00000173531	98b406df157f8dc17c0448097db6d4db	UKB_PPP_EUR_MST1_P26927_OID30713_v1	rs142690032	3	49684379	False	2140e928a2c8d94383cc755944900f11	GCST90692713	rs71583822	3	50253323	0.04362606171009563	0.9563739382899044	0.02041150738969072	COLOC_PIP_ECAVIAR	1	Standing height (UKB data field 50)	other
block464	MST1	ENSG00000173531	98b406df157f8dc17c0448097db6d4db	UKB_PPP_EUR_MST1_P26927_OID30713_v1	rs142690032	3	49684379	False	e39369efe1e964b5b6907b58137dac2c	GCST90691827	rs139539051	3	49821542	0.04433561223344786	0.9556643877665522	0.020235349312243883	COLOC_PIP_ECAVIAR	1	Neutrophill percentage (UKB data field 30200)	other
block464	MST1	ENSG00000173531	e678ee695571532efb0862d0d6a8ba8c	UKB_PPP_EUR_MST1_P26927_OID30713_v1	rs113465792	3	49578696	False	fd51842c079542c844a70a42f501279e	FINNGEN_R12_M13_ARTHTROSIS_COX_PRIM_HIPSURG	rs112014511	3	49053186	0.04453034639147292	0.9554696536085271	0.0199557442326531	COLOC_PIP_ECAVIAR	1	Coxarthrosis, primary, with hip surgery	other
block464	MST1	ENSG00000173531	b3772139f3934768445ce3c0cee2745c	UKB_PPP_EUR_MST1_P26927_OID30713_v1	rs11130213	3	49674864	False	099c66250d08bc9e5a842845aaf00809	GCST004612	rs9837520	3	49684923	0.04557119868233673	0.9544288013176633	0.019048278530574763	COLOC_PIP_ECAVIAR	3	High light scatter reticulocyte percentage of red cells	other
block464	MST1	ENSG00000173531	b3772139f3934768445ce3c0cee2745c	UKB_PPP_EUR_MST1_P26927_OID30713_v1	rs11130213	3	49674864	False	8c4a9754611602e9b409e1ae3f3fcc9a	GCST90692739	rs11917431	3	49606579	0.045664140673440164	0.9543358593265598	0.018939557653197957	COLOC_PIP_ECAVIAR	3	Age complete full time education (UKB data field 845)	other
block464	MST1	ENSG00000173531	b3772139f3934768445ce3c0cee2745c	UKB_PPP_EUR_MST1_P26927_OID30713_v1	rs11130213	3	49674864	False	f833a75027866e8050a3fc3f636fc41e	GCST90692530	rs3197999	3	49684099	0.04569868638353938	0.9543013136164605	0.01891092288363231	COLOC_PIP_ECAVIAR	3	Cereal type - Muesli (UKB data field 1468)	other
block464	MST1	ENSG00000173531	e2d66bb49fddec506d3eeee04083711f	UKB_PPP_EUR_MST1_P26927_OID30713_v1	rs71278637	3	49754596	False	00d182e5b84962f2cc7a529017e9262d	GCST90692934	rs35620248	3	49700521	0.04600594257698568	0.9539940574230144	0.020267133636259003	COLOC_PIP_ECAVIAR	1	High light scatter reticulocyte percentage (UKB data field 30290)	other
block464	MST1	ENSG00000173531	b3772139f3934768445ce3c0cee2745c	UKB_PPP_EUR_MST1_P26927_OID30713_v1	rs11130213	3	49674864	False	8fa165968d6310ec05dcfddcbf0721bf	GCST004619	rs9837520	3	49684923	0.04655538287754763	0.9534446171224523	0.0187355375094336	COLOC_PIP_ECAVIAR	3	Reticulocyte fraction of red cells	other
block464	MST1	ENSG00000173531	98b406df157f8dc17c0448097db6d4db	UKB_PPP_EUR_MST1_P26927_OID30713_v1	rs142690032	3	49684379	False	7c5960178a78f84f8a70fbcdf8fc3e59	GCST90475300	rs116780602	3	48795824	0.04717512592902103	0.952824874070979	0.01894307842626155	COLOC_PIP_ECAVIAR	1	eosinophil (fraction, mean, inv-norm transformed)	other
block464	MST1	ENSG00000173531	b3772139f3934768445ce3c0cee2745c	UKB_PPP_EUR_MST1_P26927_OID30713_v1	rs11130213	3	49674864	False	5b1ac35dc4bdae409aa4872aca2be099	GCST90691881	rs11917431	3	49606579	0.047659953553541384	0.9523400464464586	0.018139496029828134	COLOC_PIP_ECAVIAR	3	Age complete full time education (UKB data field 845)	other
block464	MST1	ENSG00000173531	b3772139f3934768445ce3c0cee2745c	UKB_PPP_EUR_MST1_P26927_OID30713_v1	rs11130213	3	49674864	False	8f2a5dfa456f36bdfbdb1a5a90b84c40	GCST90248605	rs13093385	3	49673046	0.047827978302945565	0.9521720216970544	0.01808166400716548	COLOC_PIP_ECAVIAR	3	NADH-cytochrome b5 reductase 1 levels	other
block464	MST1	ENSG00000173531	b3772139f3934768445ce3c0cee2745c	UKB_PPP_EUR_MST1_P26927_OID30713_v1	rs11130213	3	49674864	False	050e5014870f27b9805489a8c91adb15	GCST90499318	rs11709525	3	49653063	0.048092962924062045	0.9519070370759379	0.01798272546130044	COLOC_PIP_ECAVIAR	3	Pyruvate levels	other
block464	MST1	ENSG00000173531	98b406df157f8dc17c0448097db6d4db	UKB_PPP_EUR_MST1_P26927_OID30713_v1	rs142690032	3	49684379	False	51c3c36ac6b39672c73e5aab084c5ca7	GCST90691825	rs139539051	3	49821542	0.04836137158274175	0.9516386284172583	0.018475749753473138	COLOC_PIP_ECAVIAR	1	Lymphocyte percentage (UKB data field 30180)	other
block464	MST1	ENSG00000173531	d2e600a62191796c2fb349dd6d30936e	UKB_PPP_EUR_MST1_P26927_OID30713_v1	rs115163905	3	51692523	False	90f9b97ffce641cfb770d7a517124d74	GCST90692808	rs78933579	3	51057848	0.04842129577307604	0.9515787042269239	0.018207577768554004	COLOC_PIP_ECAVIAR	1	Neutrophill percentage (UKB data field 30200)	other
block464	MST1	ENSG00000173531	b3772139f3934768445ce3c0cee2745c	UKB_PPP_EUR_MST1_P26927_OID30713_v1	rs11130213	3	49674864	False	0d7c8e3cdb7927cd4f2d05a283105c2c	GCST90104345	rs13316695	3	49647484	0.04850799606119287	0.9514920039388071	0.01778634894833191	COLOC_PIP_ECAVIAR	3	Sedentary behavior at work	other
block464	MST1	ENSG00000173531	b3772139f3934768445ce3c0cee2745c	UKB_PPP_EUR_MST1_P26927_OID30713_v1	rs11130213	3	49674864	False	854fcffaac0cdf234657e20f4231e8cd	GCST90619025	rs3197999	3	49684099	0.04861253852295693	0.951387461477043	0.017955016703611444	COLOC_PIP_ECAVIAR	3	3-oxoacyl-[acyl-carrier-protein] synthase, mitochondrial protein level	other
block464	MST1	ENSG00000173531	98b406df157f8dc17c0448097db6d4db	UKB_PPP_EUR_MST1_P26927_OID30713_v1	rs142690032	3	49684379	False	8f4b0ae21a9814d7da9ab7b0ca84d0de	GCST90691825	rs11711300	3	49349857	0.04908145711673524	0.9509185428832647	0.018109810771711192	COLOC_PIP_ECAVIAR	1	Lymphocyte percentage (UKB data field 30180)	other
block464	MST1	ENSG00000173531	b3772139f3934768445ce3c0cee2745c	UKB_PPP_EUR_MST1_P26927_OID30713_v1	rs11130213	3	49674864	False	829947ed65f6977dfb7376d398c00bcd	GCST90319613	rs9836291	3	49660026	0.04918558923311093	0.950814410766889	0.017532119494866546	COLOC_PIP_ECAVIAR	1	Serum glycated hemoglobin levels	other
block464	MST1	ENSG00000173531	b3772139f3934768445ce3c0cee2745c	UKB_PPP_EUR_MST1_P26927_OID30713_v1	rs11130213	3	49674864	False	bcde884913055d3e01db0f9705508253	GCST90691840	rs66906465	3	49673081	0.049253332629790876	0.9507466673702091	0.017527400492789873	COLOC_PIP_ECAVIAR	3	Forced expiratory volume in 1-second (FEV1) (UKB data field 3063)	other
block464	MST1	ENSG00000173531	f83c3130cde573fb8c85242bc83b435a	UKB_PPP_EUR_MST1_P26927_OID30713_v1	rs72094481	3	50329448	False	c0c6a0e9e2cf9fefd3e6459b17c9de05	GCST90018958	rs11549673	3	50324940	0.04955397880248284	0.9504460211975171	0.01788348396353921	COLOC_PIP_ECAVIAR	1	Hemoglobin A1c levels	other
block464	MST1	ENSG00000173531	4d449daa04671711484d846762c348fe	UKB_PPP_EUR_MST1_P26927_OID30713_v1	rs9858428	3	49840152	False	f2b1353c197bee690c3a4662030cabac	GCST90566736	rs4688759	3	49970685	0.049851901742265635	0.9501480982577344	0.017012842241331018	COLOC_PIP_ECAVIAR	4	Estimated glomerular filtration rate based on creatinine (2021 formula) in bottom 99% of individuals by creatinine levels	other
block464	MST1	ENSG00000173531	4d449daa04671711484d846762c348fe	UKB_PPP_EUR_MST1_P26927_OID30713_v1	rs9858428	3	49840152	False	893b7c5857a84c01a074143ae5669484	GCST90566735	rs4688759	3	49970685	0.049952093443949824	0.9500479065560501	0.01701241828737043	COLOC_PIP_ECAVIAR	4	Estimated glomerular filtration rate based on creatinine (2009 formula) in bottom 99% of individuals by creatinine levels	other
block464	MST1	ENSG00000173531	4d449daa04671711484d846762c348fe	UKB_PPP_EUR_MST1_P26927_OID30713_v1	rs9858428	3	49840152	False	b8d57105a640a932f95a28523aed451f	GCST90566727	rs4688759	3	49970685	0.04995366793190335	0.9500463320680966	0.01699271737788278	COLOC_PIP_ECAVIAR	4	Creatinine levels in bottom 98% of individuals by creatinine levels	other
block464	MST1	ENSG00000173531	4d449daa04671711484d846762c348fe	UKB_PPP_EUR_MST1_P26927_OID30713_v1	rs9858428	3	49840152	False	016794e5052834b0320adb9b864dfbe2	GCST90566729	rs4688759	3	49970685	0.04998076216552921	0.9500192378344708	0.016975274527922867	COLOC_PIP_ECAVIAR	4	Estimated glomerular filtration rate based on creatinine (2009 formula) in bottom 98% of individuals by creatinine levels	other
block464	MST1	ENSG00000173531	4d449daa04671711484d846762c348fe	UKB_PPP_EUR_MST1_P26927_OID30713_v1	rs9858428	3	49840152	False	cae3cddc60a95b954413326726a5f3bd	GCST90566730	rs4688759	3	49970685	0.050019615093545564	0.9499803849064544	0.016969953785667524	COLOC_PIP_ECAVIAR	4	Estimated glomerular filtration rate based on creatinine (2021 formula) in bottom 98% of individuals by creatinine levels	other
block464	MST1	ENSG00000173531	4d449daa04671711484d846762c348fe	UKB_PPP_EUR_MST1_P26927_OID30713_v1	rs9858428	3	49840152	False	ae3100865b6f21275a1a2aa144129066	GCST90566745	rs4688759	3	49970685	0.0500513164182326	0.9499486835817673	0.01696544603946444	COLOC_PIP_ECAVIAR	4	Creatinine levels in healthy individuals	other
block464	MST1	ENSG00000173531	4d449daa04671711484d846762c348fe	UKB_PPP_EUR_MST1_P26927_OID30713_v1	rs9858428	3	49840152	False	b88384735d1b9f37518e145464ba4e17	GCST90566721	rs2624818	3	50018832	0.05016275601686216	0.9498372439831378	0.016931958899672857	COLOC_PIP_ECAVIAR	4	Creatinine levels in bottom 90% of individuals by creatinine levels	other
block464	MST1	ENSG00000173531	c3aa07d38ce2f709985b31e31b7637e7	UKB_PPP_EUR_MST1_P26927_OID30713_v1	rs6774202	3	49650346	False	0900fee1ae872fcc95113a4d59b63795	GCST90274714	rs13093525	3	49673011	0.05040069537189692	0.9495993046281032	0.016831061202079507	COLOC_PIP_ECAVIAR	19	Prostate cancer	other
block464	MST1	ENSG00000173531	4d449daa04671711484d846762c348fe	UKB_PPP_EUR_MST1_P26927_OID30713_v1	rs9858428	3	49840152	False	1c17f3f751a7f8d0f548e552a8ce2627	GCST90566748	rs4688759	3	49970685	0.05041360034380601	0.9495863996561941	0.016822882784463027	COLOC_PIP_ECAVIAR	4	Estimated glomerular filtration rate based on creatinine (2021 formula) in healthy individuals	other
block464	MST1	ENSG00000173531	4d449daa04671711484d846762c348fe	UKB_PPP_EUR_MST1_P26927_OID30713_v1	rs9858428	3	49840152	False	cab5e0b509aa5127aa53d8e1cd4f3ac1	GCST90566747	rs4688759	3	49970685	0.05046699953488773	0.9495330004651122	0.016833439354537905	COLOC_PIP_ECAVIAR	4	Estimated glomerular filtration rate based on creatinine (2009 formula) in healthy individuals	other
block464	MST1	ENSG00000173531	98b406df157f8dc17c0448097db6d4db	UKB_PPP_EUR_MST1_P26927_OID30713_v1	rs142690032	3	49684379	False	e3e7588aa35c148dd141e5a88dbc3ec5	GCST90309369	rs142171159	3	50327801	0.05093473746707358	0.9490652625329263	0.017500512028040753	COLOC_PIP_ECAVIAR	1	Neutrophils and lymphocytes in blood (confirmatory factor analysis Factor 35)	other
block464	MST1	ENSG00000173531	4d449daa04671711484d846762c348fe	UKB_PPP_EUR_MST1_P26927_OID30713_v1	rs9858428	3	49840152	False	7b9047e52fb2d059d1f84cf27c76f288	GCST90387827	rs200481589	3	49865515	0.05142205419393922	0.9485779458060608	0.01649228245800993	COLOC_PIP_ECAVIAR	4	DTI TBSS FA External capsule L	other
block464	MST1	ENSG00000173531	4d449daa04671711484d846762c348fe	UKB_PPP_EUR_MST1_P26927_OID30713_v1	rs9858428	3	49840152	False	d9d6d8b7eda24f709a8f4ae93560f762	GCST90566724	rs11717829	3	49942294	0.052451093609892495	0.9475489063901075	0.016165625105952024	COLOC_PIP_ECAVIAR	4	Estimated glomerular filtration rate based on creatinine (2021 formula) in bottom 90% of individuals by creatinine levels	other
block464	MST1	ENSG00000173531	4d449daa04671711484d846762c348fe	UKB_PPP_EUR_MST1_P26927_OID30713_v1	rs9858428	3	49840152	False	7e125c31e0ef7da215b34c96be73b4f8	GCST90566723	rs11717829	3	49942294	0.05245550019098327	0.9475444998090167	0.016156313552375706	COLOC_PIP_ECAVIAR	4	Estimated glomerular filtration rate based on creatinine (2009 formula) in bottom 90% of individuals by creatinine levels	other
block464	MST1	ENSG00000173531	4d449daa04671711484d846762c348fe	UKB_PPP_EUR_MST1_P26927_OID30713_v1	rs9858428	3	49840152	False	5a72aa31ed2f586b41ff64e63ffe6089	GCST90388067	rs200481589	3	49865515	0.0528107768217524	0.9471892231782476	0.016049455352937926	COLOC_PIP_ECAVIAR	4	DTI TBSS MO External capsule L	other
block464	MST1	ENSG00000173531	4d449daa04671711484d846762c348fe	UKB_PPP_EUR_MST1_P26927_OID30713_v1	rs9858428	3	49840152	False	cbc1d5eab8914418bf2a016c62780596	GCST90480069	rs4688759	3	49970685	0.05293799050539538	0.9470620094946046	0.015990110339663806	COLOC_PIP_ECAVIAR	4	Glaucoma	other
block464	MST1	ENSG00000173531	4d449daa04671711484d846762c348fe	UKB_PPP_EUR_MST1_P26927_OID30713_v1	rs9858428	3	49840152	False	a983848d8b7162a3768e762e251df111	GCST90387923	rs200481589	3	49865515	0.05360991438123565	0.9463900856187643	0.01578758617073739	COLOC_PIP_ECAVIAR	4	DTI TBSS L2 External capsule L	other
block464	MST1	ENSG00000173531	f83c3130cde573fb8c85242bc83b435a	UKB_PPP_EUR_MST1_P26927_OID30713_v1	rs72094481	3	50329448	False	fbb47e586b6a6844652f5345c214e992	GCST90566732	rs7617915	3	50201579	0.054130735773933195	0.9458692642260669	0.01634354800778545	COLOC_PIP_ECAVIAR	1	Estimated glomerular filtration rate based on cystatin C in bottom 98% of individuals by creatinine levels	other
block464	MST1	ENSG00000173531	9fbee1f5c8afd1478ddf9279e8ced804	UKB_PPP_EUR_MST1_P26927_OID30713_v1	rs116643069	3	49706279	False	543f9fb77e51709c18effd34754fa62a	GCST012232	rs115562858	3	48741486	0.054826823598956874	0.9451731764010431	0.015780148931408024	COLOC_PIP_ECAVIAR	2	Lipoprotein (a) levels	other
block464	MST1	ENSG00000173531	4d449daa04671711484d846762c348fe	UKB_PPP_EUR_MST1_P26927_OID30713_v1	rs9858428	3	49840152	False	05ed67da092c2089df8c80adaeed8893	GCST90387826	rs200481589	3	49865515	0.05537519941532169	0.9446248005846783	0.01528024628167616	COLOC_PIP_ECAVIAR	4	DTI TBSS FA External capsule R	other
block464	MST1	ENSG00000173531	b3772139f3934768445ce3c0cee2745c	UKB_PPP_EUR_MST1_P26927_OID30713_v1	rs11130213	3	49674864	False	10c9bd592dee27f79edd8424616bb9e2	GCST90002310	rs9827708	3	49612556	0.05545810170533729	0.9445418982946626	0.015504274050891088	COLOC_PIP_ECAVIAR	3	Hemoglobin concentration	other
block464	MST1	ENSG00000173531	b3772139f3934768445ce3c0cee2745c	UKB_PPP_EUR_MST1_P26927_OID30713_v1	rs11130213	3	49674864	False	c823aa6ffc89d4e994a9e78e8ab995aa	GCST90612988	rs3197999	3	49684099	0.056057587876476786	0.9439424121235233	0.016107288564764035	COLOC_PIP_ECAVIAR	1	Tumor necrosis factor ligand superfamily member 6, soluble form protein level	other
block464	MST1	ENSG00000173531	b3772139f3934768445ce3c0cee2745c	UKB_PPP_EUR_MST1_P26927_OID30713_v1	rs11130213	3	49674864	False	d70cf8c6653cac3fc90642e966d0a139	GCST90455643	rs13093385	3	49673046	0.05678545066080456	0.9432145493391955	0.015103119709469487	COLOC_PIP_ECAVIAR	3	Education attainment or anorexia nervosa	other
block464	MST1	ENSG00000173531	4d449daa04671711484d846762c348fe	UKB_PPP_EUR_MST1_P26927_OID30713_v1	rs9858428	3	49840152	False	ade7722a08053798b39ea9490f78baa7	GCST90475300	rs2624818	3	50018832	0.056876077217069054	0.9431239227829309	0.015113075944494882	COLOC_PIP_ECAVIAR	2	eosinophil (fraction, mean, inv-norm transformed)	other
block464	MST1	ENSG00000173531	9fbee1f5c8afd1478ddf9279e8ced804	UKB_PPP_EUR_MST1_P26927_OID30713_v1	rs116643069	3	49706279	False	2a70a1feb903c0ad94c1b9bc59db73d9	GCST90566733	rs150350500	3	49588500	0.05714473722854797	0.942855262771452	0.015121625531145669	COLOC_PIP_ECAVIAR	2	Creatinine levels in bottom 99% of individuals by creatinine levels	other
block464	MST1	ENSG00000173531	98b406df157f8dc17c0448097db6d4db	UKB_PPP_EUR_MST1_P26927_OID30713_v1	rs142690032	3	49684379	False	94339fd57307f9dd7075a2aa364905ca	GCST90002389	rs11711300	3	49349857	0.057788233537220436	0.9422117664627795	0.015294585728490276	COLOC_PIP_ECAVIAR	1	Lymphocyte percentage of white cells	other
block464	MST1	ENSG00000173531	c3aa07d38ce2f709985b31e31b7637e7	UKB_PPP_EUR_MST1_P26927_OID30713_v1	rs6774202	3	49650346	False	f290830a825d716a74da9ca6cd1f4917	GCST90497305	rs11720705	3	49716355	0.05835679009092245	0.9416432099090775	0.01449086836575493	COLOC_PIP_ECAVIAR	19	Glycine levels (PGS-adjusted)	other
block464	MST1	ENSG00000173531	ef4f2c008350857e26f73f175c107106	UKB_PPP_EUR_MST1_P26927_OID30713_v1	rs137950269	3	48952618	False	0ff258eb97daec44508683a35e70b9ec	GCST90692927	rs201584071	3	49816141	0.05871467279143728	0.9412853272085626	0.014884983847998131	COLOC_PIP_ECAVIAR	3	Platelet distribution width (UKB data field 30110)	other
block464	MST1	ENSG00000173531	b3772139f3934768445ce3c0cee2745c	UKB_PPP_EUR_MST1_P26927_OID30713_v1	rs11130213	3	49674864	False	424adb13fe0ab096a9e3e4ca2fa858e3	GCST90691574	rs3197999	3	49684099	0.058821790610498165	0.9411782093895019	0.014557893163310548	COLOC_PIP_ECAVIAR	3	Cystatin C levels	other
block464	MST1	ENSG00000173531	b3772139f3934768445ce3c0cee2745c	UKB_PPP_EUR_MST1_P26927_OID30713_v1	rs11130213	3	49674864	False	3f9ec39b452a9fe1dd0b69267b0c7f2a	GCST004622	rs9837520	3	49684923	0.05981667608327601	0.940183323916724	0.014356102860502228	COLOC_PIP_ECAVIAR	3	Reticulocyte count	other
block464	MST1	ENSG00000173531	5eed7837608ca3479c42ba459900efaf	UKB_PPP_EUR_MST1_P26927_OID30713_v1	rs6773098	3	51572415	False	341d3348f9b837d0c187ec325cd2a614	GCST90692984	rs11716837	3	51124512	0.06028699852955788	0.9397130014704422	0.014723261717381829	COLOC_PIP_ECAVIAR	3	Estimated glomerular filtration rate (cystatin c)	other
block464	MST1	ENSG00000173531	c3aa07d38ce2f709985b31e31b7637e7	UKB_PPP_EUR_MST1_P26927_OID30713_v1	rs6774202	3	49650346	False	f8a5ba7b3dce55cba824196899f3fa88	GCST90692709	rs184219667	3	49776503	0.060322054815496365	0.9396779451845036	0.014012796601106055	COLOC_PIP_ECAVIAR	20	Mean platelet (thrombocyte) volume (UKB data field 30100)	other
block464	MST1	ENSG00000173531	c9467a045dcbae1d0bf1db4d7ef398f5	UKB_PPP_EUR_MST1_P26927_OID30713_v1	rs9879725	3	50972004	False	e80baf0b064bdbd33edd21f06a8ef83e	GCST009336	rs76442143	3	51006168	0.06118249822423349	0.9388175017757665	0.014331976449531932	COLOC_PIP_ECAVIAR	2	Schizophrenia	other
block464	MST1	ENSG00000173531	9fbee1f5c8afd1478ddf9279e8ced804	UKB_PPP_EUR_MST1_P26927_OID30713_v1	rs116643069	3	49706279	False	80ad1b776e441a96f13bc36bb3ea260d	GCST90019493	rs150350500	3	49588500	0.06270443743195708	0.9372955625680429	0.013615044347957822	COLOC_PIP_ECAVIAR	2	Serum albumin levels	other
block464	MST1	ENSG00000173531	b3772139f3934768445ce3c0cee2745c	UKB_PPP_EUR_MST1_P26927_OID30713_v1	rs11130213	3	49674864	False	0fca33dcedb2bd455ecfb1b4559384cb	GCST90105038	rs9837520	3	49684923	0.06317554548699172	0.9368244545130082	0.01354191759405425	COLOC_PIP_ECAVIAR	3	Educational attainment	other
block464	MST1	ENSG00000173531	c3aa07d38ce2f709985b31e31b7637e7	UKB_PPP_EUR_MST1_P26927_OID30713_v1	rs6774202	3	49650346	False	669ecb713efdc6983dd375af730c5649	GCST90692709	rs2189691	3	50136592	0.06319367706380004	0.9368063229361999	0.013331795711702395	COLOC_PIP_ECAVIAR	20	Mean platelet (thrombocyte) volume (UKB data field 30100)	other
block464	MST1	ENSG00000173531	4d449daa04671711484d846762c348fe	UKB_PPP_EUR_MST1_P26927_OID30713_v1	rs9858428	3	49840152	False	aa7c4f9a73a08e3911a0e46f902dae8d	GCST90691813	rs61729488	3	49030471	0.06388944721301217	0.9361105527869878	0.013139846438333422	COLOC_PIP_ECAVIAR	4	Mean corpuscular volume (UKB data field 30040)	other
block464	MST1	ENSG00000173531	b3772139f3934768445ce3c0cee2745c	UKB_PPP_EUR_MST1_P26927_OID30713_v1	rs11130213	3	49674864	False	379e5ec742cad93dd59708ee16cd3693	GCST90428446	rs3197999	3	49684099	0.06407049383315772	0.9359295061668423	0.013351092988894184	COLOC_PIP_ECAVIAR	3	Estimated glomerular filtration rate (creatinine, cystatin c)	other
block464	MST1	ENSG00000173531	b3772139f3934768445ce3c0cee2745c	UKB_PPP_EUR_MST1_P26927_OID30713_v1	rs11130213	3	49674864	False	a07fa909377f09fb962c009887953231	GCST90308599	rs66906465	3	49673081	0.06411994281673707	0.9358800571832631	0.013297766872844865	COLOC_PIP_ECAVIAR	3	Forced vital capacity (FVC)	other
block464	MST1	ENSG00000173531	c3aa07d38ce2f709985b31e31b7637e7	UKB_PPP_EUR_MST1_P26927_OID30713_v1	rs6774202	3	49650346	False	2ceaf148acf492644abc1e49e37db4a2	GCST90570207	rs6774202	3	49650346	0.06427413161551027	0.9357258683844897	0.01308814573367844	COLOC_PIP_ECAVIAR	20	Endometriosis (MTAG)	other
block464	MST1	ENSG00000173531	4d449daa04671711484d846762c348fe	UKB_PPP_EUR_MST1_P26927_OID30713_v1	rs9858428	3	49840152	False	a6d9482fe216d33a5b7bffa076bf0584	GCST90692922	rs61729488	3	49030471	0.06471210956646078	0.9352878904335392	0.012967595625168044	COLOC_PIP_ECAVIAR	4	Mean corpuscular volume (UKB data field 30040)	other
block464	MST1	ENSG00000173531	9fbee1f5c8afd1478ddf9279e8ced804	UKB_PPP_EUR_MST1_P26927_OID30713_v1	rs116643069	3	49706279	False	0824ccb03c65869f7598c0d449687cfd	FINNGEN_R12_I9_DISVEINLYMPH	rs58016488	3	50077493	0.06522536118832953	0.9347746388116706	0.013043325775426235	COLOC_PIP_ECAVIAR	2	Diseases of veins, lymphatic vessels and lymph nodes, not elsewhere classified	other
block464	MST1	ENSG00000173531	b3772139f3934768445ce3c0cee2745c	UKB_PPP_EUR_MST1_P26927_OID30713_v1	rs11130213	3	49674864	False	95ccc0a77c61e306df075a6eb2913463	GCST90692474	rs1873625	3	49629531	0.06594803312833561	0.9340519668716645	0.01294950107341604	COLOC_PIP_ECAVIAR	3	Qualifications - A levels/AS levels or equivalent (UKB data field 6138)	other
block464	MST1	ENSG00000173531	c3aa07d38ce2f709985b31e31b7637e7	UKB_PPP_EUR_MST1_P26927_OID30713_v1	rs6774202	3	49650346	False	16e95a8d6687d1dc62786db9e53d7955	GCST90258642	rs1352889	3	49614715	0.06612808661187256	0.9338719133881275	0.012695112266986216	COLOC_PIP_ECAVIAR	20	Endometriosis (MTAG)	other
block464	MST1	ENSG00000173531	b3772139f3934768445ce3c0cee2745c	UKB_PPP_EUR_MST1_P26927_OID30713_v1	rs11130213	3	49674864	False	8f57884c04262ea8389e842b268197f3	GCST90611677	rs3197999	3	49684099	0.06716064115926967	0.9328393588407303	0.012859028085771163	COLOC_PIP_ECAVIAR	1	Protein Wnt-10b protein level	other
block464	MST1	ENSG00000173531	9fbee1f5c8afd1478ddf9279e8ced804	UKB_PPP_EUR_MST1_P26927_OID30713_v1	rs116643069	3	49706279	False	1e920c19a5c070505a9fe05276c8c549	GCST90014012	rs150350500	3	49588500	0.06730464101459364	0.9326953589854065	0.012627947245383178	COLOC_PIP_ECAVIAR	2	Total bilirubin levels (UKB data field 30840)	other
block464	MST1	ENSG00000173531	c3aa07d38ce2f709985b31e31b7637e7	UKB_PPP_EUR_MST1_P26927_OID30713_v1	rs6774202	3	49650346	False	d3c9ec7eba9233e716fb7cf524f81179	GCST90019509	rs62262675	3	49636229	0.06770698860589364	0.9322930113941065	0.01240567936631839	COLOC_PIP_ECAVIAR	22	Glycated hemoglobin levels	other
block464	MST1	ENSG00000173531	c3aa07d38ce2f709985b31e31b7637e7	UKB_PPP_EUR_MST1_P26927_OID30713_v1	rs6774202	3	49650346	False	4a4aad4ad78e6fe064205790f2312819	GCST90309840	rs9824435	3	49636910	0.06830234893285748	0.9316976510671425	0.012244888584235622	COLOC_PIP_ECAVIAR	20	Impedance of arm right (UKB data field 23109)	other
block464	MST1	ENSG00000173531	c3aa07d38ce2f709985b31e31b7637e7	UKB_PPP_EUR_MST1_P26927_OID30713_v1	rs6774202	3	49650346	False	671dc1c8e8e8eb560b32bd21efbf2941	GCST90309837	rs4855885	3	49652766	0.06906840102203739	0.9309315989779626	0.012118501356552219	COLOC_PIP_ECAVIAR	20	Impedance of whole body (UKB data field 23106)	other
block464	MST1	ENSG00000173531	eae73c519e0439c0e3198fb3da54e151	UKB_PPP_EUR_MST1_P26927_OID30713_v1	rs78284520	3	47201659	False	0ef1cc3e317feafd42142c74cce403bf	GCST90566747	rs138096147	3	48138386	0.06920876998759495	0.9307912300124052	0.01261871622494538	COLOC_PIP_ECAVIAR	1	Estimated glomerular filtration rate based on creatinine (2009 formula) in healthy individuals	other
block464	MST1	ENSG00000173531	b3772139f3934768445ce3c0cee2745c	UKB_PPP_EUR_MST1_P26927_OID30713_v1	rs11130213	3	49674864	False	935a33175a27434f60f9fbed85d81196	GCST90044413	rs3197999	3	49684099	0.06974112940748554	0.9302588705925143	0.012183798968826248	COLOC_PIP_ECAVIAR	3	Leisure/social activities: PHESANT recoding (UKB data field 6160_100)	other
block464	MST1	ENSG00000173531	eae73c519e0439c0e3198fb3da54e151	UKB_PPP_EUR_MST1_P26927_OID30713_v1	rs78284520	3	47201659	False	dc8a805b36327ef15409e87c3498de27	GCST90566748	rs138096147	3	48138386	0.06992205856703092	0.9300779414329691	0.012490708174666224	COLOC_PIP_ECAVIAR	1	Estimated glomerular filtration rate based on creatinine (2021 formula) in healthy individuals	other
block464	MST1	ENSG00000173531	c3aa07d38ce2f709985b31e31b7637e7	UKB_PPP_EUR_MST1_P26927_OID30713_v1	rs6774202	3	49650346	False	7a4246ac7b49a21aa82f46e992b9b28a	GCST90691819	rs2189691	3	50136592	0.07071577820464858	0.9292842217953515	0.011842701568334592	COLOC_PIP_ECAVIAR	22	Mean platelet (thrombocyte) volume (UKB data field 30100)	other
block464	MST1	ENSG00000173531	b3772139f3934768445ce3c0cee2745c	UKB_PPP_EUR_MST1_P26927_OID30713_v1	rs11130213	3	49674864	False	cf94944c3e6f1caca3462a10c315a50f	GCST90428448	rs3197999	3	49684099	0.07078488655041477	0.9292151134495853	0.011988512520546698	COLOC_PIP_ECAVIAR	3	Estimated glomerular filtration rate (cystatin c)	other
block464	MST1	ENSG00000173531	9fbee1f5c8afd1478ddf9279e8ced804	UKB_PPP_EUR_MST1_P26927_OID30713_v1	rs116643069	3	49706279	False	fbf65eea4946a5553cd52715a1a6cb37	GCST90014007	rs150350500	3	49588500	0.07096753922289534	0.9290324607771047	0.012001360754623297	COLOC_PIP_ECAVIAR	2	High density lipoprotein cholesterol levels (UKB data field 30760)	other
block464	MST1	ENSG00000173531	6f772786d32751f688c9d7ab602cc35a	UKB_PPP_EUR_MST1_P26927_OID30713_v1	rs587725514	3	50381738	False	e934d57be5771eda62d8ad7f9118fb3d	GCST90475300	rs142171159	3	50327801	0.07098465737944144	0.9290153426205586	0.012328828975709298	COLOC_PIP_ECAVIAR	1	eosinophil (fraction, mean, inv-norm transformed)	other
block464	MST1	ENSG00000173531	f83c3130cde573fb8c85242bc83b435a	UKB_PPP_EUR_MST1_P26927_OID30713_v1	rs72094481	3	50329448	False	42e3702a118199c5b6e4d0949e77630d	GCST90094702	rs11710277	3	50162314	0.07150981602610226	0.9284901839738976	0.012216977250797602	COLOC_PIP_ECAVIAR	1	Beetroot liking	other
block464	MST1	ENSG00000173531	c3aa07d38ce2f709985b31e31b7637e7	UKB_PPP_EUR_MST1_P26927_OID30713_v1	rs6774202	3	49650346	False	9f103294a8735f176c7621d04a54a2a2	GCST90245879	rs7628207	3	49717537	0.07181193787846432	0.9281880621215356	0.011655925763688731	COLOC_PIP_ECAVIAR	20	Genetically independent pain phenotypes (GIP1)	other
block464	MST1	ENSG00000173531	b3772139f3934768445ce3c0cee2745c	UKB_PPP_EUR_MST1_P26927_OID30713_v1	rs11130213	3	49674864	False	bfdcf2e6cb716984e2edc280d90c4703	GCST90612313	rs3197999	3	49684099	0.07185545846514667	0.9281445415348533	0.011792694790459237	COLOC_PIP_ECAVIAR	2	Kelch-like protein 40 protein level	other
block464	MST1	ENSG00000173531	c3aa07d38ce2f709985b31e31b7637e7	UKB_PPP_EUR_MST1_P26927_OID30713_v1	rs6774202	3	49650346	False	545f9856f7e6043840bbdda55eaa9c3b	GCST008512	rs7628207	3	49717537	0.07231994328700067	0.9276800567129994	0.0115295951120104	COLOC_PIP_ECAVIAR	20	Multisite chronic pain	other
block464	MST1	ENSG00000173531	b3772139f3934768445ce3c0cee2745c	UKB_PPP_EUR_MST1_P26927_OID30713_v1	rs11130213	3	49674864	False	ac9a87b762b540e136b963d9de588d40	GCST90002383	rs11272058	3	49617277	0.07245318010576633	0.9275468198942336	0.011701245584069582	COLOC_PIP_ECAVIAR	3	Hematocrit	other
block464	MST1	ENSG00000173531	c3aa07d38ce2f709985b31e31b7637e7	UKB_PPP_EUR_MST1_P26927_OID30713_v1	rs6774202	3	49650346	False	d0782eb3dd7eed7d01b1ae77ac16339e	GCST90309866	rs1996664	3	49840962	0.07285621772614913	0.9271437822738509	0.011444763147215303	COLOC_PIP_ECAVIAR	20	Mean corpuscular volume (UKB data field 30040)	other
block464	MST1	ENSG00000173531	c3aa07d38ce2f709985b31e31b7637e7	UKB_PPP_EUR_MST1_P26927_OID30713_v1	rs6774202	3	49650346	False	82f865b04b0f67ed6da6e9df118c7f0d	GCST90309867	rs1996664	3	49840962	0.07336924537021372	0.9266307546297862	0.011392662873251786	COLOC_PIP_ECAVIAR	20	Mean corpuscular haemoglobin (UKB data field 30050)	other
block464	MST1	ENSG00000173531	c3aa07d38ce2f709985b31e31b7637e7	UKB_PPP_EUR_MST1_P26927_OID30713_v1	rs6774202	3	49650346	False	1b54d5d7d423050cf89e5bc17e589a07	GCST90310137	rs6790568	3	49798017	0.07366412736529455	0.9263358726347053	0.01132384429227839	COLOC_PIP_ECAVIAR	21	Age when periods started menarche	other
block464	MST1	ENSG00000173531	c3aa07d38ce2f709985b31e31b7637e7	UKB_PPP_EUR_MST1_P26927_OID30713_v1	rs6774202	3	49650346	False	f1113a8b711352e5a67d4217a94410f8	GCST90480669	rs62260723	3	49834691	0.07398383730197272	0.9260161626980273	0.011291625701760922	COLOC_PIP_ECAVIAR	20	red blood cell count (RBC, mean, inv-norm transformed)	other
block464	MST1	ENSG00000173531	c3aa07d38ce2f709985b31e31b7637e7	UKB_PPP_EUR_MST1_P26927_OID30713_v1	rs6774202	3	49650346	False	f4d81fc7d7495237b7347d8e6f59f4d8	GCST90455657	rs1996663	3	49840831	0.07423281693725507	0.925767183062745	0.011237416399527859	COLOC_PIP_ECAVIAR	20	Heart failure	other
block464	MST1	ENSG00000173531	b3772139f3934768445ce3c0cee2745c	UKB_PPP_EUR_MST1_P26927_OID30713_v1	rs11130213	3	49674864	False	40f1e291b1745f51400207161b77ec40	GCST90248062	rs3197999	3	49684099	0.07451035333292165	0.9254896466670784	0.011433979677099734	COLOC_PIP_ECAVIAR	3	Interleukin-23 receptor levels	other
block464	MST1	ENSG00000173531	98b406df157f8dc17c0448097db6d4db	UKB_PPP_EUR_MST1_P26927_OID30713_v1	rs142690032	3	49684379	False	83e01479f01dd39cfd08b2e8e247af49	GCST90691864	rs71583822	3	50253323	0.07451168758461656	0.9254883124153835	0.01170471308384378	COLOC_PIP_ECAVIAR	1	Standing height (UKB data field 50)	other
block464	MST1	ENSG00000173531	c3aa07d38ce2f709985b31e31b7637e7	UKB_PPP_EUR_MST1_P26927_OID30713_v1	rs6774202	3	49650346	False	c0a655688c43cae9c9b8822fa5233f34	GCST90480670	rs58339610	3	49807573	0.07542322765353547	0.9245767723464645	0.011060852381428078	COLOC_PIP_ECAVIAR	20	red blood cell count (RBC, minimum, inv-norm transformed)	other
block464	MST1	ENSG00000173531	c3aa07d38ce2f709985b31e31b7637e7	UKB_PPP_EUR_MST1_P26927_OID30713_v1	rs6774202	3	49650346	False	19555816a32ecdeff15f4f8baeb2da57	GCST007080	rs6790568	3	49798017	0.07570705709933843	0.9242929429006616	0.010975723419847497	COLOC_PIP_ECAVIAR	21	Lung function (FEV1/FVC)	other
block464	MST1	ENSG00000173531	c3aa07d38ce2f709985b31e31b7637e7	UKB_PPP_EUR_MST1_P26927_OID30713_v1	rs6774202	3	49650346	False	64972075623337e0fa1efde9ceab7a09	GCST90018964	rs370057132	3	49849425	0.0778842750746257	0.9221157249253743	0.01065193803434161	COLOC_PIP_ECAVIAR	20	Mean corpuscular hemoglobin	other
block464	MST1	ENSG00000173531	eae73c519e0439c0e3198fb3da54e151	UKB_PPP_EUR_MST1_P26927_OID30713_v1	rs78284520	3	47201659	False	d770d4d804850772ceaa7740646aad5a	GCST90566721	rs138096147	3	48138386	0.07793591982648863	0.9220640801735113	0.01120046557556408	COLOC_PIP_ECAVIAR	1	Creatinine levels in bottom 90% of individuals by creatinine levels	other
block464	MST1	ENSG00000173531	b3772139f3934768445ce3c0cee2745c	UKB_PPP_EUR_MST1_P26927_OID30713_v1	rs11130213	3	49674864	False	b4b06a8bc40d66777e2692a33264e80a	GCST90475285	rs371314787	3	49672479	0.07838964823761287	0.9216103517623871	0.010752667878326298	COLOC_PIP_ECAVIAR	3	estimated glomerular filtration rate (eGFR, minimum, inv-norm transformed)	other
block464	MST1	ENSG00000173531	eae73c519e0439c0e3198fb3da54e151	UKB_PPP_EUR_MST1_P26927_OID30713_v1	rs78284520	3	47201659	False	2f04ec533161638175c73bdb11c78985	GCST90566729	rs138096147	3	48138386	0.0788830086365205	0.9211169913634796	0.011063929847990156	COLOC_PIP_ECAVIAR	1	Estimated glomerular filtration rate based on creatinine (2009 formula) in bottom 98% of individuals by creatinine levels	other
block464	MST1	ENSG00000173531	eae73c519e0439c0e3198fb3da54e151	UKB_PPP_EUR_MST1_P26927_OID30713_v1	rs78284520	3	47201659	False	ca273ca3327ce677eed10b7feac64947	GCST90566730	rs138096147	3	48138386	0.07917942951968297	0.9208205704803171	0.010928693646627453	COLOC_PIP_ECAVIAR	1	Estimated glomerular filtration rate based on creatinine (2021 formula) in bottom 98% of individuals by creatinine levels	other
block464	MST1	ENSG00000173531	b3772139f3934768445ce3c0cee2745c	UKB_PPP_EUR_MST1_P26927_OID30713_v1	rs11130213	3	49674864	False	80e9e89d5d002d0081c32b71ef675749	GCST90691576	rs3197999	3	49684099	0.08014203310501261	0.9198579668949874	0.01057569626919936	COLOC_PIP_ECAVIAR	1	Glycated hemoglobin HbA1c levels	other
block464	MST1	ENSG00000173531	b3772139f3934768445ce3c0cee2745c	UKB_PPP_EUR_MST1_P26927_OID30713_v1	rs11130213	3	49674864	False	5eca155445cb3a0fa6fe32977197682e	FINNGEN_R12_M13_INTERVERTEB	rs1873625	3	49629531	0.08048880282687357	0.9195111971731265	0.010472254038867921	COLOC_PIP_ECAVIAR	3	Other intervertebral disc disorders	other
block464	MST1	ENSG00000173531	b3772139f3934768445ce3c0cee2745c	UKB_PPP_EUR_MST1_P26927_OID30713_v1	rs11130213	3	49674864	False	4c2a51969e7c3101149349573531961f	GCST90692219	rs6779524	3	49413016	0.08055355593316513	0.9194464440668348	0.010461381835844656	COLOC_PIP_ECAVIAR	3	Leisure/social activities - Adult education class (UKB data field 6160)	other
block464	MST1	ENSG00000173531	9fbee1f5c8afd1478ddf9279e8ced804	UKB_PPP_EUR_MST1_P26927_OID30713_v1	rs116643069	3	49706279	False	d5ad21b4d9ca0fd0ac3c9fbc09f00b90	GCST90691564	rs150350500	3	49588500	0.08109483858485576	0.9189051614151443	0.01037083065327816	COLOC_PIP_ECAVIAR	2	Albumin levels	other
block464	MST1	ENSG00000173531	e2d66bb49fddec506d3eeee04083711f	UKB_PPP_EUR_MST1_P26927_OID30713_v1	rs71278637	3	49754596	False	a26c77d3f6758d8f163adbb8c216c562	GCST90476365	rs140746667	3	49696771	0.08204668305011346	0.9179533169498865	0.010636338063801506	COLOC_PIP_ECAVIAR	1	red cell diameter width (RDW, minimum, inv-norm transformed)	other
block464	MST1	ENSG00000173531	e2d66bb49fddec506d3eeee04083711f	UKB_PPP_EUR_MST1_P26927_OID30713_v1	rs71278637	3	49754596	False	19235d98ad042da15ba6a328ea97c5b9	GCST90691829	rs71324984	3	49671714	0.08238387935627087	0.9176161206437291	0.010662863375000099	COLOC_PIP_ECAVIAR	1	Reticulocyte percentage (UKB data field 30240)	other
block464	MST1	ENSG00000173531	9fbee1f5c8afd1478ddf9279e8ced804	UKB_PPP_EUR_MST1_P26927_OID30713_v1	rs116643069	3	49706279	False	6e62c37ab283eea1602c05900e4b70ae	GCST90499261	rs150350500	3	49588500	0.08356464823374518	0.9164353517662548	0.010041031028691912	COLOC_PIP_ECAVIAR	2	Phosphoglycerides levels	other
block464	MST1	ENSG00000173531	9fbee1f5c8afd1478ddf9279e8ced804	UKB_PPP_EUR_MST1_P26927_OID30713_v1	rs116643069	3	49706279	False	3e2fea44f13f0d0820071d9f0c666fac	GCST90320054	rs150350500	3	49588500	0.08369668156702556	0.9163033184329744	0.010025811124008664	COLOC_PIP_ECAVIAR	2	Kidney cancer	other
block464	MST1	ENSG00000173531	e2d66bb49fddec506d3eeee04083711f	UKB_PPP_EUR_MST1_P26927_OID30713_v1	rs71278637	3	49754596	False	9525488aa55c193d5d8b9f1d7685d0ba	GCST90692767	rs71324984	3	49671714	0.08388289154651922	0.9161171084534808	0.010434686825928597	COLOC_PIP_ECAVIAR	1	Reticulocyte count (UKB data field 30250)	other
block464	MST1	ENSG00000173531	eae73c519e0439c0e3198fb3da54e151	UKB_PPP_EUR_MST1_P26927_OID30713_v1	rs78284520	3	47201659	False	0b10cb9162ee0019245c79bc02b56281	GCST90566725	rs138096147	3	48138386	0.08538767195958345	0.9146123280404166	0.010122607269843646	COLOC_PIP_ECAVIAR	1	Estimated glomerular filtration rate based on creatinine and cystatin C in bottom 90% of individuals by creatinine levels	other
block464	MST1	ENSG00000173531	c3aa07d38ce2f709985b31e31b7637e7	UKB_PPP_EUR_MST1_P26927_OID30713_v1	rs6774202	3	49650346	False	c38624fe8e7fb9efbdd309bedf9141f4	GCST90691840	rs6790568	3	49798017	0.08547175606539746	0.9145282439346025	0.009643969152769185	COLOC_PIP_ECAVIAR	12	Forced expiratory volume in 1-second (FEV1) (UKB data field 3063)	other
block464	MST1	ENSG00000173531	b3772139f3934768445ce3c0cee2745c	UKB_PPP_EUR_MST1_P26927_OID30713_v1	rs11130213	3	49674864	False	dba98b778c0e78efbf5ffb9f7588a2db	GCST009871	rs11710037	3	49637901	0.08548825109945857	0.9145117489005414	0.009815227980858203	COLOC_PIP_ECAVIAR	3	Body mass index	other
block464	MST1	ENSG00000173531	eae73c519e0439c0e3198fb3da54e151	UKB_PPP_EUR_MST1_P26927_OID30713_v1	rs78284520	3	47201659	False	f7d1538558d0a8de34877634c4ccb291	GCST90566723	rs138096147	3	48138386	0.08591244147635338	0.9140875585236466	0.010059385132505025	COLOC_PIP_ECAVIAR	1	Estimated glomerular filtration rate based on creatinine (2009 formula) in bottom 90% of individuals by creatinine levels	other
block464	MST1	ENSG00000173531	eae73c519e0439c0e3198fb3da54e151	UKB_PPP_EUR_MST1_P26927_OID30713_v1	rs78284520	3	47201659	False	d5b77c871ee02a193799546af77b5aeb	GCST90566724	rs138096147	3	48138386	0.08725031364306335	0.9127496863569367	0.00990137682899748	COLOC_PIP_ECAVIAR	1	Estimated glomerular filtration rate based on creatinine (2021 formula) in bottom 90% of individuals by creatinine levels	other
block464	MST1	ENSG00000173531	c3aa07d38ce2f709985b31e31b7637e7	UKB_PPP_EUR_MST1_P26927_OID30713_v1	rs6774202	3	49650346	False	73494aaeecb416df9a12fe3b74b28758	GCST90692035	rs11130211	3	49607776	0.08778332129764815	0.9122166787023518	0.009386965804753554	COLOC_PIP_ECAVIAR	13	Smoking status - Never (UKB data field 20116)	other
block464	MST1	ENSG00000173531	9fbee1f5c8afd1478ddf9279e8ced804	UKB_PPP_EUR_MST1_P26927_OID30713_v1	rs116643069	3	49706279	False	896cd7284d92a6c6c144e19e71af26c6	GCST90019494	rs74780677	3	48564341	0.08812931778221127	0.9118706822177888	0.00946966068689295	COLOC_PIP_ECAVIAR	2	Serum alkaline phosphatase levels	other
block464	MST1	ENSG00000173531	b3772139f3934768445ce3c0cee2745c	UKB_PPP_EUR_MST1_P26927_OID30713_v1	rs11130213	3	49674864	False	fa1b9dabd83665ad85c467b70cbf4389	GCST90480254	rs1873625	3	49629531	0.08854490290384928	0.9114550970961508	0.009417741099913009	COLOC_PIP_ECAVIAR	3	Chronic airway obstruction (PheCode 496)	other
block464	MST1	ENSG00000173531	e2d66bb49fddec506d3eeee04083711f	UKB_PPP_EUR_MST1_P26927_OID30713_v1	rs71278637	3	49754596	False	ef58a806feabb080c5e0a7826d7ad504	GCST90693043	rs71324984	3	49671714	0.08883285610056417	0.9111671438994358	0.009652023638136043	COLOC_PIP_ECAVIAR	1	Reticulocyte percentage (UKB data field 30240)	other
block464	MST1	ENSG00000173531	b3772139f3934768445ce3c0cee2745c	UKB_PPP_EUR_MST1_P26927_OID30713_v1	rs11130213	3	49674864	False	dee7ec44e6253c0cf10f8ff1dc9e3802	GCST90102486	rs11917431	3	49606579	0.08909861073003819	0.9109013892699618	0.009378993952919972	COLOC_PIP_ECAVIAR	3	Febrile seizures	other
block464	MST1	ENSG00000173531	b3772139f3934768445ce3c0cee2745c	UKB_PPP_EUR_MST1_P26927_OID30713_v1	rs11130213	3	49674864	False	3e887e2f8aa9f8b964f6f7e1acde9495	GCST90479638	rs13064576	3	49604997	0.08930777523818725	0.9106922247618128	0.009334193589657236	COLOC_PIP_ECAVIAR	3	hemoglobin (maximum, inv-norm transformed)	other
block464	MST1	ENSG00000173531	b3772139f3934768445ce3c0cee2745c	UKB_PPP_EUR_MST1_P26927_OID30713_v1	rs11130213	3	49674864	False	9cb686dbc310e75d0480e6c1764be7cf	GCST90692780	rs3197999	3	49684099	0.08947289911636742	0.9105271008836326	0.00941883732437061	COLOC_PIP_ECAVIAR	1	Glycated hemoglobin HbA1c levels	other
block464	MST1	ENSG00000173531	b3772139f3934768445ce3c0cee2745c	UKB_PPP_EUR_MST1_P26927_OID30713_v1	rs11130213	3	49674864	False	bdeebe1d5c7309e1017aa453eb73fd80	GCST90480704	rs11921590	3	49606760	0.08960761908614229	0.9103923809138577	0.009308957645188725	COLOC_PIP_ECAVIAR	3	sodium (minimum, inv-norm transformed)	other
block464	MST1	ENSG00000173531	9fbee1f5c8afd1478ddf9279e8ced804	UKB_PPP_EUR_MST1_P26927_OID30713_v1	rs116643069	3	49706279	False	653ea3a3eee23d7320189f695302273a	GCST90474501	rs116238056	3	49783929	0.08965425762963658	0.9103457423703635	0.009320298021807423	COLOC_PIP_ECAVIAR	2	Platelet count (UKB data field 30080)	other
block464	MST1	ENSG00000173531	b3772139f3934768445ce3c0cee2745c	UKB_PPP_EUR_MST1_P26927_OID30713_v1	rs11130213	3	49674864	False	b173ae357a18b552314cadc3a17ab5b4	GCST90429604	rs11917431	3	49606579	0.08969365641771763	0.9103063435822824	0.00929026665437707	COLOC_PIP_ECAVIAR	3	Age complete full time education (UKB data field 845)	other
block464	MST1	ENSG00000173531	b3772139f3934768445ce3c0cee2745c	UKB_PPP_EUR_MST1_P26927_OID30713_v1	rs11130213	3	49674864	False	9dcc0a3e98ea864cf3adedaaa7113daa	GCST90480703	rs7614725	3	49612962	0.08971309741987767	0.9102869025801223	0.009310202986146002	COLOC_PIP_ECAVIAR	3	Sodium (mean, inv-norm transformed)	other
block464	MST1	ENSG00000173531	b3772139f3934768445ce3c0cee2745c	UKB_PPP_EUR_MST1_P26927_OID30713_v1	rs11130213	3	49674864	False	3cc220e11308f0849801878c6a8d9451	GCST006574	rs1873625	3	49629531	0.0899952932211459	0.9100047067788541	0.009251693567983176	COLOC_PIP_ECAVIAR	3	Highest math class taken	other
block464	MST1	ENSG00000173531	e2d66bb49fddec506d3eeee04083711f	UKB_PPP_EUR_MST1_P26927_OID30713_v1	rs71278637	3	49754596	False	12f58449a100509d3e86879d137064ba	GCST90691830	rs36116071	3	49669266	0.09155179465268187	0.9084482053473182	0.00940557563283732	COLOC_PIP_ECAVIAR	1	Reticulocyte count (UKB data field 30250)	other
block464	MST1	ENSG00000173531	b3772139f3934768445ce3c0cee2745c	UKB_PPP_EUR_MST1_P26927_OID30713_v1	rs11130213	3	49674864	False	9ae6732e02af208fa0ee32d9672564b3	GCST90692219	rs6997	3	49416401	0.09305110567549256	0.9069488943245074	0.008935916972046733	COLOC_PIP_ECAVIAR	3	Leisure/social activities - Adult education class (UKB data field 6160)	other
block464	MST1	ENSG00000173531	b3772139f3934768445ce3c0cee2745c	UKB_PPP_EUR_MST1_P26927_OID30713_v1	rs11130213	3	49674864	False	a2cd8e66bc5a145a05560f07735fbfe6	GCST006573	rs11921590	3	49606760	0.09313123152077063	0.9068687684792294	0.008919315081820152	COLOC_PIP_ECAVIAR	3	Self-reported math ability	other
block464	MST1	ENSG00000173531	b3772139f3934768445ce3c0cee2745c	UKB_PPP_EUR_MST1_P26927_OID30713_v1	rs11130213	3	49674864	False	7440f50b1aefe176f9ead711cda2e264	GCST004611	rs9837520	3	49684923	0.09381212415711766	0.9061878758428823	0.00884503952716717	COLOC_PIP_ECAVIAR	2	High light scatter reticulocyte count	other
block464	MST1	ENSG00000173531	b3772139f3934768445ce3c0cee2745c	UKB_PPP_EUR_MST1_P26927_OID30713_v1	rs11130213	3	49674864	False	ef54c482c6d5a1f56c947f47a8b72ae9	GCST90476395	rs9824092	3	49636714	0.09435669816104615	0.9056433018389538	0.008843420213871613	COLOC_PIP_ECAVIAR	3	Sodium (mean, inv-norm transformed)	other
block464	MST1	ENSG00000173531	b3772139f3934768445ce3c0cee2745c	UKB_PPP_EUR_MST1_P26927_OID30713_v1	rs11130213	3	49674864	False	69b6919da600a787c1f8ccc0ca2a366b	GCST90692820	rs7632342	3	49593788	0.09446305170435869	0.9055369482956414	0.008787946224389087	COLOC_PIP_ECAVIAR	3	Systolic blood pressure, automated reading, adjusted by medication	other
block464	MST1	ENSG00000173531	b3772139f3934768445ce3c0cee2745c	UKB_PPP_EUR_MST1_P26927_OID30713_v1	rs11130213	3	49674864	False	4694a1c94c12fb65e2dc8d9495075139	GCST90044293	rs1873625	3	49629531	0.09639313670049193	0.9036068632995081	0.00862542672228628	COLOC_PIP_ECAVIAR	3	Qualifications: A levels/AS levels or equivalent (UKB data field 6138_2)	other
block464	MST1	ENSG00000173531	9fbee1f5c8afd1478ddf9279e8ced804	UKB_PPP_EUR_MST1_P26927_OID30713_v1	rs116643069	3	49706279	False	bcbeecd394a5bccfe6edcd80ee5c96cf	GCST90498653	rs150350500	3	49588500	0.09663205309468854	0.9033679469053114	0.008579344185336363	COLOC_PIP_ECAVIAR	2	Phospholipids in medium HDL	other
block464	MST1	ENSG00000173531	b3772139f3934768445ce3c0cee2745c	UKB_PPP_EUR_MST1_P26927_OID30713_v1	rs11130213	3	49674864	False	b8e8a26900e9d7256fc2bccd2e0be267	GCST90692981	rs7632342	3	49593788	0.09804930352686392	0.9019506964731361	0.008430871792647135	COLOC_PIP_ECAVIAR	3	Systolic blood pressure, automated reading, adjusted by medication - raw	other
block464	MST1	ENSG00000173531	4d449daa04671711484d846762c348fe	UKB_PPP_EUR_MST1_P26927_OID30713_v1	rs9858428	3	49840152	False	3b1f7f53a078f32471f040cf327fc6e1	GCST90432154	rs9832454	3	50180125	0.0982414438011397	0.9017585561988604	0.008283583751580764	COLOC_PIP_ECAVIAR	4	Basal ganglia structure	other
block464	MST1	ENSG00000173531	9fbee1f5c8afd1478ddf9279e8ced804	UKB_PPP_EUR_MST1_P26927_OID30713_v1	rs116643069	3	49706279	False	86777f7edd713b9f68f1265bbe5e5c30	GCST90013872	rs150350500	3	49588500	0.0984031751296113	0.9015968248703887	0.00844517954402523	COLOC_PIP_ECAVIAR	2	Total bilirubin levels (UKB data field 30840)	other
block464	MST1	ENSG00000173531	c3aa07d38ce2f709985b31e31b7637e7	UKB_PPP_EUR_MST1_P26927_OID30713_v1	rs6774202	3	49650346	False	964695ea054b2fc2af171f5c1fc67a72	GCST90692780	rs7637711	3	49792220	0.0985240233479788	0.9014759766520213	0.008314281574194435	COLOC_PIP_ECAVIAR	6	Glycated hemoglobin HbA1c levels	other
block464	MST1	ENSG00000173531	b3772139f3934768445ce3c0cee2745c	UKB_PPP_EUR_MST1_P26927_OID30713_v1	rs11130213	3	49674864	False	b0a0ab67fa2834fbca4bcec41f1c6e18	GCST90692562	rs9837520	3	49684923	0.09893423689405367	0.9010657631059463	0.00835473600010385	COLOC_PIP_ECAVIAR	3	Leisure/social activities - None of the above (UKB data field 6160)	other
block464	MST1	ENSG00000173531	9fbee1f5c8afd1478ddf9279e8ced804	UKB_PPP_EUR_MST1_P26927_OID30713_v1	rs116643069	3	49706279	False	3da6f78d111ebc7086e29dec1504ee04	GCST90479632	rs150350500	3	49588500	0.09947871414125635	0.9005212858587436	0.008295991046734338	COLOC_PIP_ECAVIAR	2	high density lipoprotein cholesterol (HDLC, mean, inv-norm transformed)	other
block464	MST1	ENSG00000173531	b3772139f3934768445ce3c0cee2745c	UKB_PPP_EUR_MST1_P26927_OID30713_v1	rs11130213	3	49674864	False	80e95ecff4d889ff1fb67638276ca928	GCST90692218	rs9837520	3	49684923	0.09995817049325326	0.9000418295067467	0.008251846774244264	COLOC_PIP_ECAVIAR	3	Leisure/social activities - None of the above (UKB data field 6160)	other
block464	MST1	ENSG00000173531	9fbee1f5c8afd1478ddf9279e8ced804	UKB_PPP_EUR_MST1_P26927_OID30713_v1	rs116643069	3	49706279	False	40aed6f5db050d8a35b1627b8ff2e671	GCST90479631	rs150350500	3	49588500	0.10204184079051705	0.897958159209483	0.008086347473780812	COLOC_PIP_ECAVIAR	2	high density lipoprotein cholesterol (HDLC, maximum, inv-norm transformed)	other
block464	MST1	ENSG00000173531	b3772139f3934768445ce3c0cee2745c	UKB_PPP_EUR_MST1_P26927_OID30713_v1	rs11130213	3	49674864	False	d26a4c9f189f5d122cb2183ee64f7f6f	GCST90691584	rs7650253	3	49393727	0.10294879384620859	0.8970512061537914	0.007986782942765005	COLOC_PIP_ECAVIAR	3	Vitamin D levels	other
block464	MST1	ENSG00000173531	c3aa07d38ce2f709985b31e31b7637e7	UKB_PPP_EUR_MST1_P26927_OID30713_v1	rs6774202	3	49650346	False	173713e8d6c955e7aa14ddd0abbf1907	GCST90475591	rs55754265	3	49650053	0.10296737489800667	0.8970326251019933	0.007873958093684588	COLOC_PIP_ECAVIAR	17	Cancer of prostate (PheCode 185)	other
block464	MST1	ENSG00000173531	f83c3130cde573fb8c85242bc83b435a	UKB_PPP_EUR_MST1_P26927_OID30713_v1	rs72094481	3	50329448	False	5afb3ad3464d2852d946491a5597cabe	GCST90566695	rs73082936	3	50475543	0.1033499449784486	0.8966500550215514	0.008174461904538808	COLOC_PIP_ECAVIAR	1	Educational attainment	other
block464	MST1	ENSG00000173531	c3aa07d38ce2f709985b31e31b7637e7	UKB_PPP_EUR_MST1_P26927_OID30713_v1	rs6774202	3	49650346	False	1cce0e5784dee2294ed157453f517e70	GCST90565844	rs6790568	3	49798017	0.10347665150826171	0.8965233484917382	0.007883495497115525	COLOC_PIP_ECAVIAR	11	Forced expiratory volume (baseline)	other
block464	MST1	ENSG00000173531	b3772139f3934768445ce3c0cee2745c	UKB_PPP_EUR_MST1_P26927_OID30713_v1	rs11130213	3	49674864	False	e9bb705e4f5f9d0e0e820d0a32c97dbc	GCST90692669	rs3197999	3	49684099	0.10429970195500717	0.8957002980449928	0.007883900630461873	COLOC_PIP_ECAVIAR	3	Leisure/social activities - None of the above (UKB data field 6160)	other
block464	MST1	ENSG00000173531	b3772139f3934768445ce3c0cee2745c	UKB_PPP_EUR_MST1_P26927_OID30713_v1	rs11130213	3	49674864	False	37144868096f5c5918617c3260de0a3b	GCST90691716	rs3197999	3	49684099	0.10441624916811364	0.8955837508318863	0.007873197576029733	COLOC_PIP_ECAVIAR	3	Leisure/social activities - None of the above (UKB data field 6160)	other
block464	MST1	ENSG00000173531	9fbee1f5c8afd1478ddf9279e8ced804	UKB_PPP_EUR_MST1_P26927_OID30713_v1	rs116643069	3	49706279	False	378a0f8dff676a41023cb4b3b15192ad	GCST90475100	rs150350500	3	49588500	0.1048319401106656	0.8951680598893345	0.007833653632552971	COLOC_PIP_ECAVIAR	2	Albumin (maximum, inv-norm transformed)	other
block464	MST1	ENSG00000173531	9fbee1f5c8afd1478ddf9279e8ced804	UKB_PPP_EUR_MST1_P26927_OID30713_v1	rs116643069	3	49706279	False	2678b054be453ce5d6773b6308e975ad	FINNGEN_R12_C3_URINARY_TRACT_EXALLC	rs76227412	3	49781004	0.10799093306605935	0.8920090669339407	0.007565612418241481	COLOC_PIP_ECAVIAR	2	Malignant neoplasm of urinary organs, excluding all cancers (controls excluding all cancers)	other
block464	MST1	ENSG00000173531	b3772139f3934768445ce3c0cee2745c	UKB_PPP_EUR_MST1_P26927_OID30713_v1	rs11130213	3	49674864	False	f96fd2d9ca27d15b905219c1f44b8f96	GCST90693038	rs3197999	3	49684099	0.10800391347122787	0.891996086528772	0.007572704705255112	COLOC_PIP_ECAVIAR	3	Qualifications - A levels/AS levels or equivalent (UKB data field 6138)	other
block464	MST1	ENSG00000173531	b3772139f3934768445ce3c0cee2745c	UKB_PPP_EUR_MST1_P26927_OID30713_v1	rs11130213	3	49674864	False	4a13b033ce1d38d86dc8ea0b157e3df8	GCST90691683	rs3197999	3	49684099	0.10801202908160006	0.8919879709183999	0.00757232483845794	COLOC_PIP_ECAVIAR	3	Qualifications - A levels/AS levels or equivalent (UKB data field 6138)	other
block464	MST1	ENSG00000173531	9fbee1f5c8afd1478ddf9279e8ced804	UKB_PPP_EUR_MST1_P26927_OID30713_v1	rs116643069	3	49706279	False	157595becf9a8ca2254ea1511ace9ac1	GCST90499443	rs150350500	3	49588500	0.10886235412392213	0.8911376458760778	0.007506300690999675	COLOC_PIP_ECAVIAR	2	Total lipids in small HDL	other
block464	MST1	ENSG00000173531	b3772139f3934768445ce3c0cee2745c	UKB_PPP_EUR_MST1_P26927_OID30713_v1	rs11130213	3	49674864	False	c7df9fa7f9da4ddc91ad8520fdf2c41b	GCST90018960	rs11272058	3	49617277	0.1089801830214437	0.8910198169785564	0.007512915431055139	COLOC_PIP_ECAVIAR	3	Hematocrit	other
block464	MST1	ENSG00000173531	b3772139f3934768445ce3c0cee2745c	UKB_PPP_EUR_MST1_P26927_OID30713_v1	rs11130213	3	49674864	False	05388e933aeeec8ca438d72513b36b96	GCST90693038	rs11272058	3	49617277	0.10910927812871411	0.8908907218712859	0.007492696692063967	COLOC_PIP_ECAVIAR	3	Qualifications - A levels/AS levels or equivalent (UKB data field 6138)	other
block464	MST1	ENSG00000173531	b3772139f3934768445ce3c0cee2745c	UKB_PPP_EUR_MST1_P26927_OID30713_v1	rs11130213	3	49674864	False	89b12a2c8aff7ab2238f9d6184e027a0	GCST90691683	rs11272058	3	49617277	0.1091152441724933	0.8908847558275066	0.007492247358626346	COLOC_PIP_ECAVIAR	3	Qualifications - A levels/AS levels or equivalent (UKB data field 6138)	other
block464	MST1	ENSG00000173531	b3772139f3934768445ce3c0cee2745c	UKB_PPP_EUR_MST1_P26927_OID30713_v1	rs11130213	3	49674864	False	60059a06146661726c5b5a3052428a32	GCST90247336	rs371314787	3	49672479	0.10914303458598565	0.8908569654140144	0.00748898978950306	COLOC_PIP_ECAVIAR	3	Dedicator of cytokinesis protein 9 levels	other
block464	MST1	ENSG00000173531	b3772139f3934768445ce3c0cee2745c	UKB_PPP_EUR_MST1_P26927_OID30713_v1	rs11130213	3	49674864	False	f64cb9061dc7c16c75fe453232173dbd	GCST90044417	rs11917431	3	49606579	0.10927541007436715	0.8907245899256329	0.0075178276695846875	COLOC_PIP_ECAVIAR	3	Leisure/social activities: Other group activity (UKB data field 6160_5)	other
block464	MST1	ENSG00000173531	c3aa07d38ce2f709985b31e31b7637e7	UKB_PPP_EUR_MST1_P26927_OID30713_v1	rs6774202	3	49650346	False	44a5996b3e95fbb2d8db353d9749966d	GCST90480723	rs34989545	3	49585199	0.10968655876729881	0.8903134412327012	0.007327609083765636	COLOC_PIP_ECAVIAR	20	white blood cell count (WBC, maximum, inv-norm transformed)	other
block464	MST1	ENSG00000173531	e2d66bb49fddec506d3eeee04083711f	UKB_PPP_EUR_MST1_P26927_OID30713_v1	rs71278637	3	49754596	False	e55ca6931a5059d98be5219443f0f4c7	GCST90310294	rs13061156	3	49710127	0.11046129850627578	0.8895387014937242	0.007623566457079187	COLOC_PIP_ECAVIAR	1	Systolic blood pressure	other
block464	MST1	ENSG00000173531	c3aa07d38ce2f709985b31e31b7637e7	UKB_PPP_EUR_MST1_P26927_OID30713_v1	rs6774202	3	49650346	False	d29c6c11a5fa05b86a8de13a1f66afa7	GCST90480182	rs11130207	3	49574233	0.11150379320605691	0.888496206793943	0.007201819656976503	COLOC_PIP_ECAVIAR	20	Heart failure with reduced EF [Systolic or combined heart failure] (PheCode 428.3)	other
block464	MST1	ENSG00000173531	9fbee1f5c8afd1478ddf9279e8ced804	UKB_PPP_EUR_MST1_P26927_OID30713_v1	rs116643069	3	49706279	False	9e6d389ee2f46dd7460dfd8270faf4ca	GCST90019504	rs150350500	3	49588500	0.11163184167354515	0.8883681583264549	0.007285576214006903	COLOC_PIP_ECAVIAR	1	Cystatin C levels	other
block464	MST1	ENSG00000173531	b3772139f3934768445ce3c0cee2745c	UKB_PPP_EUR_MST1_P26927_OID30713_v1	rs11130213	3	49674864	False	95c8e7e13cf57460480e0f5c04bafffc	GCST90692985	rs3197999	3	49684099	0.11190264108480528	0.8880973589151947	0.007313441587885364	COLOC_PIP_ECAVIAR	3	Estimated glomerular filtration rate, serum creatinine + cystatin C	other
block464	MST1	ENSG00000173531	b3772139f3934768445ce3c0cee2745c	UKB_PPP_EUR_MST1_P26927_OID30713_v1	rs11130213	3	49674864	False	cbb9b40ddd574fbf62799bd91f4cbb2c	GCST90691916	rs11917431	3	49606579	0.11231997319742659	0.8876800268025734	0.007248196561031114	COLOC_PIP_ECAVIAR	3	Systolic blood pressure, automated reading, adjusted by medication - raw	other
block464	MST1	ENSG00000173531	c3aa07d38ce2f709985b31e31b7637e7	UKB_PPP_EUR_MST1_P26927_OID30713_v1	rs6774202	3	49650346	False	f801c7da68912e1248f43aa28bd5eac2	GCST90566795	rs11130207	3	49574233	0.11263672684177915	0.8873632731582208	0.007143233860541502	COLOC_PIP_ECAVIAR	20	Osteoarthritis	other
block464	MST1	ENSG00000173531	c3aa07d38ce2f709985b31e31b7637e7	UKB_PPP_EUR_MST1_P26927_OID30713_v1	rs6774202	3	49650346	False	e656f1889276ff513be8f3e85ba03b7a	GCST90691576	rs7637711	3	49792220	0.11277121865715395	0.887228781342846	0.007172641746154762	COLOC_PIP_ECAVIAR	6	Glycated hemoglobin HbA1c levels	other
block464	MST1	ENSG00000173531	b3772139f3934768445ce3c0cee2745c	UKB_PPP_EUR_MST1_P26927_OID30713_v1	rs11130213	3	49674864	False	5a2dc4ca16b2fb1de97c03b8dcb0bb39	GCST90018957	rs11272058	3	49617277	0.11452179185351115	0.8854782081464888	0.007099963937556634	COLOC_PIP_ECAVIAR	3	Hemoglobin	other
block464	MST1	ENSG00000173531	b3772139f3934768445ce3c0cee2745c	UKB_PPP_EUR_MST1_P26927_OID30713_v1	rs11130213	3	49674864	False	38be279d0c9b3a369961daeba288f622	GCST90044416	rs6779524	3	49413016	0.11741041945568623	0.8825895805443138	0.006903251505984021	COLOC_PIP_ECAVIAR	3	Leisure/social activities: Adult education class (UKB data field 6160_4)	other
block464	MST1	ENSG00000173531	b3772139f3934768445ce3c0cee2745c	UKB_PPP_EUR_MST1_P26927_OID30713_v1	rs11130213	3	49674864	False	509e117aed035ea9eb98e7ad6b65fd0c	GCST90002402	rs11710037	3	49637901	0.1190992826254745	0.8809007173745256	0.00681342872975511	COLOC_PIP_ECAVIAR	2	Platelet count	other
block464	MST1	ENSG00000173531	b3772139f3934768445ce3c0cee2745c	UKB_PPP_EUR_MST1_P26927_OID30713_v1	rs11130213	3	49674864	False	6631ec78bf35496a5f7ba831b9c8c3b7	GCST90044297	rs11720597	3	49597921	0.12023376419688127	0.8797662358031186	0.006721691813403714	COLOC_PIP_ECAVIAR	3	Qualifications: Other professional qualifications eg: nursing, teaching (UKB data field 6138_6)	other
block464	MST1	ENSG00000173531	9fbee1f5c8afd1478ddf9279e8ced804	UKB_PPP_EUR_MST1_P26927_OID30713_v1	rs116643069	3	49706279	False	082f26bb3f925802b0aaa59a08455e76	GCST90499494	rs150350500	3	49588500	0.12141511668276432	0.8785848833172357	0.006669740364824588	COLOC_PIP_ECAVIAR	2	Phospholipids in small HDL	other
block464	MST1	ENSG00000173531	ef4f2c008350857e26f73f175c107106	UKB_PPP_EUR_MST1_P26927_OID30713_v1	rs137950269	3	48952618	False	c86082938c766dbb37192c7f65fdd2e1	GCST90692927	rs4395393	3	49891181	0.12367464615775214	0.876325353842248	0.006584386348022788	COLOC_PIP_ECAVIAR	1	Platelet distribution width (UKB data field 30110)	other
block464	MST1	ENSG00000173531	b3772139f3934768445ce3c0cee2745c	UKB_PPP_EUR_MST1_P26927_OID30713_v1	rs11130213	3	49674864	False	63f3c1f4f914de876f7b92dfa91a0b97	GCST006569	rs11917431	3	49606579	0.12479486717357324	0.8752051328264266	0.006448839159621624	COLOC_PIP_ECAVIAR	3	Self-reported math ability (MTAG)	other
block464	MST1	ENSG00000173531	9fbee1f5c8afd1478ddf9279e8ced804	UKB_PPP_EUR_MST1_P26927_OID30713_v1	rs116643069	3	49706279	False	1bbb6596ea8f9c42045d1c9a9d880c9f	GCST90499403	rs140867372	3	49908429	0.12893832799064542	0.8710616720093546	0.006206458887610252	COLOC_PIP_ECAVIAR	2	Cholesteryl Esters in Small HDL	other
block464	MST1	ENSG00000173531	b3772139f3934768445ce3c0cee2745c	UKB_PPP_EUR_MST1_P26927_OID30713_v1	rs11130213	3	49674864	False	229729861e4af85bb4f5ed0972827536	GCST90691915	rs7632342	3	49593788	0.12936004649265037	0.8706399535073496	0.0061838039705558	COLOC_PIP_ECAVIAR	3	Systolic blood pressure, automated reading, adjusted by medication	other
block464	MST1	ENSG00000173531	b3772139f3934768445ce3c0cee2745c	UKB_PPP_EUR_MST1_P26927_OID30713_v1	rs11130213	3	49674864	False	014c63feeb07e4901d21e96b8c589143	GCST90476027	rs71615484	3	49480866	0.13032923276016195	0.8696707672398379	0.006138634873959419	COLOC_PIP_ECAVIAR	3	Chronic airway obstruction (PheCode 496)	other
block464	MST1	ENSG00000173531	9fbee1f5c8afd1478ddf9279e8ced804	UKB_PPP_EUR_MST1_P26927_OID30713_v1	rs116643069	3	49706279	False	d1661e5c5a4a89dc35a4cd14eca6df8a	GCST90499369	rs140867372	3	49908429	0.13058126539138	0.86941873460862	0.006122957071009075	COLOC_PIP_ECAVIAR	2	Cholesterol in Small HDL	other
block464	MST1	ENSG00000173531	9fbee1f5c8afd1478ddf9279e8ced804	UKB_PPP_EUR_MST1_P26927_OID30713_v1	rs116643069	3	49706279	False	b43a7d450bec6136b6cd20215a5cf168	GCST90497320	rs202002949	3	48709846	0.1323137269418104	0.8676862730581896	0.006033510391710397	COLOC_PIP_ECAVIAR	1	Glycoprotein acetyls levels	other
block464	MST1	ENSG00000173531	5eed7837608ca3479c42ba459900efaf	UKB_PPP_EUR_MST1_P26927_OID30713_v1	rs6773098	3	51572415	False	f7e4020661679ad69265d851bb3a9f33	GCST90101095	rs9869826	3	50961385	0.13336917094623268	0.8666308290537673	0.006145072512475329	COLOC_PIP_ECAVIAR	3	Hepatocyte growth factor-like protein levels	other
block464	MST1	ENSG00000173531	9fbee1f5c8afd1478ddf9279e8ced804	UKB_PPP_EUR_MST1_P26927_OID30713_v1	rs116643069	3	49706279	False	0a44fad89e2484ea715ccacaa51fd8c4	GCST90499461	rs140867372	3	49908429	0.1338185752054451	0.8661814247945548	0.005963867729076988	COLOC_PIP_ECAVIAR	2	Concentration of small HDL particles	other
block464	MST1	ENSG00000173531	b3772139f3934768445ce3c0cee2745c	UKB_PPP_EUR_MST1_P26927_OID30713_v1	rs11130213	3	49674864	False	10070a6445b3dc053d9a70bec7ac519c	GCST90319608	rs60482815	3	49452755	0.13405794652289466	0.8659420534771054	0.005935076257753245	COLOC_PIP_ECAVIAR	1	Serum creatinine levels	other
block464	MST1	ENSG00000173531	b3772139f3934768445ce3c0cee2745c	UKB_PPP_EUR_MST1_P26927_OID30713_v1	rs11130213	3	49674864	False	2f636d881bad9c40c1d22b87641c05a4	GCST90692983	rs7632342	3	49593788	0.13610299700548537	0.8638970029945146	0.005837196911215701	COLOC_PIP_ECAVIAR	3	Systolic blood pressure, combined automated + manual reading, adjusted by medication - raw	other
block464	MST1	ENSG00000173531	b3772139f3934768445ce3c0cee2745c	UKB_PPP_EUR_MST1_P26927_OID30713_v1	rs11130213	3	49674864	False	34a90f47457add2cc5bb8818a1e7498e	GCST90476027	rs11720597	3	49597921	0.1388588085982409	0.861141191401759	0.005703559932698605	COLOC_PIP_ECAVIAR	3	Chronic airway obstruction (PheCode 496)	other
block464	MST1	ENSG00000173531	c3aa07d38ce2f709985b31e31b7637e7	UKB_PPP_EUR_MST1_P26927_OID30713_v1	rs6774202	3	49650346	False	9acb28bc1a26ffbaa06cc71c797d8980	GCST90274713	rs55754265	3	49650053	0.14336328283028069	0.8566367171697192	0.00540643525923464	COLOC_PIP_ECAVIAR	20	Prostate cancer	other
block464	MST1	ENSG00000173531	b3772139f3934768445ce3c0cee2745c	UKB_PPP_EUR_MST1_P26927_OID30713_v1	rs11130213	3	49674864	False	05e6635c56f765b69c8d92b8bb221da5	GCST90474354	rs11272058	3	49617277	0.14471675142135282	0.8552832485786472	0.005440848842415058	COLOC_PIP_ECAVIAR	3	Cystatin C levels (UKB data field 30720)	other
block464	MST1	ENSG00000173531	b3772139f3934768445ce3c0cee2745c	UKB_PPP_EUR_MST1_P26927_OID30713_v1	rs11130213	3	49674864	False	9bede3d9aa1db2a105147c884e350573	GCST90692563	rs11917431	3	49606579	0.14552881681959431	0.8544711831804056	0.005420754352829979	COLOC_PIP_ECAVIAR	3	Leisure/social activities - Other group activity (UKB data field 6160)	other
block464	MST1	ENSG00000173531	c9467a045dcbae1d0bf1db4d7ef398f5	UKB_PPP_EUR_MST1_P26927_OID30713_v1	rs9879725	3	50972004	False	341d3348f9b837d0c187ec325cd2a614	GCST90692984	rs11716837	3	51124512	0.14894710380240284	0.8510528961975972	0.005423921860191345	COLOC_PIP_ECAVIAR	1	Estimated glomerular filtration rate (cystatin c)	other
block464	MST1	ENSG00000173531	b3772139f3934768445ce3c0cee2745c	UKB_PPP_EUR_MST1_P26927_OID30713_v1	rs11130213	3	49674864	False	09fdd6ca5b83012767be5d67372bb56b	GCST90044294	rs4625	3	49534707	0.1501908602922661	0.8498091397077339	0.005221153392830028	COLOC_PIP_ECAVIAR	3	Qualifications: O levels/GCSEs or equivalent (UKB data field 6138_3)	other
block464	MST1	ENSG00000173531	b3772139f3934768445ce3c0cee2745c	UKB_PPP_EUR_MST1_P26927_OID30713_v1	rs11130213	3	49674864	False	1cec13d1f245b878c8efef5d53944d46	GCST90691718	rs11917431	3	49606579	0.15070528983960582	0.8492947101603942	0.005184022538384712	COLOC_PIP_ECAVIAR	3	Leisure/social activities - Other group activity (UKB data field 6160)	other
block464	MST1	ENSG00000173531	b3772139f3934768445ce3c0cee2745c	UKB_PPP_EUR_MST1_P26927_OID30713_v1	rs11130213	3	49674864	False	77f61a9165d448b8633ce89ce3866d86	GCST90693075	rs11917431	3	49606579	0.15071070585663066	0.8492892941433694	0.0051838096392766205	COLOC_PIP_ECAVIAR	3	Leisure/social activities - Other group activity (UKB data field 6160)	other
block464	MST1	ENSG00000173531	b3772139f3934768445ce3c0cee2745c	UKB_PPP_EUR_MST1_P26927_OID30713_v1	rs11130213	3	49674864	False	541ac99b499523b4ac2a14b013333c4e	GCST90692982	rs7632342	3	49593788	0.15341073728914664	0.8465892627108534	0.005080139556829571	COLOC_PIP_ECAVIAR	3	Systolic blood pressure, combined automated + manual reading, adjusted by medication	other
block464	MST1	ENSG00000173531	c3aa07d38ce2f709985b31e31b7637e7	UKB_PPP_EUR_MST1_P26927_OID30713_v1	rs6774202	3	49650346	False	55b07cdf0eab77c7c93b17ca1e3fd322	GCST90476349	rs9836756	3	49785476	0.15449772939818934	0.8455022706018107	0.004991792714648443	COLOC_PIP_ECAVIAR	2	red blood cell count (RBC, mean, inv-norm transformed)	other
block464	MST1	ENSG00000173531	b3772139f3934768445ce3c0cee2745c	UKB_PPP_EUR_MST1_P26927_OID30713_v1	rs11130213	3	49674864	False	e538e9d8cc46b032a8995ce9b7940a15	GCST90248544	rs11272058	3	49617277	0.15930505417005095	0.840694945829949	0.00486397802126545	COLOC_PIP_ECAVIAR	3	Interferon-induced GTP-binding protein Mx1 levels	other
block464	MST1	ENSG00000173531	b3772139f3934768445ce3c0cee2745c	UKB_PPP_EUR_MST1_P26927_OID30713_v1	rs11130213	3	49674864	False	eba44c8378c0284051338672a7fdafe2	GCST90691919	rs7632342	3	49593788	0.161464708864726	0.838535291135274	0.004783986104051526	COLOC_PIP_ECAVIAR	3	Systolic blood pressure, combined automated + manual reading, adjusted by medication - raw	other
block464	MST1	ENSG00000173531	b3772139f3934768445ce3c0cee2745c	UKB_PPP_EUR_MST1_P26927_OID30713_v1	rs11130213	3	49674864	False	bb6e7e552469766ca4b76075d46bba55	GCST90475372	rs7622302	3	49510128	0.16208568020086117	0.8379143197991388	0.004765817516589428	COLOC_PIP_ECAVIAR	3	hemoglobin (maximum, inv-norm transformed)	other
block464	MST1	ENSG00000173531	c3aa07d38ce2f709985b31e31b7637e7	UKB_PPP_EUR_MST1_P26927_OID30713_v1	rs6774202	3	49650346	False	3b663ec58bfd21b197d504a06f9c87b5	GCST90691840	rs9869120	3	49586632	0.16420821860084675	0.8357917813991532	0.0046240650067943005	COLOC_PIP_ECAVIAR	19	Forced expiratory volume in 1-second (FEV1) (UKB data field 3063)	other
block464	MST1	ENSG00000173531	b3772139f3934768445ce3c0cee2745c	UKB_PPP_EUR_MST1_P26927_OID30713_v1	rs11130213	3	49674864	False	54985594b98c98191c05a36c75aad363	GCST90692664	rs7650253	3	49393727	0.16482676378001265	0.8351732362199873	0.004661573716693867	COLOC_PIP_ECAVIAR	3	Vitamin D levels	other
block464	MST1	ENSG00000173531	b3772139f3934768445ce3c0cee2745c	UKB_PPP_EUR_MST1_P26927_OID30713_v1	rs11130213	3	49674864	False	e54d0c7e5f6353f2adcb8450ec9d950e	GCST90692194	rs11708955	3	49502681	0.16601993516554	0.83398006483446	0.004627502042328211	COLOC_PIP_ECAVIAR	3	Qualifications - Other professional qualifications eg: nursing, teaching (UKB data field 6138)	other
block464	MST1	ENSG00000173531	9fbee1f5c8afd1478ddf9279e8ced804	UKB_PPP_EUR_MST1_P26927_OID30713_v1	rs116643069	3	49706279	False	5e06c0c1b01465c497af303d5ce3a153	GCST90239673	rs150350500	3	49588500	0.16779733386400567	0.8322026661359944	0.0045714946661038645	COLOC_PIP_ECAVIAR	2	Total cholesterol levels	other
block464	MST1	ENSG00000173531	4d449daa04671711484d846762c348fe	UKB_PPP_EUR_MST1_P26927_OID30713_v1	rs9858428	3	49840152	False	147c72ca093894af438581eae6a83842	GCST90619025	rs11716820	3	50190883	0.1683114952987613	0.8316885047012387	0.00448377024588731	COLOC_PIP_ECAVIAR	4	3-oxoacyl-[acyl-carrier-protein] synthase, mitochondrial protein level	other
block464	MST1	ENSG00000173531	4d449daa04671711484d846762c348fe	UKB_PPP_EUR_MST1_P26927_OID30713_v1	rs9858428	3	49840152	False	edab928c932584571544dee2b8d9f605	GCST90018979	rs11711814	3	50007380	0.16877939812680623	0.8312206018731938	0.004460593827473975	COLOC_PIP_ECAVIAR	4	Serum creatinine levels	other
block464	MST1	ENSG00000173531	b3772139f3934768445ce3c0cee2745c	UKB_PPP_EUR_MST1_P26927_OID30713_v1	rs11130213	3	49674864	False	42d52a2e4773de515a4c86a9021b6a8c	GCST90692555	rs11708955	3	49502681	0.16921720615861685	0.8307827938413831	0.004531509738753302	COLOC_PIP_ECAVIAR	3	Qualifications - Other professional qualifications eg: nursing, teaching (UKB data field 6138)	other
block464	MST1	ENSG00000173531	b3772139f3934768445ce3c0cee2745c	UKB_PPP_EUR_MST1_P26927_OID30713_v1	rs11130213	3	49674864	False	eb604b6ab593781058d802a468bf7794	GCST90692787	rs11708955	3	49502681	0.16921963138720697	0.8307803686127931	0.0045233671621386865	COLOC_PIP_ECAVIAR	3	Qualifications - Other professional qualifications eg: nursing, teaching (UKB data field 6138)	other
block464	MST1	ENSG00000173531	b3772139f3934768445ce3c0cee2745c	UKB_PPP_EUR_MST1_P26927_OID30713_v1	rs11130213	3	49674864	False	1880fcd92111b502b3fedb77600c1270	GCST90691687	rs11708955	3	49502681	0.1692239766936487	0.8307760233063514	0.0045228371080526155	COLOC_PIP_ECAVIAR	3	Qualifications - Other professional qualifications eg: nursing, teaching (UKB data field 6138)	other
block464	MST1	ENSG00000173531	b3772139f3934768445ce3c0cee2745c	UKB_PPP_EUR_MST1_P26927_OID30713_v1	rs11130213	3	49674864	False	be833cbf725351b7e93c1d6724d838d2	GCST90691919	rs11917431	3	49606579	0.16935862773734156	0.8306413722626584	0.00451846448793167	COLOC_PIP_ECAVIAR	3	Systolic blood pressure, combined automated + manual reading, adjusted by medication - raw	other
block464	MST1	ENSG00000173531	b3772139f3934768445ce3c0cee2745c	UKB_PPP_EUR_MST1_P26927_OID30713_v1	rs11130213	3	49674864	False	20c9424ccf6fdb2c478d5689e3388ae1	GCST90691925	rs3197999	3	49684099	0.17862665321455162	0.8213733467854484	0.004242469281807434	COLOC_PIP_ECAVIAR	2	Estimated glomerular filtration rate, serum creatinine + cystatin C	other
block464	MST1	ENSG00000173531	4d449daa04671711484d846762c348fe	UKB_PPP_EUR_MST1_P26927_OID30713_v1	rs9858428	3	49840152	False	dd9eede8b5fd96c4766fc6d779f5dbef	GCST90310163	rs73080977	3	50152098	0.1790754323795589	0.8209245676204412	0.004151560343978525	COLOC_PIP_ECAVIAR	4	Glycated haemoglobin HbA1c levels (UKB data field 30750)	other
block464	MST1	ENSG00000173531	9fbee1f5c8afd1478ddf9279e8ced804	UKB_PPP_EUR_MST1_P26927_OID30713_v1	rs116643069	3	49706279	False	bf6300f77503020b67cec14432207a16	GCST90320057	rs150350500	3	49588500	0.17965988206061473	0.8203401179393852	0.0041938678722342575	COLOC_PIP_ECAVIAR	1	Kidney cancer	other
block464	MST1	ENSG00000173531	b3772139f3934768445ce3c0cee2745c	UKB_PPP_EUR_MST1_P26927_OID30713_v1	rs11130213	3	49674864	False	1a2ff292111451b2792652a2f3d6653b	GCST90652548	rs34293138	3	49541584	0.1817310744718487	0.8182689255281512	0.004145235736459122	COLOC_PIP_ECAVIAR	3	Vitamin D levels	other
block464	MST1	ENSG00000173531	b3772139f3934768445ce3c0cee2745c	UKB_PPP_EUR_MST1_P26927_OID30713_v1	rs11130213	3	49674864	False	4d1ffaedec99f9cf5ec41b156a8fe3e8	GCST90691811	rs11272058	3	49617277	0.18190048418692997	0.8180995158130699	0.004144067133141995	COLOC_PIP_ECAVIAR	3	Haemoglobin concentration (UKB data field 30020)	other
block464	MST1	ENSG00000173531	b3772139f3934768445ce3c0cee2745c	UKB_PPP_EUR_MST1_P26927_OID30713_v1	rs11130213	3	49674864	False	bfc08915fb038b3d5f8e0e698cf3e666	GCST90692920	rs11272058	3	49617277	0.18221093754269713	0.8177890624573029	0.004140967785267733	COLOC_PIP_ECAVIAR	3	Haemoglobin concentration (UKB data field 30020)	other
block464	MST1	ENSG00000173531	4d449daa04671711484d846762c348fe	UKB_PPP_EUR_MST1_P26927_OID30713_v1	rs9858428	3	49840152	False	17d835033090de0c47c8c74785282f01	GCST90011875	rs11718982	3	49095121	0.18300424854863695	0.816995751451363	0.00404296745747264	COLOC_PIP_ECAVIAR	4	Cognitive aspects of educational attainment	other
block464	MST1	ENSG00000173531	4d449daa04671711484d846762c348fe	UKB_PPP_EUR_MST1_P26927_OID30713_v1	rs9858428	3	49840152	False	aef4ceb32bc67c2e549abc7c21fb7f84	GCST90134330	rs56306491	3	49277527	0.18575497456194365	0.8142450254380563	0.003972748923306472	COLOC_PIP_ECAVIAR	4	Attention deficit hyperactivity disorder or autism spectrum disorder or intelligence (pleiotropy)	other
block464	MST1	ENSG00000173531	b3772139f3934768445ce3c0cee2745c	UKB_PPP_EUR_MST1_P26927_OID30713_v1	rs11130213	3	49674864	False	d34a420a9713c7bda934d223a2cd0418	GCST90691918	rs7632342	3	49593788	0.1871330062767831	0.8128669937232169	0.00399941674391774	COLOC_PIP_ECAVIAR	3	Systolic blood pressure, combined automated + manual reading, adjusted by medication	other
block464	MST1	ENSG00000173531	b3772139f3934768445ce3c0cee2745c	UKB_PPP_EUR_MST1_P26927_OID30713_v1	rs11130213	3	49674864	False	0467fa0c86686b18f68c098b9987f5f6	GCST90610635	rs9812791	3	49644878	0.19226841193342611	0.8077315880665739	0.003891128869965522	COLOC_PIP_ECAVIAR	1	3-oxoacyl-[acyl-carrier-protein] synthase, mitochondrial protein level	other
block464	MST1	ENSG00000173531	9fbee1f5c8afd1478ddf9279e8ced804	UKB_PPP_EUR_MST1_P26927_OID30713_v1	rs116643069	3	49706279	False	ce9851d20c9ed113f205f622fc6481ab	FINNGEN_R12_C3_KIDNEY_NOTRENALPELVIS_EXALLC	rs76227412	3	49781004	0.1927090528832777	0.8072909471167222	0.003851731149005369	COLOC_PIP_ECAVIAR	2	Malignant neoplasm of kidney, except renal pelvis, excluding all cancers (controls excluding all cancers)	other
block464	MST1	ENSG00000173531	9fbee1f5c8afd1478ddf9279e8ced804	UKB_PPP_EUR_MST1_P26927_OID30713_v1	rs116643069	3	49706279	False	4c743bd6c68fa631da410e60b79efac1	GCST90692684	rs150350500	3	49588500	0.19289698426485888	0.8071030157351411	0.003864971767831962	COLOC_PIP_ECAVIAR	1	Albumin levels	other
block464	MST1	ENSG00000173531	b3772139f3934768445ce3c0cee2745c	UKB_PPP_EUR_MST1_P26927_OID30713_v1	rs11130213	3	49674864	False	4352b6ac1a743bf978e9d4c9b51c465a	GCST90479600	rs34363169	3	49500279	0.19352685900365948	0.8064731409963406	0.0038465863624669093	COLOC_PIP_ECAVIAR	3	estimated glomerular filtration rate (eGFR, minimum, inv-norm transformed)	other
block464	MST1	ENSG00000173531	b3772139f3934768445ce3c0cee2745c	UKB_PPP_EUR_MST1_P26927_OID30713_v1	rs11130213	3	49674864	False	478b932b12131020f851be350e2ef020	GCST90497236	rs11708955	3	49502681	0.19527641245609742	0.8047235875439026	0.003799617604993811	COLOC_PIP_ECAVIAR	3	Creatinine levels	other
block464	MST1	ENSG00000173531	e2d66bb49fddec506d3eeee04083711f	UKB_PPP_EUR_MST1_P26927_OID30713_v1	rs71278637	3	49754596	False	3920f04e8bc55bd7d74f3159c283fc5e	GCST90691834	rs142935903	3	49954419	0.19845474819002668	0.8015452518099734	0.0038897837239100165	COLOC_PIP_ECAVIAR	1	High light scatter reticulocyte percentage (UKB data field 30290)	other
block464	MST1	ENSG00000173531	b3772139f3934768445ce3c0cee2745c	UKB_PPP_EUR_MST1_P26927_OID30713_v1	rs11130213	3	49674864	False	099d51c8822d1084e7081ea17ea2af46	GCST90267294	rs11710037	3	49637901	0.19942304763108923	0.8005769523689107	0.0037032473093871207	COLOC_PIP_ECAVIAR	3	UK Biobank participation probability (standard GWA)	other
block464	MST1	ENSG00000173531	b3772139f3934768445ce3c0cee2745c	UKB_PPP_EUR_MST1_P26927_OID30713_v1	rs11130213	3	49674864	False	49350e3130f784539846aa89253e1300	GCST90476233	rs71615484	3	49480866	0.20201075670439136	0.7979892432956086	0.003640926589748	COLOC_PIP_ECAVIAR	3	Spinal stenosis (PheCode 720)	other
block464	MST1	ENSG00000173531	b3772139f3934768445ce3c0cee2745c	UKB_PPP_EUR_MST1_P26927_OID30713_v1	rs11130213	3	49674864	False	c3000e473973ccf9e4d0c2e4215c3027	GCST90309843	rs17080528	3	49352409	0.20473494483096052	0.7952650551690394	0.003579785983457003	COLOC_PIP_ECAVIAR	3	Leg fat mass right (UKB data field 23112)	other
block464	MST1	ENSG00000173531	b3772139f3934768445ce3c0cee2745c	UKB_PPP_EUR_MST1_P26927_OID30713_v1	rs11130213	3	49674864	False	405837b21f5cddbbb294346e4a19ef56	GCST90692473	rs11720597	3	49597921	0.2060349558393265	0.7939650441606736	0.003553499215790747	COLOC_PIP_ECAVIAR	3	Qualifications - None of the above (UKB data field 6138)	other
block464	MST1	ENSG00000173531	b3772139f3934768445ce3c0cee2745c	UKB_PPP_EUR_MST1_P26927_OID30713_v1	rs11130213	3	49674864	False	fdc996797af57c09fc84df11a2b612fc	GCST010085	rs11708955	3	49502681	0.20776475532559677	0.7922352446744033	0.0035163835388754778	COLOC_PIP_ECAVIAR	3	Leisure sedentary behaviour (computer use)	other
block464	MST1	ENSG00000173531	b3772139f3934768445ce3c0cee2745c	UKB_PPP_EUR_MST1_P26927_OID30713_v1	rs11130213	3	49674864	False	ab4c07b8f39a5008d828d353b9ea8eab	GCST90041797	rs7623659	3	49377358	0.20834683015109337	0.7916531698489067	0.003503941932800001	COLOC_PIP_ECAVIAR	3	Cereal type: Muesli (UKB data field 1468_4)	other
block464	MST1	ENSG00000173531	b3772139f3934768445ce3c0cee2745c	UKB_PPP_EUR_MST1_P26927_OID30713_v1	rs11130213	3	49674864	False	21fd00b7e936dbc351ec4f59bf37ce31	GCST007078	rs35999162	3	49559797	0.20900672788701327	0.7909932721129868	0.003484990638496682	COLOC_PIP_ECAVIAR	3	Menarche (age at onset)	other
block464	MST1	ENSG00000173531	c3aa07d38ce2f709985b31e31b7637e7	UKB_PPP_EUR_MST1_P26927_OID30713_v1	rs6774202	3	49650346	False	0586e1aae6880a7089c4dfc8b451e500	FINNGEN_R12_KRA_PSY_ANYMENTAL	rs7646288	3	49608830	0.20901605048227573	0.7909839495177243	0.003433095592598959	COLOC_PIP_ECAVIAR	19	Any mental disorder	other
block464	MST1	ENSG00000173531	b3772139f3934768445ce3c0cee2745c	UKB_PPP_EUR_MST1_P26927_OID30713_v1	rs11130213	3	49674864	False	b5449d9ae22240a63b16ed9e90400ed0	GCST90309828	rs3811699	3	49358927	0.21019586138991203	0.7898041386100879	0.0034703678981552353	COLOC_PIP_ECAVIAR	3	Body mass index (UKB data field 21001)	other
block464	MST1	ENSG00000173531	b3772139f3934768445ce3c0cee2745c	UKB_PPP_EUR_MST1_P26927_OID30713_v1	rs11130213	3	49674864	False	f4f758b11ba599b2b1d24cdfb899359e	GCST90692552	rs11720597	3	49597921	0.21192798546765174	0.7880720145323483	0.003431507333642201	COLOC_PIP_ECAVIAR	3	Qualifications - None of the above (UKB data field 6138)	other
block464	MST1	ENSG00000173531	b3772139f3934768445ce3c0cee2745c	UKB_PPP_EUR_MST1_P26927_OID30713_v1	rs11130213	3	49674864	False	5b5c7d52fe7ac626b7e607636ed53268	GCST90309835	rs3811699	3	49358927	0.21269810052495164	0.7873018994750484	0.003412185236960067	COLOC_PIP_ECAVIAR	3	Body mass index (UKB data field 23104)	other
block464	MST1	ENSG00000173531	b3772139f3934768445ce3c0cee2745c	UKB_PPP_EUR_MST1_P26927_OID30713_v1	rs11130213	3	49674864	False	cf4683e827124cf16a37f82b60f6ce35	GCST90429582	rs7623659	3	49377358	0.21361847319019545	0.7863815268098047	0.0033933330162980906	COLOC_PIP_ECAVIAR	3	Arm fat mass left (UKB data field 23124)	other
block464	MST1	ENSG00000173531	b3772139f3934768445ce3c0cee2745c	UKB_PPP_EUR_MST1_P26927_OID30713_v1	rs11130213	3	49674864	False	4d70f67d1d52b6f62a0b1b8a3df0f99d	GCST90309842	rs17080528	3	49352409	0.21379096539100706	0.7862090346089929	0.0033947227582904835	COLOC_PIP_ECAVIAR	3	Leg fat percentage right (UKB data field 23111)	other
block464	MST1	ENSG00000173531	9fbee1f5c8afd1478ddf9279e8ced804	UKB_PPP_EUR_MST1_P26927_OID30713_v1	rs116643069	3	49706279	False	f6cfbb6765ff3dae5fb2f0aca1a7f759	GCST90475508	rs143466427	3	50375941	0.21401744283767696	0.785982557162323	0.0033896038978339592	COLOC_PIP_ECAVIAR	1	monocyte (fraction, maximum, inv-norm transformed)	other
block464	MST1	ENSG00000173531	b3772139f3934768445ce3c0cee2745c	UKB_PPP_EUR_MST1_P26927_OID30713_v1	rs11130213	3	49674864	False	1d902e46d93d5c52b4c7fd67eb718da9	GCST90018952	rs13090388	3	49353649	0.21417109532123335	0.7858289046787666	0.0033826771384101945	COLOC_PIP_ECAVIAR	3	Diastolic blood pressure	other
block464	MST1	ENSG00000173531	b3772139f3934768445ce3c0cee2745c	UKB_PPP_EUR_MST1_P26927_OID30713_v1	rs11130213	3	49674864	False	71d8c7125fc27ff3a2398fd38a421238	GCST90102517	rs6446277	3	49435644	0.21696546660104768	0.7830345333989522	0.0033291212465297705	COLOC_PIP_ECAVIAR	3	Corneal resistance factor (MTAG)	other
block464	MST1	ENSG00000173531	b3772139f3934768445ce3c0cee2745c	UKB_PPP_EUR_MST1_P26927_OID30713_v1	rs11130213	3	49674864	False	4249a5a4bbb2cad840e263b501ba777d	GCST003097	rs4625	3	49534707	0.2171773253716655	0.7828226746283345	0.003320077575365351	COLOC_PIP_ECAVIAR	3	Pediatric autoimmune diseases	other
block464	MST1	ENSG00000173531	4d449daa04671711484d846762c348fe	UKB_PPP_EUR_MST1_P26927_OID30713_v1	rs9858428	3	49840152	False	b3913da2a6ee3bf0232bd59a1196b882	GCST90013979	rs61729488	3	49030471	0.21862784022645126	0.7813721597735488	0.003242532425067539	COLOC_PIP_ECAVIAR	3	Mean corpuscular volume (UKB data field 30040)	other
block464	MST1	ENSG00000173531	f83c3130cde573fb8c85242bc83b435a	UKB_PPP_EUR_MST1_P26927_OID30713_v1	rs72094481	3	50329448	False	dd9eede8b5fd96c4766fc6d779f5dbef	GCST90310163	rs73080977	3	50152098	0.22016139537970217	0.7798386046202979	0.003353712421500263	COLOC_PIP_ECAVIAR	1	Glycated haemoglobin HbA1c levels (UKB data field 30750)	other
block464	MST1	ENSG00000173531	b3772139f3934768445ce3c0cee2745c	UKB_PPP_EUR_MST1_P26927_OID30713_v1	rs11130213	3	49674864	False	716de11082e3c5044a0fe977c9db2877	GCST90429584	rs7623659	3	49377358	0.22186511500949513	0.778134884990505	0.0032361855435443735	COLOC_PIP_ECAVIAR	3	Arm fat mass right (UKB data field 23120)	other
block464	MST1	ENSG00000173531	9fbee1f5c8afd1478ddf9279e8ced804	UKB_PPP_EUR_MST1_P26927_OID30713_v1	rs116643069	3	49706279	False	888ea4e5428184c4b0677f95a574d69f	GCST90501241	rs76227412	3	49781004	0.22511892832600353	0.7748810716739964	0.0031714075069177263	COLOC_PIP_ECAVIAR	1	Concentration of small HDL particles	other
block464	MST1	ENSG00000173531	c3aa07d38ce2f709985b31e31b7637e7	UKB_PPP_EUR_MST1_P26927_OID30713_v1	rs6774202	3	49650346	False	7bc028d3888667408190f086a6c24d73	GCST012332	rs112908707	3	49828195	0.2336925762828472	0.7663074237171529	0.002977965172946479	COLOC_PIP_ECAVIAR	21	Multisite chronic pain	other
block464	MST1	ENSG00000173531	e2d66bb49fddec506d3eeee04083711f	UKB_PPP_EUR_MST1_P26927_OID30713_v1	rs71278637	3	49754596	False	d02811e5e73152ed6d6aeedc37eed6de	GCST90267986	rs142935903	3	49954419	0.23414820713361334	0.7658517928663866	0.0031532946362822206	COLOC_PIP_ECAVIAR	1	Cystatin C production	other
block464	MST1	ENSG00000173531	9fbee1f5c8afd1478ddf9279e8ced804	UKB_PPP_EUR_MST1_P26927_OID30713_v1	rs116643069	3	49706279	False	6372859fc696177ad51747ba836ed6b5	GCST90501234	rs76227412	3	49781004	0.23997849971018861	0.7600215002898113	0.0029192144685743445	COLOC_PIP_ECAVIAR	1	Cholesterol in Small HDL	other
block464	MST1	ENSG00000173531	b3772139f3934768445ce3c0cee2745c	UKB_PPP_EUR_MST1_P26927_OID30713_v1	rs11130213	3	49674864	False	f694003120dfb8f99bf1a4b4f45d6405	GCST003677	rs148734725	3	49369275	0.24019778481118692	0.7598022151888131	0.0029202593329240916	COLOC_PIP_ECAVIAR	3	Educational attainment (college completion)	other
block464	MST1	ENSG00000173531	c3aa07d38ce2f709985b31e31b7637e7	UKB_PPP_EUR_MST1_P26927_OID30713_v1	rs6774202	3	49650346	False	4254f8f7890390ca4c20de108db4e4ff	GCST009867	rs55754265	3	49650053	0.24060549722697758	0.7593945027730223	0.002867410792395155	COLOC_PIP_ECAVIAR	19	Waist circumference adjusted for body mass index	other
block464	MST1	ENSG00000173531	b3772139f3934768445ce3c0cee2745c	UKB_PPP_EUR_MST1_P26927_OID30713_v1	rs11130213	3	49674864	False	7167c055be1bf91d5c2a092124cf9ed7	GCST90429588	rs71077795	3	49348880	0.24080661961749025	0.7591933803825098	0.0029118094617848573	COLOC_PIP_ECAVIAR	3	Arm fat percentage right (UKB data field 23119)	other
block464	MST1	ENSG00000173531	b3772139f3934768445ce3c0cee2745c	UKB_PPP_EUR_MST1_P26927_OID30713_v1	rs11130213	3	49674864	False	68b13d3dcfad68cdd3b09499cde01043	GCST90041870	rs4625	3	49534707	0.24654787640011352	0.7534521235998864	0.002820603741719623	COLOC_PIP_ECAVIAR	2	Fed up feelings (UKB data field 1960)	other
block464	MST1	ENSG00000173531	b3772139f3934768445ce3c0cee2745c	UKB_PPP_EUR_MST1_P26927_OID30713_v1	rs11130213	3	49674864	False	dd94092d251adf7615380cd5e43873a1	GCST90692192	rs11720597	3	49597921	0.2477442665506126	0.7522557334493875	0.002805508818451241	COLOC_PIP_ECAVIAR	2	Qualifications - None of the above (UKB data field 6138)	other
block464	MST1	ENSG00000173531	9fbee1f5c8afd1478ddf9279e8ced804	UKB_PPP_EUR_MST1_P26927_OID30713_v1	rs116643069	3	49706279	False	7849b89d012b899ccd3ce1fe64946d97	GCST90501240	rs76227412	3	49781004	0.2478877986862233	0.7521122013137767	0.0027910873339143222	COLOC_PIP_ECAVIAR	1	Total lipids in small HDL	other
block464	MST1	ENSG00000173531	9fbee1f5c8afd1478ddf9279e8ced804	UKB_PPP_EUR_MST1_P26927_OID30713_v1	rs116643069	3	49706279	False	a34250e7c0a8707a62e8ee449da5daaf	GCST90501236	rs76227412	3	49781004	0.24788779868622338	0.7521122013137767	0.0027910873339143222	COLOC_PIP_ECAVIAR	1	Cholesteryl Esters in Small HDL	other
block464	MST1	ENSG00000173531	c3aa07d38ce2f709985b31e31b7637e7	UKB_PPP_EUR_MST1_P26927_OID30713_v1	rs6774202	3	49650346	False	8dacf6becf6c5af85fe411cd5a7e7d41	GCST90308601	rs55754265	3	49650053	0.248215189599037	0.751784810400963	0.00275252263379068	COLOC_PIP_ECAVIAR	17	Forced expiratory volume in 1 second (FEV1) in never smokers	other
block464	MST1	ENSG00000173531	b3772139f3934768445ce3c0cee2745c	UKB_PPP_EUR_MST1_P26927_OID30713_v1	rs11130213	3	49674864	False	43f455957f4d24711170f12af8442d59	GCST90245844	rs6446272	3	49425854	0.25218092871299874	0.7478190712870012	0.0027398559417684126	COLOC_PIP_ECAVIAR	2	Height	other
block464	MST1	ENSG00000173531	b3772139f3934768445ce3c0cee2745c	UKB_PPP_EUR_MST1_P26927_OID30713_v1	rs11130213	3	49674864	False	90ce65e0eaeefae1cdd554b7c1726569	GCST90692655	rs11720597	3	49597921	0.2543195331217011	0.7456804668782989	0.00270574776246121	COLOC_PIP_ECAVIAR	2	Qualifications - None of the above (UKB data field 6138)	other
block464	MST1	ENSG00000173531	4d449daa04671711484d846762c348fe	UKB_PPP_EUR_MST1_P26927_OID30713_v1	rs9858428	3	49840152	False	f5d448e0ee3d3f15057d5fd3cec7e9cb	GCST90165318	rs9832454	3	50180125	0.2547141081824192	0.7452858918175808	0.0026560035997892518	COLOC_PIP_ECAVIAR	2	Edge-level brain connectivity (multivariate analysis)	other
block464	MST1	ENSG00000173531	b3772139f3934768445ce3c0cee2745c	UKB_PPP_EUR_MST1_P26927_OID30713_v1	rs11130213	3	49674864	False	24b2ef9ec530ecc34676c07c2dcdab26	GCST90691682	rs11720597	3	49597921	0.2548326358865024	0.7451673641134975	0.0026981257341031494	COLOC_PIP_ECAVIAR	2	Qualifications - None of the above (UKB data field 6138)	other
block464	MST1	ENSG00000173531	b3772139f3934768445ce3c0cee2745c	UKB_PPP_EUR_MST1_P26927_OID30713_v1	rs11130213	3	49674864	False	d6ea100e7c6cf7ccdc7aa10428e0832b	GCST006568	rs11917431	3	49606579	0.2586439508282682	0.7413560491717317	0.0026461201247409576	COLOC_PIP_ECAVIAR	3	Highest math class taken (MTAG)	other
block464	MST1	ENSG00000173531	b3772139f3934768445ce3c0cee2745c	UKB_PPP_EUR_MST1_P26927_OID30713_v1	rs11130213	3	49674864	False	87af1754350f8536f97ead4961c86a0c	GCST90566733	rs7650253	3	49393727	0.25983701995996494	0.740162980040035	0.002629365556356056	COLOC_PIP_ECAVIAR	3	Creatinine levels in bottom 99% of individuals by creatinine levels	other
block464	MST1	ENSG00000173531	9fbee1f5c8afd1478ddf9279e8ced804	UKB_PPP_EUR_MST1_P26927_OID30713_v1	rs116643069	3	49706279	False	9609fd878291b316d332a010bab2a342	GCST90501190	rs76227412	3	49781004	0.26129254058690415	0.7387074594130959	0.0026122972928512888	COLOC_PIP_ECAVIAR	1	Phospholipids in medium HDL	other
block464	MST1	ENSG00000173531	9fbee1f5c8afd1478ddf9279e8ced804	UKB_PPP_EUR_MST1_P26927_OID30713_v1	rs116643069	3	49706279	False	0ad9814cf475cbfdda9250d084eb15a3	GCST90018945	rs150350500	3	49588500	0.2623744238861788	0.7376255761138211	0.0025914649767718036	COLOC_PIP_ECAVIAR	1	Serum albumin levels	other
block464	MST1	ENSG00000173531	b3772139f3934768445ce3c0cee2745c	UKB_PPP_EUR_MST1_P26927_OID30713_v1	rs11130213	3	49674864	False	b545b2656858a99ce07d251215e035ea	FINNGEN_R12_M13_SPONDYLOPATHY	rs11272058	3	49617277	0.2651733396464163	0.7348266603535836	0.002556462386750398	COLOC_PIP_ECAVIAR	2	Spondylopathies	other
block464	MST1	ENSG00000173531	b3772139f3934768445ce3c0cee2745c	UKB_PPP_EUR_MST1_P26927_OID30713_v1	rs11130213	3	49674864	False	aef02765a3e3d5054d002ea00a88024e	GCST90479803	rs36106925	3	49589844	0.26602048983701077	0.7339795101629892	0.0025448606216276447	COLOC_PIP_ECAVIAR	3	Cancer of prostate (PheCode 185)	other
block464	MST1	ENSG00000173531	c3aa07d38ce2f709985b31e31b7637e7	UKB_PPP_EUR_MST1_P26927_OID30713_v1	rs6774202	3	49650346	False	08ab3b8d32dc1e0e33416193b5ae80aa	GCST90476345	rs9836756	3	49785476	0.2796534284654801	0.7203465715345199	0.002367137258074991	COLOC_PIP_ECAVIAR	2	red blood cell count (RBC, maximum, inv-norm transformed)	other
block464	MST1	ENSG00000173531	c3aa07d38ce2f709985b31e31b7637e7	UKB_PPP_EUR_MST1_P26927_OID30713_v1	rs6774202	3	49650346	False	04c1482796044b7caeef25c99c38fbcc	GCST90475197	rs35658408	3	49594890	0.2848396309065235	0.7151603690934766	0.002279069528766999	COLOC_PIP_ECAVIAR	18	chloride  (minimum, inv-norm transformed)	other
block464	MST1	ENSG00000173531	b3772139f3934768445ce3c0cee2745c	UKB_PPP_EUR_MST1_P26927_OID30713_v1	rs11130213	3	49674864	False	46d27a4ac32fcf575fd4cf4843dd888f	GCST90692972	rs11917431	3	49606579	0.28863500456344465	0.7113649954365553	0.0022728537468184977	COLOC_PIP_ECAVIAR	1	Diastolic blood pressure, combined automated + manual reading - raw	other
block464	MST1	ENSG00000173531	b3772139f3934768445ce3c0cee2745c	UKB_PPP_EUR_MST1_P26927_OID30713_v1	rs11130213	3	49674864	False	96f2033225a5a5d8e13eb89e42a49c87	GCST90692969	rs11917431	3	49606579	0.2927414008197842	0.7072585991802157	0.0022330556379405063	COLOC_PIP_ECAVIAR	1	Diastolic blood pressure, combined automated + manual reading	other
block464	MST1	ENSG00000173531	b3772139f3934768445ce3c0cee2745c	UKB_PPP_EUR_MST1_P26927_OID30713_v1	rs11130213	3	49674864	False	81dc9f0f222cae9cdf340235e46ddbec	GCST90691684	rs4625	3	49534707	0.3000808537225031	0.6999191462774969	0.002156043109397573	COLOC_PIP_ECAVIAR	2	Qualifications - O levels/GCSEs or equivalent (UKB data field 6138)	other
block464	MST1	ENSG00000173531	e2d66bb49fddec506d3eeee04083711f	UKB_PPP_EUR_MST1_P26927_OID30713_v1	rs71278637	3	49754596	False	c6bf519fb53d3d01d81d909c404f728f	GCST90475124	rs34071734	3	49387571	0.30010737989141684	0.6998926201085831	0.0022074851996659226	COLOC_PIP_ECAVIAR	1	Aspartate aminotransferase (AST, minimum, inv-norm transformed)	other
block464	MST1	ENSG00000173531	b3772139f3934768445ce3c0cee2745c	UKB_PPP_EUR_MST1_P26927_OID30713_v1	rs11130213	3	49674864	False	eea68770cb6c0caf29dbc627392e0804	GCST90692786	rs4625	3	49534707	0.3001948320339584	0.6998051679660415	0.0021550256121653983	COLOC_PIP_ECAVIAR	2	Qualifications - O levels/GCSEs or equivalent (UKB data field 6138)	other
block464	MST1	ENSG00000173531	c3aa07d38ce2f709985b31e31b7637e7	UKB_PPP_EUR_MST1_P26927_OID30713_v1	rs6774202	3	49650346	False	156bcd4ccb7f541925e695869b1e924a	GCST011049	rs34680713	3	49584285	0.30214339815237834	0.6978566018476215	0.002099284580044529	COLOC_PIP_ECAVIAR	17	Prostate cancer	other
block464	MST1	ENSG00000173531	b3772139f3934768445ce3c0cee2745c	UKB_PPP_EUR_MST1_P26927_OID30713_v1	rs11130213	3	49674864	False	154c8578200555e99cad7f44ecabee78	GCST90692193	rs4625	3	49534707	0.30685810700404526	0.6931418929959549	0.0020871605499442492	COLOC_PIP_ECAVIAR	2	Qualifications - O levels/GCSEs or equivalent (UKB data field 6138)	other
block464	MST1	ENSG00000173531	b3772139f3934768445ce3c0cee2745c	UKB_PPP_EUR_MST1_P26927_OID30713_v1	rs11130213	3	49674864	False	68de56f2fbf9d8dcbb38ade0ef6b12f0	GCST90692553	rs4625	3	49534707	0.31326538579281554	0.6867346142071845	0.002024491861143223	COLOC_PIP_ECAVIAR	2	Qualifications - O levels/GCSEs or equivalent (UKB data field 6138)	other
block464	MST1	ENSG00000173531	c3aa07d38ce2f709985b31e31b7637e7	UKB_PPP_EUR_MST1_P26927_OID30713_v1	rs6774202	3	49650346	False	6137de3e9b9902b22f93fbbaeb6a78c7	GCST90446086	rs17598137	3	49853929	0.31547908537526775	0.6845209146247323	0.0019721965619242717	COLOC_PIP_ECAVIAR	15	Cholesterol to Total Lipids in VLDL percentage	other
block464	MST1	ENSG00000173531	b3772139f3934768445ce3c0cee2745c	UKB_PPP_EUR_MST1_P26927_OID30713_v1	rs11130213	3	49674864	False	8e25501fd07f9678b8e9413d88cc7a23	GCST90014001	rs3197999	3	49684099	0.3242108162737952	0.6757891837262048	0.001925068099508204	COLOC_PIP_ECAVIAR	3	Creatinine levels (UKB data field 30700)	other
block464	MST1	ENSG00000173531	c3aa07d38ce2f709985b31e31b7637e7	UKB_PPP_EUR_MST1_P26927_OID30713_v1	rs6774202	3	49650346	False	5e08aed8c3d62e7d6a2d48e291d7a6b9	GCST90446084	rs17598137	3	49853929	0.3265248293870301	0.6734751706129699	0.0018753932980650324	COLOC_PIP_ECAVIAR	15	Cholesteryl Esters to Total Lipids in VLDL percentage	other
block464	MST1	ENSG00000173531	e2d66bb49fddec506d3eeee04083711f	UKB_PPP_EUR_MST1_P26927_OID30713_v1	rs71278637	3	49754596	False	f1d46606b55bb10e4dc822170c61e0a7	GCST90002369	rs13071087	3	49597161	0.33173086567446297	0.668269134325537	0.0019466586298345241	COLOC_PIP_ECAVIAR	1	Red cell distribution width	other
block464	MST1	ENSG00000173531	c3aa07d38ce2f709985b31e31b7637e7	UKB_PPP_EUR_MST1_P26927_OID30713_v1	rs6774202	3	49650346	False	3cc0e886da83b20f20ae4e61e921d22f	GCST90446087	rs17598137	3	49853929	0.3322618149511841	0.6677381850488159	0.0018256618656578168	COLOC_PIP_ECAVIAR	15	Free Cholesterol to Cholesteryl Esters in VLDL percentage	other
block464	MST1	ENSG00000173531	c3aa07d38ce2f709985b31e31b7637e7	UKB_PPP_EUR_MST1_P26927_OID30713_v1	rs6774202	3	49650346	False	763d15f0b61b524a299590d15dbbb7c1	GCST90446083	rs17598137	3	49853929	0.3322618149511841	0.6677381850488159	0.001825661865657817	COLOC_PIP_ECAVIAR	15	Cholesteryl Esters to Cholesterol in VLDL percentage	other
block464	MST1	ENSG00000173531	c3aa07d38ce2f709985b31e31b7637e7	UKB_PPP_EUR_MST1_P26927_OID30713_v1	rs6774202	3	49650346	False	00bde31ae074445ab3ffe5e118bbc5f9	GCST90446089	rs17598137	3	49853929	0.3322618149511843	0.6677381850488158	0.001825661865657817	COLOC_PIP_ECAVIAR	15	Free Cholesterol to Cholesterol in VLDL percentage	other
block464	MST1	ENSG00000173531	4d449daa04671711484d846762c348fe	UKB_PPP_EUR_MST1_P26927_OID30713_v1	rs9858428	3	49840152	False	df080a959eb6bb1fd5f6dfd2c9a4a15e	GCST90475285	rs34326553	3	49096996	0.3323488199351984	0.6676511800648016	0.0018244409399240057	COLOC_PIP_ECAVIAR	4	estimated glomerular filtration rate (eGFR, minimum, inv-norm transformed)	other
block464	MST1	ENSG00000173531	b3772139f3934768445ce3c0cee2745c	UKB_PPP_EUR_MST1_P26927_OID30713_v1	rs11130213	3	49674864	False	d7d7f20f1b73b6cdb76ed96ce715b5ba	GCST90691890	rs11917431	3	49606579	0.34185395195953994	0.6581460480404602	0.001780863328567216	COLOC_PIP_ECAVIAR	1	Diastolic blood pressure, combined automated + manual reading	other
block464	MST1	ENSG00000173531	c3aa07d38ce2f709985b31e31b7637e7	UKB_PPP_EUR_MST1_P26927_OID30713_v1	rs6774202	3	49650346	False	af6507728644d4cc1fb0ddfd60295ecb	GCST90446097	rs17598137	3	49853929	0.3428403980047124	0.6571596019952877	0.0017418801364324566	COLOC_PIP_ECAVIAR	15	Triglycerides to Total Lipids in VLDL percentage	other
block464	MST1	ENSG00000173531	4d449daa04671711484d846762c348fe	UKB_PPP_EUR_MST1_P26927_OID30713_v1	rs9858428	3	49840152	False	46a11ff540f2c55a9f19c0c7fc111529	GCST90479563	rs71077749	3	48883562	0.34738089722345666	0.6526191027765433	0.001706761969626798	COLOC_PIP_ECAVIAR	4	creatinine (minimum, inv-norm transformed)	other
block464	MST1	ENSG00000173531	b3772139f3934768445ce3c0cee2745c	UKB_PPP_EUR_MST1_P26927_OID30713_v1	rs11130213	3	49674864	False	ccd558e846b1200626b45f09aa332521	GCST90692941	rs11917431	3	49606579	0.3488599436675079	0.6511400563324922	0.0017264595082915073	COLOC_PIP_ECAVIAR	1	Diastolic blood pressure, automated reading (UKB data field 4079)	other
block464	MST1	ENSG00000173531	b3772139f3934768445ce3c0cee2745c	UKB_PPP_EUR_MST1_P26927_OID30713_v1	rs11130213	3	49674864	False	2cebc255e36f9cebbbf2bf87e9c09e59	GCST90691893	rs13064576	3	49604997	0.3730284907188762	0.6269715092811239	0.0015523134393561572	COLOC_PIP_ECAVIAR	1	Diastolic blood pressure, combined automated + manual reading - raw	other
block464	MST1	ENSG00000173531	4d449daa04671711484d846762c348fe	UKB_PPP_EUR_MST1_P26927_OID30713_v1	rs9858428	3	49840152	False	2136a22e452678bce5729420c3e40a4b	GCST90616683	rs11552724	3	49119040	0.3840424593806313	0.6159575406193687	0.0014574483893803405	COLOC_PIP_ECAVIAR	3	X-18779 metabolite level	other
block464	MST1	ENSG00000173531	b3772139f3934768445ce3c0cee2745c	UKB_PPP_EUR_MST1_P26927_OID30713_v1	rs11130213	3	49674864	False	35ee0b2f5f3f0d707107956e167dab6d	GCST90429598	rs13086611	3	49347984	0.38661696197533657	0.6133830380246634	0.0014644688812636164	COLOC_PIP_ECAVIAR	2	Education score England (UKB data field 26414)	other
block464	MST1	ENSG00000173531	b3772139f3934768445ce3c0cee2745c	UKB_PPP_EUR_MST1_P26927_OID30713_v1	rs11130213	3	49674864	False	737b3e660015425fd1248c11881f9cec	GCST90429586	rs13086611	3	49347984	0.40079282563816454	0.5992071743618356	0.0013821131360833273	COLOC_PIP_ECAVIAR	2	Leg fat mass right (UKB data field 23112)	other
block464	MST1	ENSG00000173531	b3772139f3934768445ce3c0cee2745c	UKB_PPP_EUR_MST1_P26927_OID30713_v1	rs11130213	3	49674864	False	9779cb067c026c7ed2abd45a5c4cb828	GCST90429589	rs13086611	3	49347984	0.404715456311344	0.595284543688656	0.0013613624874043377	COLOC_PIP_ECAVIAR	2	Leg fat mass left (UKB data field 23116)	other
block464	MST1	ENSG00000173531	b3772139f3934768445ce3c0cee2745c	UKB_PPP_EUR_MST1_P26927_OID30713_v1	rs11130213	3	49674864	False	74e151e2990f8f27e0e978d4b4230582	GCST008059	rs4625	3	49534707	0.40526957314995843	0.5947304268500416	0.001356032114294433	COLOC_PIP_ECAVIAR	2	Estimated glomerular filtration rate	other
block464	MST1	ENSG00000173531	b3772139f3934768445ce3c0cee2745c	UKB_PPP_EUR_MST1_P26927_OID30713_v1	rs11130213	3	49674864	False	0cf3bca05e54a80d9dcf5955d38d0769	GCST008058	rs4625	3	49534707	0.40526957314995865	0.5947304268500414	0.001356032114294433	COLOC_PIP_ECAVIAR	2	Estimated glomerular filtration rate	other
block464	MST1	ENSG00000173531	b3772139f3934768445ce3c0cee2745c	UKB_PPP_EUR_MST1_P26927_OID30713_v1	rs11130213	3	49674864	False	c792be79153abef5afbf8c7b1bd69fa8	FINNGEN_R12_M13_SCIATICA	rs11272058	3	49617277	0.40687618934884234	0.5931238106511577	0.0013459900108308447	COLOC_PIP_ECAVIAR	3	Sciatica+with lumbago	other
block464	MST1	ENSG00000173531	b3772139f3934768445ce3c0cee2745c	UKB_PPP_EUR_MST1_P26927_OID30713_v1	rs11130213	3	49674864	False	f742a36343b1e31e640ed750758c0a4a	GCST90302889	rs7623659	3	49377358	0.4075082886269934	0.5924917113730066	0.0013434905134693362	COLOC_PIP_ECAVIAR	2	Body mass index	other
block464	MST1	ENSG00000173531	b3772139f3934768445ce3c0cee2745c	UKB_PPP_EUR_MST1_P26927_OID30713_v1	rs11130213	3	49674864	False	5a43cad2dc12b8ae61ae2ade57ff54c8	GCST90691847	rs11917431	3	49606579	0.41075416170810153	0.5892458382918985	0.0013266002070953515	COLOC_PIP_ECAVIAR	1	Diastolic blood pressure, automated reading (UKB data field 4079)	other
block464	MST1	ENSG00000173531	c3aa07d38ce2f709985b31e31b7637e7	UKB_PPP_EUR_MST1_P26927_OID30713_v1	rs6774202	3	49650346	False	92618d898d9f0481c6f2c1c1d55f106a	GCST90446094	rs17598137	3	49853929	0.41453917589610667	0.5854608241038933	0.001284602600126625	COLOC_PIP_ECAVIAR	13	Phospholipids to Total Lipids in VLDL percentage	other
block464	MST1	ENSG00000173531	c3aa07d38ce2f709985b31e31b7637e7	UKB_PPP_EUR_MST1_P26927_OID30713_v1	rs6774202	3	49650346	False	75746033ca2157885f8a1dbc523ee743	FINNGEN_R12_F5_MOOD	rs11130208	3	49578191	0.41540168368275976	0.5845983163172402	0.0012783554060120232	COLOC_PIP_ECAVIAR	18	Mood [affective] disorders	other
block464	MST1	ENSG00000173531	b3772139f3934768445ce3c0cee2745c	UKB_PPP_EUR_MST1_P26927_OID30713_v1	rs11130213	3	49674864	False	40db088bd1641c8feb6f2ca409064e59	GCST90497228	rs1050450	3	49357401	0.43438639301003207	0.565613606989968	0.0012037097423365814	COLOC_PIP_ECAVIAR	2	Creatinine levels	other
block464	MST1	ENSG00000173531	b3772139f3934768445ce3c0cee2745c	UKB_PPP_EUR_MST1_P26927_OID30713_v1	rs11130213	3	49674864	False	1861c5b4c6368597ec554c3640a8f47b	GCST90014017	rs11917431	3	49606579	0.4706717548698598	0.5293282451301403	0.0010383853286297685	COLOC_PIP_ECAVIAR	1	Diastolic blood pressure automated reading (UKB data field 4079)	other
block464	MST1	ENSG00000173531	4d449daa04671711484d846762c348fe	UKB_PPP_EUR_MST1_P26927_OID30713_v1	rs9858428	3	49840152	False	fa14df897b340488b50368c95bcb4e8e	GCST90387832	rs55674449	3	48903442	0.48950451343845275	0.5104954865615473	0.0009479091729380417	COLOC_PIP_ECAVIAR	2	DTI TBSS FA Fornix cres+Stria terminalis R	other
block464	MST1	ENSG00000173531	b3772139f3934768445ce3c0cee2745c	UKB_PPP_EUR_MST1_P26927_OID30713_v1	rs11130213	3	49674864	False	6b5235ff56f4291b1efd09208c578deb	GCST90691812	rs11272058	3	49617277	0.5093002128648593	0.4906997871351407	0.0008913956624747994	COLOC_PIP_ECAVIAR	1	Haematocrit percentage (UKB data field 30030)	other
block464	MST1	ENSG00000173531	c3aa07d38ce2f709985b31e31b7637e7	UKB_PPP_EUR_MST1_P26927_OID30713_v1	rs6774202	3	49650346	False	99b4060870a77ab788119bd141b4a9ed	GCST90475947	rs12637313	3	49608025	0.5216263563970648	0.47837364360293533	0.0008335576919775193	COLOC_PIP_ECAVIAR	11	Nonspecific chest pain (PheCode 418)	other
block464	MST1	ENSG00000173531	b3772139f3934768445ce3c0cee2745c	UKB_PPP_EUR_MST1_P26927_OID30713_v1	rs11130213	3	49674864	False	e16f4efe2c5e0ed84e8d30e831af843f	GCST90429572	rs71077795	3	49348880	0.5507535162848987	0.4492464837151013	0.0007548483963873124	COLOC_PIP_ECAVIAR	1	Leg fat percentage right (UKB data field 23111)	other
block464	MST1	ENSG00000173531	b3772139f3934768445ce3c0cee2745c	UKB_PPP_EUR_MST1_P26927_OID30713_v1	rs11130213	3	49674864	False	560da4497c07888fbeff7f4a444f9c6e	GCST90310170	rs71077795	3	49348880	0.5602422525194873	0.4397577474805126	0.0007264261925160695	COLOC_PIP_ECAVIAR	1	Leg fat percentage left (UKB data field 23115)	other
block464	MST1	ENSG00000173531	b3772139f3934768445ce3c0cee2745c	UKB_PPP_EUR_MST1_P26927_OID30713_v1	rs11130213	3	49674864	False	e15e543171efde13fe58662364c411bd	GCST90044292	rs11720597	3	49597921	0.5898286744810708	0.41017132551892926	0.0006429591109141703	COLOC_PIP_ECAVIAR	1	Qualifications: PHESANT recoding (UKB data field 6138_100)	other
block464	MST1	ENSG00000173531	f83c3130cde573fb8c85242bc83b435a	UKB_PPP_EUR_MST1_P26927_OID30713_v1	rs72094481	3	50329448	False	5a8b0020dd07019f668ad79c4e9e1b43	FINNGEN_R12_HEIGHT_IRN	rs562505524	3	49240034	0.595493690842417	0.40450630915758307	0.000644996984234613	COLOC_PIP_ECAVIAR	1	Height, inverse-rank normalized	other
block464	MST1	ENSG00000173531	c3aa07d38ce2f709985b31e31b7637e7	UKB_PPP_EUR_MST1_P26927_OID30713_v1	rs6774202	3	49650346	False	df29bdd0e1bd21f96fee484285d6ff70	GCST90797574	rs9831648	3	49176870	0.6041069554029133	0.3958930445970868	0.0005960682934667309	COLOC_PIP_ECAVIAR	13	Left ventricular end-systolic volume	other
block464	MST1	ENSG00000173531	e2d66bb49fddec506d3eeee04083711f	UKB_PPP_EUR_MST1_P26927_OID30713_v1	rs71278637	3	49754596	False	48ef0c30b2f940d691678bc72e39578f	FINNGEN_R12_RX_ANTIHYP	rs35357848	3	49850202	0.6253510880097736	0.3746489119902265	0.0005680511159116601	COLOC_PIP_ECAVIAR	2	Antihypertensive medication - note that there are other indications	other
block464	MST1	ENSG00000173531	b3772139f3934768445ce3c0cee2745c	UKB_PPP_EUR_MST1_P26927_OID30713_v1	rs11130213	3	49674864	False	6273db466774a112a703031ffdcc1ee5	GCST90428447	rs11706370	3	49403658	0.6338658923774761	0.36613410762252396	0.0005340210980393538	COLOC_PIP_ECAVIAR	1	Estimated glomerular filtration rate (creatinine)	other
block464	MST1	ENSG00000173531	c3aa07d38ce2f709985b31e31b7637e7	UKB_PPP_EUR_MST1_P26927_OID30713_v1	rs6774202	3	49650346	False	91e6fb95504d4c6f5a0a295a1edefc65	GCST90027093	rs12496226	3	49696607	0.6421635979072519	0.35783640209274814	0.0005093630498285536	COLOC_PIP_ECAVIAR	1	Sex hormone-binding globulin levels	other
block464	MST1	ENSG00000173531	c3aa07d38ce2f709985b31e31b7637e7	UKB_PPP_EUR_MST1_P26927_OID30713_v1	rs6774202	3	49650346	False	f60777442bdc33616c498a12af463e7e	GCST90003987	rs12496226	3	49696607	0.6447232059822254	0.3552767940177746	0.0005022686695334572	COLOC_PIP_ECAVIAR	1	IDP dMRI TBSS MO Cingulum cingulate gyrus L	other
block464	MST1	ENSG00000173531	c3aa07d38ce2f709985b31e31b7637e7	UKB_PPP_EUR_MST1_P26927_OID30713_v1	rs6774202	3	49650346	False	a1fe17c74c04145682f56c83bd97c3c3	GCST90096924	rs59906301	3	49782232	0.6545390208436757	0.3454609791563244	0.0004829524458953286	COLOC_PIP_ECAVIAR	1	Added salt consumption	other
block464	MST1	ENSG00000173531	c3aa07d38ce2f709985b31e31b7637e7	UKB_PPP_EUR_MST1_P26927_OID30713_v1	rs6774202	3	49650346	False	75c87b1519d3ba76087aa349a4a78eed	GCST90499411	rs59906301	3	49782232	0.6625068578346648	0.33749314216533516	0.00046534579420184734	COLOC_PIP_ECAVIAR	1	Free Cholesterol to Total Lipids in Small HDL percentage	other
block464	MST1	ENSG00000173531	c3aa07d38ce2f709985b31e31b7637e7	UKB_PPP_EUR_MST1_P26927_OID30713_v1	rs6774202	3	49650346	False	05d94f8b8a70390d7d49786ae8076d0c	GCST90474413	rs58963057	3	49751156	0.6638731620375954	0.33612683796240456	0.0004626519606458084	COLOC_PIP_ECAVIAR	1	Total bilirubin levels (UKB data field 30840)	other
block464	MST1	ENSG00000173531	c3aa07d38ce2f709985b31e31b7637e7	UKB_PPP_EUR_MST1_P26927_OID30713_v1	rs6774202	3	49650346	False	c6da2e31e5c55e3d5e99864c92f99b12	GCST90388069	rs12496226	3	49696607	0.665804046352588	0.334195953647412	0.00045893696818746766	COLOC_PIP_ECAVIAR	1	DTI TBSS MO Cingulum cingulate gyrus L	other
block464	MST1	ENSG00000173531	c3aa07d38ce2f709985b31e31b7637e7	UKB_PPP_EUR_MST1_P26927_OID30713_v1	rs6774202	3	49650346	False	590d4fa9880e8a0bc9a5ed33e80206bd	GCST90691643	rs62260755	3	49860885	0.6677621921667128	0.3322378078332871	0.0004524352513718351	COLOC_PIP_ECAVIAR	8	Smoking status - Never (UKB data field 20116)	other
block464	MST1	ENSG00000173531	c3aa07d38ce2f709985b31e31b7637e7	UKB_PPP_EUR_MST1_P26927_OID30713_v1	rs6774202	3	49650346	False	03eb660146ce662e4ff07adba4354cda	GCST90692720	rs62260755	3	49860885	0.6677621921667128	0.3322378078332871	0.00045243525137183513	COLOC_PIP_ECAVIAR	8	Smoking status - Never (UKB data field 20116)	other
block464	MST1	ENSG00000173531	c3aa07d38ce2f709985b31e31b7637e7	UKB_PPP_EUR_MST1_P26927_OID30713_v1	rs6774202	3	49650346	False	e749e37d18f395e10d6c34b4a711984a	GCST90497383	rs6804655	3	49701512	0.6694009111429542	0.33059908885704586	0.0004497820516867075	COLOC_PIP_ECAVIAR	1	Free Cholesterol in HDL (PGS-adjusted)	other
block464	MST1	ENSG00000173531	c3aa07d38ce2f709985b31e31b7637e7	UKB_PPP_EUR_MST1_P26927_OID30713_v1	rs6774202	3	49650346	False	41ed092135a60ed27fecd8fbd54e1a4d	GCST90479604	rs34261514	3	49708508	0.670400730582224	0.32959926941777606	0.00044936579894968497	COLOC_PIP_ECAVIAR	1	eosinophil (fraction, maximum, inv-norm transformed)	other
block464	MST1	ENSG00000173531	c3aa07d38ce2f709985b31e31b7637e7	UKB_PPP_EUR_MST1_P26927_OID30713_v1	rs6774202	3	49650346	False	ee6bf7597995181a9dab53b5623d04f9	GCST90500516	rs2291542	3	49714152	0.6718818154452908	0.3281181845547092	0.00044592956494335546	COLOC_PIP_ECAVIAR	1	Cholesterol to Total Lipids in Very Large VLDL percentage	other
block464	MST1	ENSG00000173531	c3aa07d38ce2f709985b31e31b7637e7	UKB_PPP_EUR_MST1_P26927_OID30713_v1	rs6774202	3	49650346	False	3d3251b5dbaca1c5a5a052b5d4c830cc	GCST90500553	rs2291542	3	49714152	0.67327445383671	0.32672554616328997	0.0004439064187423016	COLOC_PIP_ECAVIAR	1	Cholesteryl Esters to Total Lipids in Very Large VLDL percentage	other
block464	MST1	ENSG00000173531	c3aa07d38ce2f709985b31e31b7637e7	UKB_PPP_EUR_MST1_P26927_OID30713_v1	rs6774202	3	49650346	False	c2490a599256349b1d854f2647bbda9c	GCST90500379	rs6804655	3	49701512	0.6732834231006696	0.3267165768993304	0.0004418841808831038	COLOC_PIP_ECAVIAR	1	Free Cholesterol to Total Lipids in Very Large HDL percentage (PGS-adjusted)	other
block464	MST1	ENSG00000173531	c3aa07d38ce2f709985b31e31b7637e7	UKB_PPP_EUR_MST1_P26927_OID30713_v1	rs6774202	3	49650346	False	6d9fe7cb07956c7ec68a6f1650cfbc27	GCST90500291	rs2291542	3	49714152	0.6739686887193975	0.32603131128060253	0.0004428859524673684	COLOC_PIP_ECAVIAR	1	Average diameter for VLDL particles	other
block464	MST1	ENSG00000173531	c3aa07d38ce2f709985b31e31b7637e7	UKB_PPP_EUR_MST1_P26927_OID30713_v1	rs6774202	3	49650346	False	6af1fc7889a75eff38db30ce226ff026	GCST90499357	rs4768	3	49721331	0.6741857246348256	0.32581427536517443	0.00043989915673112867	COLOC_PIP_ECAVIAR	1	Cholesterol to Total Lipids in Small HDL percentage	other
block464	MST1	ENSG00000173531	c3aa07d38ce2f709985b31e31b7637e7	UKB_PPP_EUR_MST1_P26927_OID30713_v1	rs6774202	3	49650346	False	a1fcc314d9317daa115f6c6db57551cd	GCST90500472	rs71324996	3	49797334	0.6744712902124653	0.32552870978753473	0.0004408560880749389	COLOC_PIP_ECAVIAR	1	Phospholipids in very large HDL	other
block464	MST1	ENSG00000173531	c3aa07d38ce2f709985b31e31b7637e7	UKB_PPP_EUR_MST1_P26927_OID30713_v1	rs6774202	3	49650346	False	375db4ed71d9575fac450d61fd402356	GCST90244680	rs13316065	3	49847480	0.6756341043056565	0.32436589569434343	0.00043893525797443305	COLOC_PIP_ECAVIAR	1	Triglyceride levels in non-type 2 diabetes	other
block464	MST1	ENSG00000173531	c3aa07d38ce2f709985b31e31b7637e7	UKB_PPP_EUR_MST1_P26927_OID30713_v1	rs6774202	3	49650346	False	14c0eb838e202cbaa5b7be3a962961ee	GCST90499991	rs2291542	3	49714152	0.6773188713103919	0.322681128689608	0.0004355034408247651	COLOC_PIP_ECAVIAR	1	Triglyceride to phosphoglyceride ratio	other
block464	MST1	ENSG00000173531	c3aa07d38ce2f709985b31e31b7637e7	UKB_PPP_EUR_MST1_P26927_OID30713_v1	rs6774202	3	49650346	False	951b9dc26bec5bb6437ea0278d95bcb4	GCST90501056	rs2276864	3	49856597	0.6776010929462567	0.32239890705374324	0.0004333017090804633	COLOC_PIP_ECAVIAR	1	Phospholipids in chylomicrons and extremely large VLDL	other
block464	MST1	ENSG00000173531	c3aa07d38ce2f709985b31e31b7637e7	UKB_PPP_EUR_MST1_P26927_OID30713_v1	rs6774202	3	49650346	False	ab402bb24fe63584ad69240cf53ae6c3	GCST007064	rs3749237	3	49732599	0.677621890903384	0.3223781090966161	0.0004351693566991728	COLOC_PIP_ECAVIAR	1	Body fat percentage	other
block464	MST1	ENSG00000173531	c3aa07d38ce2f709985b31e31b7637e7	UKB_PPP_EUR_MST1_P26927_OID30713_v1	rs6774202	3	49650346	False	265c0a882bfc348b8c53d781049f83d9	GCST90498672	rs2276864	3	49856597	0.6779131331789401	0.3220868668210599	0.00043285393827003043	COLOC_PIP_ECAVIAR	1	Triglycerides to Total Lipids in Medium HDL percentage	other
block464	MST1	ENSG00000173531	c3aa07d38ce2f709985b31e31b7637e7	UKB_PPP_EUR_MST1_P26927_OID30713_v1	rs6774202	3	49650346	False	dde5ba341df409095b4ca43a7ce75a32	GCST90499608	rs2291542	3	49714152	0.678082309815996	0.321917690184004	0.0004316884058423421	COLOC_PIP_ECAVIAR	1	Free Cholesterol to Total Lipids in Small LDL percentage (PGS-adjusted)	other
block464	MST1	ENSG00000173531	c3aa07d38ce2f709985b31e31b7637e7	UKB_PPP_EUR_MST1_P26927_OID30713_v1	rs6774202	3	49650346	False	e358bb4e69b1872b0d2b5acf10c3ecd2	GCST90498532	rs2276864	3	49856597	0.678210254972982	0.32178974502701796	0.0004324262443839041	COLOC_PIP_ECAVIAR	1	Cholesteryl Esters to Total Lipids in Medium HDL percentage	other
block464	MST1	ENSG00000173531	c3aa07d38ce2f709985b31e31b7637e7	UKB_PPP_EUR_MST1_P26927_OID30713_v1	rs6774202	3	49650346	False	2169d6af248743a558c8c0594d8fd312	GCST90499531	rs2276864	3	49856597	0.6786456515544261	0.3213543484455738	0.00043179720085219315	COLOC_PIP_ECAVIAR	1	Triglycerides in small HDL	other
block464	MST1	ENSG00000173531	c3aa07d38ce2f709985b31e31b7637e7	UKB_PPP_EUR_MST1_P26927_OID30713_v1	rs6774202	3	49650346	False	26c86caa04621abb9720e79e72867b35	GCST90499987	rs2291542	3	49714152	0.6786949080781934	0.32130509192180656	0.0004307539117767669	COLOC_PIP_ECAVIAR	1	Triglyceride to phosphoglyceride ratio (PGS-adjusted)	other
block464	MST1	ENSG00000173531	c3aa07d38ce2f709985b31e31b7637e7	UKB_PPP_EUR_MST1_P26927_OID30713_v1	rs6774202	3	49650346	False	6456fd5bd21e9b9cd0f16e49de3371dd	GCST90499614	rs2276864	3	49856597	0.67940995710468	0.32059004289532	0.00043068646951357033	COLOC_PIP_ECAVIAR	1	Free Cholesterol to Total Lipids in Small LDL percentage	other
block464	MST1	ENSG00000173531	c3aa07d38ce2f709985b31e31b7637e7	UKB_PPP_EUR_MST1_P26927_OID30713_v1	rs6774202	3	49650346	False	a4bb22e503acaa6ffb5074f3704e8916	GCST90501244	rs2276864	3	49856597	0.6795285203276628	0.3204714796723372	0.0004305134400229957	COLOC_PIP_ECAVIAR	1	Triglycerides in small HDL	other
block464	MST1	ENSG00000173531	c3aa07d38ce2f709985b31e31b7637e7	UKB_PPP_EUR_MST1_P26927_OID30713_v1	rs6774202	3	49650346	False	7c39e915096f60f51b3a786ea6aa5bb2	GCST90499883	rs13316065	3	49847480	0.6802664659162599	0.31973353408374006	0.00042746729166223636	COLOC_PIP_ECAVIAR	1	Phospholipids to Total Lipids in Small VLDL percentage	other
block464	MST1	ENSG00000173531	c3aa07d38ce2f709985b31e31b7637e7	UKB_PPP_EUR_MST1_P26927_OID30713_v1	rs6774202	3	49650346	False	b371e9a1c3b2e5a7d407ee7cb42a4c32	GCST90498973	rs13316065	3	49847480	0.6809956084124442	0.3190043915875558	0.00042896299122644014	COLOC_PIP_ECAVIAR	1	Free Cholesterol to Total Lipids in Medium VLDL percentage	other
block464	MST1	ENSG00000173531	c3aa07d38ce2f709985b31e31b7637e7	UKB_PPP_EUR_MST1_P26927_OID30713_v1	rs6774202	3	49650346	False	55db7d479f7ea421cb019fb69b305be0	GCST90501251	rs2276864	3	49856597	0.6812371046148246	0.3187628953851753	0.0004279991076394901	COLOC_PIP_ECAVIAR	1	Free Cholesterol to Total Lipids in Small LDL percentage	other
block464	MST1	ENSG00000173531	c3aa07d38ce2f709985b31e31b7637e7	UKB_PPP_EUR_MST1_P26927_OID30713_v1	rs6774202	3	49650346	False	50e4dcbe52f6d1845e70bea2a860b8a7	GCST90499522	rs2291542	3	49714152	0.6812897233016817	0.31871027669831825	0.00042675432153452297	COLOC_PIP_ECAVIAR	1	Triglycerides to Total Lipids in Small HDL percentage	other
block464	MST1	ENSG00000173531	c3aa07d38ce2f709985b31e31b7637e7	UKB_PPP_EUR_MST1_P26927_OID30713_v1	rs6774202	3	49650346	False	b17f8f6602f1ea546318f4159d3e6069	GCST90501338	rs2276864	3	49856597	0.6813500276877749	0.3186499723122252	0.00042783159773804254	COLOC_PIP_ECAVIAR	1	Phospholipid levels in chylomicrons and extremely large VLDL	other
block464	MST1	ENSG00000173531	c3aa07d38ce2f709985b31e31b7637e7	UKB_PPP_EUR_MST1_P26927_OID30713_v1	rs6774202	3	49650346	False	2ae08bcecde51c31a79b6f4f8fb3626a	GCST90498764	rs2291542	3	49714152	0.6822163498333732	0.3177836501666268	0.0004253109512629407	COLOC_PIP_ECAVIAR	1	Free Cholesterol to Total Lipids in Medium LDL percentage	other
block464	MST1	ENSG00000173531	c3aa07d38ce2f709985b31e31b7637e7	UKB_PPP_EUR_MST1_P26927_OID30713_v1	rs6774202	3	49650346	False	f76c6f2202519d0fbf7c618aff01de22	GCST90499094	rs2276864	3	49856597	0.6826100471188352	0.3173899528811648	0.00042595179237774967	COLOC_PIP_ECAVIAR	1	Monounsaturated fatty acids to total fatty acids percentage	other
block464	MST1	ENSG00000173531	c3aa07d38ce2f709985b31e31b7637e7	UKB_PPP_EUR_MST1_P26927_OID30713_v1	rs6774202	3	49650346	False	5836a036e1d4639c551a32201c3150db	GCST90027092	rs11715304	3	49823849	0.6832737033043902	0.31672629669560987	0.0004249900104020888	COLOC_PIP_ECAVIAR	1	Sex hormone-binding globulin levels	other
block464	MST1	ENSG00000173531	c3aa07d38ce2f709985b31e31b7637e7	UKB_PPP_EUR_MST1_P26927_OID30713_v1	rs6774202	3	49650346	False	679d660ed4833709e9d0c8e3becfbbcd	GCST90500423	rs71324996	3	49797334	0.6845760915523641	0.3154239084476359	0.0004213474606361762	COLOC_PIP_ECAVIAR	1	Total lipids in very large HDL	other
block464	MST1	ENSG00000173531	c3aa07d38ce2f709985b31e31b7637e7	UKB_PPP_EUR_MST1_P26927_OID30713_v1	rs6774202	3	49650346	False	f5aa1bff279dcecd0e8b3fb7fdd0e68e	GCST90499815	rs13316065	3	49847480	0.6847645783251305	0.31523542167486945	0.0004207230220717765	COLOC_PIP_ECAVIAR	1	Free Cholesterol to Total Lipids in Small VLDL percentage	other
block464	MST1	ENSG00000173531	c3aa07d38ce2f709985b31e31b7637e7	UKB_PPP_EUR_MST1_P26927_OID30713_v1	rs6774202	3	49650346	False	1c7008394185042487652ced1d74c6a2	GCST90132904	rs11130216	3	49698739	0.6857749899720774	0.3142250100279225	0.000420090167952593	COLOC_PIP_ECAVIAR	1	Diastolic blood pressure	other
block464	MST1	ENSG00000173531	c3aa07d38ce2f709985b31e31b7637e7	UKB_PPP_EUR_MST1_P26927_OID30713_v1	rs6774202	3	49650346	False	5305b97e0654f02597ee5a82fe300193	GCST90501151	rs62260715	3	49791893	0.6858327141993233	0.31416728580067665	0.0004185224874856323	COLOC_PIP_ECAVIAR	1	Free Cholesterol to Total Lipids in Large LDL percentage	other
block464	MST1	ENSG00000173531	c3aa07d38ce2f709985b31e31b7637e7	UKB_PPP_EUR_MST1_P26927_OID30713_v1	rs6774202	3	49650346	False	936e892120741c2a68aa9501defc2a7c	GCST90499349	rs2276864	3	49856597	0.6863250337766011	0.3136749662233989	0.00041780386459281223	COLOC_PIP_ECAVIAR	1	Cholesterol to Total Lipids in Small HDL percentage	other
block464	MST1	ENSG00000173531	c3aa07d38ce2f709985b31e31b7637e7	UKB_PPP_EUR_MST1_P26927_OID30713_v1	rs6774202	3	49650346	False	3b7bef8cd2d8a18773499f0d7bad9bb8	GCST90501235	rs2276864	3	49856597	0.6866107614183152	0.31338923858168477	0.0004173660088512189	COLOC_PIP_ECAVIAR	1	Cholesterol to Total Lipids in Small HDL percentage	other
block464	MST1	ENSG00000173531	c3aa07d38ce2f709985b31e31b7637e7	UKB_PPP_EUR_MST1_P26927_OID30713_v1	rs6774202	3	49650346	False	2540abfee5649ecea754f9f8027a1d77	GCST90500275	rs2276864	3	49856597	0.6867809919370573	0.31321900806294267	0.0004171047990233935	COLOC_PIP_ECAVIAR	1	Average diameter for VLDL particles	other
block464	MST1	ENSG00000173531	c3aa07d38ce2f709985b31e31b7637e7	UKB_PPP_EUR_MST1_P26927_OID30713_v1	rs6774202	3	49650346	False	b8abb152b5fd9ea7b2c8953e4ba5bab9	GCST90501292	rs2276864	3	49856597	0.6875459799442617	0.31245402005573836	0.00041334732815793333	COLOC_PIP_ECAVIAR	1	Average diameter for VLDL particles	other
block464	MST1	ENSG00000173531	c3aa07d38ce2f709985b31e31b7637e7	UKB_PPP_EUR_MST1_P26927_OID30713_v1	rs6774202	3	49650346	False	f77cf59bd861f12d513c3c3e369000de	GCST90497882	rs2276864	3	49856597	0.6878167803210674	0.3121832196789327	0.00041551002781283294	COLOC_PIP_ECAVIAR	1	Triglycerides to Total Lipids in Large HDL percentage	other
block464	MST1	ENSG00000173531	c3aa07d38ce2f709985b31e31b7637e7	UKB_PPP_EUR_MST1_P26927_OID30713_v1	rs6774202	3	49650346	False	cf33b6cd2dce923349a155acf94913f0	GCST90499059	rs13316065	3	49847480	0.6882817841819272	0.3117182158180728	0.0004126862131684297	COLOC_PIP_ECAVIAR	1	Triglycerides to Total Lipids in Medium VLDL percentage	other
block464	MST1	ENSG00000173531	c3aa07d38ce2f709985b31e31b7637e7	UKB_PPP_EUR_MST1_P26927_OID30713_v1	rs6774202	3	49650346	False	12c2d930c74bad3513485202eba092b9	GCST007614	rs2352975	3	49854452	0.688826766071668	0.31117323392833185	0.00041107233739262313	COLOC_PIP_ECAVIAR	1	C-reactive protein levels	other
block464	MST1	ENSG00000173531	c3aa07d38ce2f709985b31e31b7637e7	UKB_PPP_EUR_MST1_P26927_OID30713_v1	rs6774202	3	49650346	False	b97898959df3dc2992559d18b62398ba	GCST007094	rs3749237	3	49732599	0.6890449395186332	0.31095506048136673	0.000414464965301559	COLOC_PIP_ECAVIAR	1	Diastolic blood pressure	other
block464	MST1	ENSG00000173531	c3aa07d38ce2f709985b31e31b7637e7	UKB_PPP_EUR_MST1_P26927_OID30713_v1	rs6774202	3	49650346	False	7c2eb4d83bdc16f1e74840f93d56e03d	GCST90500489	rs2291542	3	49714152	0.6896477220908246	0.3103522779091754	0.0004101742758262571	COLOC_PIP_ECAVIAR	1	Triglycerides to Total Lipids in Very Large HDL percentage	other
block464	MST1	ENSG00000173531	c3aa07d38ce2f709985b31e31b7637e7	UKB_PPP_EUR_MST1_P26927_OID30713_v1	rs6774202	3	49650346	False	8ce01f008a01301ff608f607a229e805	GCST90500431	rs71324996	3	49797334	0.6908782797518869	0.3091217202481132	0.00040762080493166985	COLOC_PIP_ECAVIAR	1	Concentration of very large HDL particles	other
block464	MST1	ENSG00000173531	c3aa07d38ce2f709985b31e31b7637e7	UKB_PPP_EUR_MST1_P26927_OID30713_v1	rs6774202	3	49650346	False	a9008be9495e53f748acf53fb4c7b799	GCST90498670	rs2291542	3	49714152	0.6927539187925498	0.3072460812074501	0.00040518509815552534	COLOC_PIP_ECAVIAR	1	Triglycerides to Total Lipids in Medium HDL percentage	other
block464	MST1	ENSG00000173531	c3aa07d38ce2f709985b31e31b7637e7	UKB_PPP_EUR_MST1_P26927_OID30713_v1	rs6774202	3	49650346	False	402fcbacebf14111a0cf953a8525e084	GCST90498908	rs13316065	3	49847480	0.693858184202237	0.30614181579776306	0.0004039762653594393	COLOC_PIP_ECAVIAR	1	Cholesterol to Total Lipids in Medium VLDL percentage	other
block464	MST1	ENSG00000173531	c3aa07d38ce2f709985b31e31b7637e7	UKB_PPP_EUR_MST1_P26927_OID30713_v1	rs6774202	3	49650346	False	50e078cc96cacf6c7dd0550b2ed02714	GCST90498936	rs13316065	3	49847480	0.6958774887079174	0.30412251129208245	0.00039760989812731573	COLOC_PIP_ECAVIAR	1	Cholesteryl Esters to Total Lipids in Medium VLDL percentage	other
block464	MST1	ENSG00000173531	c3aa07d38ce2f709985b31e31b7637e7	UKB_PPP_EUR_MST1_P26927_OID30713_v1	rs6774202	3	49650346	False	1f555c9958c4dd878fa370e66b583586	GCST90498772	rs2276864	3	49856597	0.6971085992778102	0.3028914007221898	0.0003951601667582996	COLOC_PIP_ECAVIAR	1	Free Cholesterol to Total Lipids in Medium LDL percentage	other
block464	MST1	ENSG00000173531	c3aa07d38ce2f709985b31e31b7637e7	UKB_PPP_EUR_MST1_P26927_OID30713_v1	rs6774202	3	49650346	False	4b5854acc7cb026ac151460372463692	GCST90500333	rs71324996	3	49797334	0.6973684851254525	0.30263151487454765	0.00039694838657236315	COLOC_PIP_ECAVIAR	1	Cholesterol in very large HDL	other
block464	MST1	ENSG00000173531	c3aa07d38ce2f709985b31e31b7637e7	UKB_PPP_EUR_MST1_P26927_OID30713_v1	rs6774202	3	49650346	False	af2e710070695b21b045bd5edb4881cf	GCST90501199	rs2276864	3	49856597	0.6975755143516327	0.3024244856483673	0.0003944252047731174	COLOC_PIP_ECAVIAR	1	Free Cholesterol to Total Lipids in Medium LDL percentage	other
block464	MST1	ENSG00000173531	c3aa07d38ce2f709985b31e31b7637e7	UKB_PPP_EUR_MST1_P26927_OID30713_v1	rs6774202	3	49650346	False	6a40e3f10a90fda096bd86ca874e6ff6	GCST90239661	rs71324996	3	49797334	0.699573067734342	0.3004269322656579	0.00039330698706955343	COLOC_PIP_ECAVIAR	1	Triglyceride levels	other
block464	MST1	ENSG00000173531	c3aa07d38ce2f709985b31e31b7637e7	UKB_PPP_EUR_MST1_P26927_OID30713_v1	rs6774202	3	49650346	False	c778802bcb4219a313e76bfac83765a8	GCST90473522	rs61244502	3	49785275	0.6995961630654849	0.30040383693451506	0.00039353913297534096	COLOC_PIP_ECAVIAR	1	ICD10 I10: Essential (primary) hypertension	other
block464	MST1	ENSG00000173531	c3aa07d38ce2f709985b31e31b7637e7	UKB_PPP_EUR_MST1_P26927_OID30713_v1	rs6774202	3	49650346	False	ded9733198abdcbce404a3e2bd2a0eb6	GCST90498533	rs2291542	3	49714152	0.7007657852422701	0.29923421475773004	0.00038870723952257296	COLOC_PIP_ECAVIAR	1	Cholesteryl Esters to Total Lipids in Medium HDL percentage	other
block464	MST1	ENSG00000173531	c3aa07d38ce2f709985b31e31b7637e7	UKB_PPP_EUR_MST1_P26927_OID30713_v1	rs6774202	3	49650346	False	dc18466eabd7cc99062139215667e7e7	GCST90499351	rs4768	3	49721331	0.7017687137629841	0.29823128623701584	0.00038678984142643207	COLOC_PIP_ECAVIAR	1	Cholesterol to Total Lipids in Small HDL percentage (PGS-adjusted)	other
block464	MST1	ENSG00000173531	c3aa07d38ce2f709985b31e31b7637e7	UKB_PPP_EUR_MST1_P26927_OID30713_v1	rs6774202	3	49650346	False	56f629bc2d998e8a86d0dc027da4c83d	GCST90497977	rs13316065	3	49847480	0.7019683720081265	0.2980316279918735	0.0003879561019830784	COLOC_PIP_ECAVIAR	1	Free Cholesterol to Total Lipids in Large LDL percentage	other
block464	MST1	ENSG00000173531	c3aa07d38ce2f709985b31e31b7637e7	UKB_PPP_EUR_MST1_P26927_OID30713_v1	rs6774202	3	49650346	False	6bc0c582ecad4a847bc4e943bb840948	GCST90473520	rs61244502	3	49785275	0.7021990167481962	0.2978009832518037	0.000389027243337226	COLOC_PIP_ECAVIAR	1	ICD10 I10-I15: Hypertensive diseases	other
block464	MST1	ENSG00000173531	b3772139f3934768445ce3c0cee2745c	UKB_PPP_EUR_MST1_P26927_OID30713_v1	rs11130213	3	49674864	False	3df985b8a6a0640278dc9f7510278017	GCST90310150	rs7623659	3	49377358	0.702367123028253	0.297632876971747	0.000391906758620351	COLOC_PIP_ECAVIAR	1	Body mass index (UKB data field 21001)	other
block464	MST1	ENSG00000173531	c3aa07d38ce2f709985b31e31b7637e7	UKB_PPP_EUR_MST1_P26927_OID30713_v1	rs6774202	3	49650346	False	51547c99b78ae4246f2fdf79ee20fbad	GCST90500352	rs2291542	3	49714152	0.7036072215875561	0.29639277841244405	0.00038411220313785494	COLOC_PIP_ECAVIAR	1	Cholesteryl Esters to Total Lipids in Very Large HDL percentage (PGS-adjusted)	other
block464	MST1	ENSG00000173531	c3aa07d38ce2f709985b31e31b7637e7	UKB_PPP_EUR_MST1_P26927_OID30713_v1	rs6774202	3	49650346	False	a6bc78aeaac814f99c480b16af04e4b8	GCST90309902	rs6804655	3	49701512	0.7045661564443011	0.29543384355569896	0.0003825113216943165	COLOC_PIP_ECAVIAR	1	Sex hormone binding globulin levels (UKB data field 30830)	other
block464	MST1	ENSG00000173531	c3aa07d38ce2f709985b31e31b7637e7	UKB_PPP_EUR_MST1_P26927_OID30713_v1	rs6774202	3	49650346	False	2d88e037c38fd7083d314d37d153e4b3	GCST90497887	rs2291542	3	49714152	0.7050368384275609	0.29496316157243907	0.0003817967941265531	COLOC_PIP_ECAVIAR	1	Triglycerides to Total Lipids in Large HDL percentage	other
block464	MST1	ENSG00000173531	c3aa07d38ce2f709985b31e31b7637e7	UKB_PPP_EUR_MST1_P26927_OID30713_v1	rs6774202	3	49650346	False	d34e0e3317c3c63df21d46ed12b16dea	GCST90498492	rs2276864	3	49856597	0.7059994096550906	0.2940005903449094	0.0003810485383648709	COLOC_PIP_ECAVIAR	1	Cholesterol to Total Lipids in Medium HDL percentage	other
block464	MST1	ENSG00000173531	c3aa07d38ce2f709985b31e31b7637e7	UKB_PPP_EUR_MST1_P26927_OID30713_v1	rs6774202	3	49650346	False	cf2ebc00f7851b4fc5c5693bb57b71ab	GCST90500373	rs71324996	3	49797334	0.7066865342235873	0.2933134657764126	0.0003781392974205386	COLOC_PIP_ECAVIAR	1	Cholesteryl Esters in very large HDL	other
block464	MST1	ENSG00000173531	c3aa07d38ce2f709985b31e31b7637e7	UKB_PPP_EUR_MST1_P26927_OID30713_v1	rs6774202	3	49650346	False	0890de1d12d3185a453c29983f661b22	GCST90309909	rs13316065	3	49847480	0.7085003134591288	0.29149968654087133	0.0003774930969726636	COLOC_PIP_ECAVIAR	1	Heel quantitative ultrasound index direct entry (UKB data field 3147)	other
block464	MST1	ENSG00000173531	c3aa07d38ce2f709985b31e31b7637e7	UKB_PPP_EUR_MST1_P26927_OID30713_v1	rs6774202	3	49650346	False	cb873d076b658637cef7bd99e20b755e	GCST90309930	rs13316065	3	49847480	0.7085066100859458	0.2914933899140541	0.00037748297379138217	COLOC_PIP_ECAVIAR	1	Heel bone mineral density T score automated (UKB data field 78)	other
block464	MST1	ENSG00000173531	b3772139f3934768445ce3c0cee2745c	UKB_PPP_EUR_MST1_P26927_OID30713_v1	rs11130213	3	49674864	False	d1d918d25e88c975668b1905363c7820	GCST006571	rs1873625	3	49629531	0.7089151709988565	0.2910848290011435	0.00037940698655655454	COLOC_PIP_ECAVIAR	1	Educational attainment (MTAG)	other
block464	MST1	ENSG00000173531	c3aa07d38ce2f709985b31e31b7637e7	UKB_PPP_EUR_MST1_P26927_OID30713_v1	rs6774202	3	49650346	False	d564ff2b9d4608f5a1082254a69a7492	GCST90497853	rs71324996	3	49797334	0.7096242705004464	0.2903757294995536	0.00037334650052004223	COLOC_PIP_ECAVIAR	1	Phospholipids to Total Lipids in Large HDL percentage	other
block464	MST1	ENSG00000173531	c3aa07d38ce2f709985b31e31b7637e7	UKB_PPP_EUR_MST1_P26927_OID30713_v1	rs6774202	3	49650346	False	c37a252661148dd7d717d4963d56ddb4	GCST90310195	rs71324996	3	49797334	0.7115439497044947	0.2884560502955052	0.0003702169716661272	COLOC_PIP_ECAVIAR	1	Red blood cell erythrocyte count (UKB data field 30010)	other
block464	MST1	ENSG00000173531	c3aa07d38ce2f709985b31e31b7637e7	UKB_PPP_EUR_MST1_P26927_OID30713_v1	rs6774202	3	49650346	False	9641cbf32929f2f9f6fb78d3906c71ea	GCST90309910	rs13316065	3	49847480	0.7120253898757415	0.28797461012425857	0.00036864943775287494	COLOC_PIP_ECAVIAR	1	Heel bone mineral density (UKB data field 3148)	other
block464	MST1	ENSG00000173531	c3aa07d38ce2f709985b31e31b7637e7	UKB_PPP_EUR_MST1_P26927_OID30713_v1	rs6774202	3	49650346	False	e604c26a9a6b998139a2b1f3d181a079	GCST90500487	rs2276864	3	49856597	0.7150368638759641	0.284963136124036	0.0003633485061600657	COLOC_PIP_ECAVIAR	1	Triglycerides to Total Lipids in Very Large HDL percentage	other
block464	MST1	ENSG00000173531	c3aa07d38ce2f709985b31e31b7637e7	UKB_PPP_EUR_MST1_P26927_OID30713_v1	rs6774202	3	49650346	False	f16def7d2c70c4b2e8b337deb5ac73f9	GCST90501305	rs2276864	3	49856597	0.7160062860815929	0.2839937139184071	0.0003618104090153732	COLOC_PIP_ECAVIAR	1	Triglycerides to Total Lipids in Very Large HDL percentage	other
block464	MST1	ENSG00000173531	c3aa07d38ce2f709985b31e31b7637e7	UKB_PPP_EUR_MST1_P26927_OID30713_v1	rs6774202	3	49650346	False	1862edd92b33a580af950cac45db0b3d	GCST90497784	rs13316065	3	49847480	0.7188044648300372	0.2811955351699627	0.00035786248965474527	COLOC_PIP_ECAVIAR	1	Free Cholesterol to Total Lipids in Large HDL percentage	other
block464	MST1	ENSG00000173531	c3aa07d38ce2f709985b31e31b7637e7	UKB_PPP_EUR_MST1_P26927_OID30713_v1	rs6774202	3	49650346	False	57114c35621f685a141e05eb069527ae	GCST90498563	rs2276864	3	49856597	0.719784959862412	0.28021504013758797	0.0003558149359590457	COLOC_PIP_ECAVIAR	1	Free Cholesterol to Total Lipids in Medium HDL percentage	other
block464	MST1	ENSG00000173531	c3aa07d38ce2f709985b31e31b7637e7	UKB_PPP_EUR_MST1_P26927_OID30713_v1	rs6774202	3	49650346	False	6979509e04380a581a73c023c5f15b55	GCST90497320	rs2276864	3	49856597	0.720149598839968	0.279850401160032	0.0003552365052276884	COLOC_PIP_ECAVIAR	1	Glycoprotein acetyls levels	other
block464	MST1	ENSG00000173531	c3aa07d38ce2f709985b31e31b7637e7	UKB_PPP_EUR_MST1_P26927_OID30713_v1	rs6774202	3	49650346	False	dd42a3ad7145fdf997defd5430b13d88	GCST90498537	rs2276864	3	49856597	0.720764582339351	0.279235417660649	0.00035426105154261856	COLOC_PIP_ECAVIAR	1	Cholesteryl Esters to Total Lipids in Medium HDL percentage	other
block464	MST1	ENSG00000173531	b3772139f3934768445ce3c0cee2745c	UKB_PPP_EUR_MST1_P26927_OID30713_v1	rs11130213	3	49674864	False	48ef0c30b2f940d691678bc72e39578f	FINNGEN_R12_RX_ANTIHYP	rs35357848	3	49850202	0.753598287021707	0.2464017129782931	0.0003020770630467861	COLOC_PIP_ECAVIAR	3	Antihypertensive medication - note that there are other indications	other
block464	MST1	ENSG00000173531	c3aa07d38ce2f709985b31e31b7637e7	UKB_PPP_EUR_MST1_P26927_OID30713_v1	rs6774202	3	49650346	False	555be480fc8cd239eb8484a95fe85afa	GCST90474511	rs1553696788	3	49772224	0.7547091747727319	0.2452908252272681	0.00029566297652855217	COLOC_PIP_ECAVIAR	6	Mean platelet (thrombocyte) volume (UKB data field 30100)	other
block464	MST1	ENSG00000173531	c3aa07d38ce2f709985b31e31b7637e7	UKB_PPP_EUR_MST1_P26927_OID30713_v1	rs6774202	3	49650346	False	99bf2ebdca520394010ffb3e860d5b35	GCST90662908	rs12490656	3	49761087	0.8007783116070585	0.19922168839294152	0.00022684522805015186	COLOC_PIP_ECAVIAR	1	Systolic blood pressure	other
block464	MST1	ENSG00000173531	c3aa07d38ce2f709985b31e31b7637e7	UKB_PPP_EUR_MST1_P26927_OID30713_v1	rs6774202	3	49650346	False	cc0ebda774e2aeac2a9fced123e18954	GCST90565844	rs11130207	3	49574233	0.80186573768528	0.19813426231471995	0.00022504029414408753	COLOC_PIP_ECAVIAR	2	Forced expiratory volume (baseline)	other
block464	MST1	ENSG00000173531	4d449daa04671711484d846762c348fe	UKB_PPP_EUR_MST1_P26927_OID30713_v1	rs9858428	3	49840152	False	fa7b0a0625f352fc348de2f644dff090	GCST90479599	rs71324924	3	48828011	0.8074696960507309	0.1925303039492691	0.00021701222864400704	COLOC_PIP_ECAVIAR	1	estimated glomerular filtration rate (eGFR, mean, inv-norm transformed)	other
block464	MST1	ENSG00000173531	5b58a23c6877fa57758a85d15fc24af3	UKB_PPP_EUR_MST1_P26927_OID30713_v1	rs147753161	3	50469904	False	48ef0c30b2f940d691678bc72e39578f	FINNGEN_R12_RX_ANTIHYP	rs35357848	3	49850202	0.8075957071312329	0.19240429286876712	0.00022627896819471193	COLOC_PIP_ECAVIAR	1	Antihypertensive medication - note that there are other indications	other
block464	MST1	ENSG00000173531	4d449daa04671711484d846762c348fe	UKB_PPP_EUR_MST1_P26927_OID30713_v1	rs9858428	3	49840152	False	dfc91e1dbd5fd30dc9892ea5b69be9c9	GCST90479598	rs71324924	3	48828011	0.8188939987078196	0.18110600129218032	0.00020128221907908254	COLOC_PIP_ECAVIAR	1	estimated glomerular filtration rate (eGFR, maximum, inv-norm transformed)	other
block464	MST1	ENSG00000173531	c3aa07d38ce2f709985b31e31b7637e7	UKB_PPP_EUR_MST1_P26927_OID30713_v1	rs6774202	3	49650346	False	518ec2f651db275138d72499c18254e0	GCST90691922	rs62260755	3	49860885	0.8408553023886057	0.15914469761139438	0.00017211619535458493	COLOC_PIP_ECAVIAR	5	Smoking status, ever vs never	other
block464	MST1	ENSG00000173531	c3aa07d38ce2f709985b31e31b7637e7	UKB_PPP_EUR_MST1_P26927_OID30713_v1	rs6774202	3	49650346	False	6d626ff0d3acd3203b28fa8153724770	GCST90029014	rs62260755	3	49860885	0.8436857734502449	0.15631422654975508	0.00016850644255199672	COLOC_PIP_ECAVIAR	5	Smoking status	other
block464	MST1	ENSG00000173531	c3aa07d38ce2f709985b31e31b7637e7	UKB_PPP_EUR_MST1_P26927_OID30713_v1	rs6774202	3	49650346	False	0cd456cf3160cb86c88a10262762e8c8	GCST007085	rs62260755	3	49860885	0.8516760101973598	0.1483239898026401	0.0001584437879258863	COLOC_PIP_ECAVIAR	5	Smoking status	other
block464	MST1	ENSG00000173531	ff32640a3453648b176d90342008ffd6	UKB_PPP_EUR_MST1_P26927_OID30713_v1	rs115954573	3	47234146	False	48ef0c30b2f940d691678bc72e39578f	FINNGEN_R12_RX_ANTIHYP	rs35357848	3	49850202	0.8679851896071414	0.1320148103928586	0.00014444365810544697	COLOC_PIP_ECAVIAR	1	Antihypertensive medication - note that there are other indications	other
block464	MST1	ENSG00000173531	c3aa07d38ce2f709985b31e31b7637e7	UKB_PPP_EUR_MST1_P26927_OID30713_v1	rs6774202	3	49650346	False	7047f23b12ce85fac45b82cf46d5757c	GCST90692417	rs73077175	3	49737225	0.8730118013641939	0.12698819863580613	0.0001323663223232517	COLOC_PIP_ECAVIAR	1	Type 2 diabetes (PheCode 250.2)	other
block464	MST1	ENSG00000173531	c3aa07d38ce2f709985b31e31b7637e7	UKB_PPP_EUR_MST1_P26927_OID30713_v1	rs6774202	3	49650346	False	5dde2580c9f4678173e3de5229e93166	GCST90692403	rs73077175	3	49737225	0.87480309256586	0.12519690743414014	0.00013016690779912488	COLOC_PIP_ECAVIAR	1	ICD10 E11: Non-insulin-dependent diabetes mellitus	other
block464	MST1	ENSG00000173531	c3aa07d38ce2f709985b31e31b7637e7	UKB_PPP_EUR_MST1_P26927_OID30713_v1	rs6774202	3	49650346	False	48ef0c30b2f940d691678bc72e39578f	FINNGEN_R12_RX_ANTIHYP	rs35357848	3	49850202	0.8765325099587411	0.12346749004125893	0.00012808868020177736	COLOC_PIP_ECAVIAR	21	Antihypertensive medication - note that there are other indications	other
block464	MST1	ENSG00000173531	eae73c519e0439c0e3198fb3da54e151	UKB_PPP_EUR_MST1_P26927_OID30713_v1	rs78284520	3	47201659	False	1f0d204da01363a62fbc87f8c3c7cdcc	FINNGEN_R12_KELA_DIAB_INSUL_EXMORE	rs35053471	3	47083271	0.8957389712188178	0.10426102878118208	0.000110571018872371	COLOC_PIP_ECAVIAR	1	Diabetes, insulin treatment (Kela reimbursement) (more control exclusions)	other
block464	MST1	ENSG00000173531	c3aa07d38ce2f709985b31e31b7637e7	UKB_PPP_EUR_MST1_P26927_OID30713_v1	rs6774202	3	49650346	False	cd00074d414cb4756cbf84d8b7878240	GCST90692740	rs62260755	3	49860885	0.9202801449766137	0.07971985502338638	7.879428627961197e-05	COLOC_PIP_ECAVIAR	2	Smoking status, ever vs never	other
block464	MST1	ENSG00000173531	abe5e9d9f4dd40bb85b76b5b799be041	UKB_PPP_EUR_MST1_P26927_OID30713_v1	rs5030977	3	50379070	False	48ef0c30b2f940d691678bc72e39578f	FINNGEN_R12_RX_ANTIHYP	rs35357848	3	49850202	0.928584616684739	0.07141538331526091	7.30573269480482e-05	COLOC_PIP_ECAVIAR	1	Antihypertensive medication - note that there are other indications	other
block464	MST1	ENSG00000173531	4b8de244ef30c1311f051b6aee470591	UKB_PPP_EUR_MST1_P26927_OID30713_v1	rs73082910	3	50331524	False	fd51842c079542c844a70a42f501279e	FINNGEN_R12_M13_ARTHTROSIS_COX_PRIM_HIPSURG	rs112014511	3	49053186	0.9460638795920896	0.053936120407910376	5.41578613194657e-05	COLOC_PIP_ECAVIAR	1	Coxarthrosis, primary, with hip surgery	other
